ID,Handle,Command,Body HTML,Tags,Tags Command,Metafield: custom.size_fit_information [string],Metafield: custom.product_collections [string]
4444925460526,short-sleeve-baby-tee-black,MERGE,"
<p>Cut from a lightweight cotton and modal blend, our short sleeve baby tee features a shrunken slim fit and a thin-lined crewneck. This t-shirt is a perfect everyday essential. </p>
<p>Style with your favorite pair of jeans, leather pants, layered under an oversized blazer, or paired with Éterne's lounge pants as a set. </p>",T-shirts,REPLACE,"<ul><li>Fits true to size, take your normal size</li><li>Designed for a slim fit&nbsp;</li><li>50% Cotton 50% Modal&nbsp;</li><li>Model is 177 cm/5&#39;10&quot; and is wearing a size S</li><li>Machine wash cold. Non-chlorine bleach. Tumble dry low. Cool iron. Do not dry clean.&nbsp;</li></ul>","<ul><li>Fits true to size, take your normal size</li><li>Designed for a slim fit&nbsp;</li><li>50% Cotton 50% Modal&nbsp;</li><li>Model is 177 cm/5&#39;10&quot; and is wearing a size S</li><li>Machine wash cold. Non-chlorine bleach. Tumble dry low. Cool iron. Do not dry clean.&nbsp;</li></ul>"
4450630434862,long-sleeve-thermal-black,MERGE,,T-shirts,REPLACE,"<ul><li>Fits true to size, take your normal size</li><li>Designed for a slightly slim fit</li><li>48% Cotton 48% modal 4% spandex</li><li>Machine wash cold. Non-chlorine bleach. Tumble dry low. Cool iron. Do not dry clean.&nbsp;</li></ul>","<ul><li>Fits true to size, take your normal size</li><li>Designed for a slightly slim fit</li><li>48% Cotton 48% modal 4% spandex</li><li>Machine wash cold. Non-chlorine bleach. Tumble dry low. Cool iron. Do not dry clean.&nbsp;</li></ul>"
4450630533166,cropped-long-sleeve-thermal-black,MERGE,"
<p>Cut from a lightweight cotton and modal blend, our cropped long sleeve thermal features a slightly slim fit, classic crewneck, and Éterne's signature extra long sleeves. </p>
<p>Style with your favorite pair of jeans, leather pants, layered under an oversized blazer, or paired with Éterne's <a href=""https://eterne.com/products/thermal-lounge-pant-black"">thermal lounge pant</a> as a set. </p>",T-shirts,REPLACE,"<ul><li>Fits true to size, take your normal size</li><li>Designed for a slightly slim fit&nbsp;</li><li>48% Cotton 48% Modal 4% Spandex</li><li>Model is 177 cm/5&#39;10&quot; and is wearing a size S</li><li>Machine wash cold. Non-chlorine bleach. Tumble dry low. Cool iron. Do not dry clean.&nbsp;</li></ul>","<ul><li>Fits true to size, take your normal size</li><li>Designed for a slightly slim fit&nbsp;</li><li>48% Cotton 48% Modal 4% Spandex</li><li>Model is 177 cm/5&#39;10&quot; and is wearing a size S</li><li>Machine wash cold. Non-chlorine bleach. Tumble dry low. Cool iron. Do not dry clean.&nbsp;</li></ul>"
4450630565934,short-sleeve-boyfriend-tee,MERGE,"
<p>Cut from a lightweight cotton and modal blend, our short sleeve boyfriend tee features a relaxed loose fit with an unfinished raw edge neckline detail. This t-shirt is the perfect everyday essential. </p>
<p>Style with your favorite pair of jeans, leather pants, layered under an oversized blazer, or paired with Éterne's lounge pants as a set. </p>",T-shirts,REPLACE,"<ul><li>Fits true to size, take your normal size</li><li>Designed for a loose fit</li><li>50% Cotton 50% Modal&nbsp;</li><li>Model is 177 cm/5&#39;10&quot; and is wearing a size S</li><li>Machine wash cold. Non-chlorine bleach. Tumble dry low. Cool iron. Do not dry clean.&nbsp;</li></ul>","<ul><li>Fits true to size, take your normal size</li><li>Designed for a loose fit</li><li>50% Cotton 50% Modal&nbsp;</li><li>Model is 177 cm/5&#39;10&quot; and is wearing a size S</li><li>Machine wash cold. Non-chlorine bleach. Tumble dry low. Cool iron. Do not dry clean.&nbsp;</li></ul>"
4450630631470,long-sleeve-boyfriend-tee-black,MERGE,"
<p>Cut from lightweight cotton and modal blend, our long sleeve boyfriend tee features a relaxed loose fit, unfinished raw edge neckline detail along with Éterne's signature extra long sleeves. </p>
<p>Style with your favorite pair of jeans, leather pants, layered under an oversized blazer, or paired with Éterne's lounge pant as a set. </p>",T-shirts,REPLACE,"<ul><li>Fits true to size, take your normal size</li><li>Designed for a loose fit</li><li>50% Cotton / 50% Modal&nbsp;</li><li>Model is 177 cm/5&#39;10&quot; and is wearing a size S</li><li>Machine wash cold. Non-chlorine bleach. Tumble dry low. Cool iron. Do not dry clean.&nbsp;</li></ul>","<ul><li>Fits true to size, take your normal size</li><li>Designed for a loose fit</li><li>50% Cotton / 50% Modal&nbsp;</li><li>Model is 177 cm/5&#39;10&quot; and is wearing a size S</li><li>Machine wash cold. Non-chlorine bleach. Tumble dry low. Cool iron. Do not dry clean.&nbsp;</li></ul>"
4450630795310,rib-tank-ivory,MERGE,"
<p>Cut from a lightweight cotton 100% rib fabric, our ribbed tank features a slim fit with its flattering thin tank straps and vintage-inspired neckline. </p>
<p>Style with your favorite pair of jeans, leather pants, layered under an oversized blazer or under a pantsuit. </p>",Tanks,REPLACE,"<ul><li>Fits true to size, take your normal size</li><li>Designed for a slim fit</li><li>100% cotton</li><li>Model is 177 cm/5&#39;10&quot; and is wearing a size S</li><li>Machine wash cold. Non-chlorine bleach. Tumble dry low. Cool iron. Do not dry clean.&nbsp;</li></ul>","<ul><li>Fits true to size, take your normal size</li><li>Designed for a slim fit</li><li>100% cotton</li><li>Model is 177 cm/5&#39;10&quot; and is wearing a size S</li><li>Machine wash cold. Non-chlorine bleach. Tumble dry low. Cool iron. Do not dry clean.&nbsp;</li></ul>"
4450630893614,cropped-rib-tank-black,MERGE,"
<p>Cut from a lightweight 100% cotton rib fabric, our cropped ribbed tank features a slim fit with its flattering thin tank straps and vintage-inspired neckline. </p>
<p>Style with your favorite pair of jeans, leather pants, layered under an oversized blazer or under a pantsuit. </p>",Tanks,REPLACE,"<ul><li>Fits true to size, take your normal size</li><li>Designed for a slim fit&nbsp;</li><li>100% cotton</li><li>Model is 177 cm/5&#39;10&quot; and is wearing a size S</li><li>Machine wash cold. Non-chlorine bleach. Tumble dry low. Cool dry. Do not dry clean.&nbsp;</li></ul>","<ul><li>Fits true to size, take your normal size</li><li>Designed for a slim fit&nbsp;</li><li>100% cotton</li><li>Model is 177 cm/5&#39;10&quot; and is wearing a size S</li><li>Machine wash cold. Non-chlorine bleach. Tumble dry low. Cool dry. Do not dry clean.&nbsp;</li></ul>"
4450631057454,boyfriend-tank-black,MERGE,"
<p>Cut from a lightweight cotton and modal blend, our boyfriend tank features a relaxed loose muscle-tank fit. Inspired by vintage men's tanks, this t-shirt is the perfect everyday essential. </p>
<p>Style with your favorite pair of jeans, leather pants, layered under an oversized blazer, or paired with Éterne's lounge pants as a set. </p>",Tanks,REPLACE,"<ul><li>Fits true to size, take your normal size</li><li>Designed for a slightly loose fit</li><li>50% Cotton 50% Modal&nbsp;</li><li>Model is 177 cm/5&#39;10&quot; and is wearing a size S</li><li>Machine wash cold. Non-chlorine bleach. Tumble dry low. Cool iron. Do not dry clean.&nbsp;</li></ul>","<ul><li>Fits true to size, take your normal size</li><li>Designed for a slightly loose fit</li><li>50% Cotton 50% Modal&nbsp;</li><li>Model is 177 cm/5&#39;10&quot; and is wearing a size S</li><li>Machine wash cold. Non-chlorine bleach. Tumble dry low. Cool iron. Do not dry clean.&nbsp;</li></ul>"
4450631122990,cropped-boyfriend-tank-ivory,MERGE,"
<p>Cut from a lightweight cotton and modal blend, our cropped boyfriend tank features a relaxed loose muscle tank fit. Inspired by vintage men's tanks, this t-shirt is the perfect everyday essential. </p>
<p>Style with your favorite high-rise jeans, leather pants, layered under an oversized blazer, or paired with Éterne's lounge pants as a set. </p>",Tanks,REPLACE,"<ul><li>Fits true to size, take your normal size</li><li>Designed for a slightly loose fit</li><li>50% Cotton 50% Modal&nbsp;</li><li>Model is 177 cm/5&#39;10&quot; and is wearing a size S</li><li>Machine wash cold. Non-chlorine bleach. Tumble dry low. Cool iron. Do not dry clean.&nbsp;</li></ul><p><strong>Final Sale</strong></p>","<ul><li>Fits true to size, take your normal size</li><li>Designed for a slightly loose fit</li><li>50% Cotton 50% Modal&nbsp;</li><li>Model is 177 cm/5&#39;10&quot; and is wearing a size S</li><li>Machine wash cold. Non-chlorine bleach. Tumble dry low. Cool iron. Do not dry clean.&nbsp;</li></ul><p><strong>Final Sale</strong></p>"
4461831028782,boyfriend-tank-ivory,MERGE,"
<p>Cut from a lightweight cotton and modal blend, our boyfriend tank features a relaxed loose muscle-tank fit. Inspired by vintage men's tanks, this t-shirt is the perfect everyday essential. </p>
<p>Style with your favorite pair of jeans, leather pants, layered under an oversized blazer, or paired with Éterne's lounge pants as a set. </p>",Tanks,REPLACE,"<ul><li>Fits true to size, take your normal size</li><li>Designed for a slightly loose fit</li><li>50% Cotton 50% Modal&nbsp;</li><li>Model is 177 cm/5&#39;10&quot; and is wearing a size S</li><li>Machine wash cold. Non-chlorine bleach. Tumble dry low. Cool iron. Do not dry clean.&nbsp;</li></ul>","<ul><li>Fits true to size, take your normal size</li><li>Designed for a slightly loose fit</li><li>50% Cotton 50% Modal&nbsp;</li><li>Model is 177 cm/5&#39;10&quot; and is wearing a size S</li><li>Machine wash cold. Non-chlorine bleach. Tumble dry low. Cool iron. Do not dry clean.&nbsp;</li></ul>"
4461832306734,cropped-boyfriend-tank-black,MERGE,"
<p>Cut from a lightweight cotton and modal blend, our cropped boyfriend tank features a relaxed loose muscle tank fit. Inspired by vintage men's tanks, this t-shirt is the perfect everyday essential. </p>
<p>Style with your favorite high-rise jeans, leather pants, layered under an oversized blazer, or paired with Éterne's lounge pants as a set. </p>",Tanks,REPLACE,"<ul><li>Fits true to size, take your normal size</li><li>Designed for a slightly loose fit</li><li>50% Cotton 50% Modal&nbsp;</li><li>Model is 177 cm/5&#39;10&quot; and is wearing a size S</li><li>Machine wash cold. Non-chlorine bleach. Tumble dry low. Cool iron. Do not dry clean.&nbsp;</li></ul><p><strong>Final Sale</strong></p>","<ul><li>Fits true to size, take your normal size</li><li>Designed for a slightly loose fit</li><li>50% Cotton 50% Modal&nbsp;</li><li>Model is 177 cm/5&#39;10&quot; and is wearing a size S</li><li>Machine wash cold. Non-chlorine bleach. Tumble dry low. Cool iron. Do not dry clean.&nbsp;</li></ul><p><strong>Final Sale</strong></p>"
4461832863790,cropped-rib-tank-ivory,MERGE,"
<p>Cut from a lightweight 100% cotton rib fabric, our cropped rib tank features a slim fit with its flattering thin tank straps and vintage-inspired neckline. </p>
<p>Style with your favorite pair of jeans, leather pants, layered under an oversized blazer or under a pantsuit. </p>",Tanks,REPLACE,"<ul><li>Fits true to size, take your normal size</li><li>Designed for a slim fit&nbsp;</li><li>100% cotton</li><li>Model is 177 cm/5&#39;10&quot; and is wearing a size S</li><li>Machine wash cold. Non-chlorine bleach. Tumble dry low. Cool dry. Do not dry clean.&nbsp;</li></ul>","<ul><li>Fits true to size, take your normal size</li><li>Designed for a slim fit&nbsp;</li><li>100% cotton</li><li>Model is 177 cm/5&#39;10&quot; and is wearing a size S</li><li>Machine wash cold. Non-chlorine bleach. Tumble dry low. Cool dry. Do not dry clean.&nbsp;</li></ul>"
4461832994862,cropped-rib-tank-heather-grey,MERGE,"
<p>Cut from a lightweight 100% cotton rib fabric, our cropped ribbed tank features a slim fit with its flattering thin tank straps and vintage-inspired neckline. </p>
<p>Style with your favorite pair of jeans, leather pants, layered under an oversized blazer or under a pantsuit. </p>",Tanks,REPLACE,"<ul><li>Fits true to size, take your normal size</li><li>Designed for a slim fit&nbsp;</li><li>100% cotton</li><li>Model is 177 cm/5&#39;10&quot; and is wearing a size S</li><li>Machine wash cold. Non-chlorine bleach. Tumble dry low. Cool dry. Do not dry clean.&nbsp;</li></ul>","<ul><li>Fits true to size, take your normal size</li><li>Designed for a slim fit&nbsp;</li><li>100% cotton</li><li>Model is 177 cm/5&#39;10&quot; and is wearing a size S</li><li>Machine wash cold. Non-chlorine bleach. Tumble dry low. Cool dry. Do not dry clean.&nbsp;</li></ul>"
4461833224238,long-sleeve-boyfriend-tee-ivory,MERGE,"
<p>Cut from lightweight cotton and modal blend, our long sleeve boyfriend tee features a relaxed loose fit, unfinished raw edge neckline detail along with Éterne's signature extra long sleeves. </p>
<p>Style with your favorite pair of jeans, leather pants, layered under an oversized blazer, or paired with Éterne's lounge pants as a set. </p>",T-shirts,REPLACE,"<ul><li>Fits true to size, take your normal size</li><li>Designed for a loose fit</li><li>50% Cotton / 50% Modal&nbsp;</li><li>Model is 177 cm/5&#39;10&quot; and is wearing a size S</li><li>Machine wash cold. Non-chlorine bleach. Tumble dry low. Cool iron. Do not dry clean.&nbsp;</li></ul><p><strong>Final Sale</strong></p>","<ul><li>Fits true to size, take your normal size</li><li>Designed for a loose fit</li><li>50% Cotton / 50% Modal&nbsp;</li><li>Model is 177 cm/5&#39;10&quot; and is wearing a size S</li><li>Machine wash cold. Non-chlorine bleach. Tumble dry low. Cool iron. Do not dry clean.&nbsp;</li></ul><p><strong>Final Sale</strong></p>"
4461833289774,long-sleeve-boyfriend-tee-heather-grey,MERGE,"
<p>Cut from lightweight cotton and modal blend, our long sleeve boyfriend tee features a relaxed loose fit, unfinished raw edge neckline detail along with Éterne's signature extra long sleeves. </p>
<p>Style with your favorite pair of jeans, leather pants, layered under an oversized blazer, or paired with Éterne's lounge pant as a set. </p>",T-shirts,REPLACE,"<ul><li>Fits true to size, take your normal size</li><li>Designed for a loose fit</li><li>50% Cotton / 50% Modal&nbsp;</li><li>Model is 177 cm/5&#39;10&quot; and is wearing a size S</li><li>Machine wash cold. Non-chlorine bleach. Tumble dry low. Cool iron. Do not dry clean.&nbsp;</li></ul>","<ul><li>Fits true to size, take your normal size</li><li>Designed for a loose fit</li><li>50% Cotton / 50% Modal&nbsp;</li><li>Model is 177 cm/5&#39;10&quot; and is wearing a size S</li><li>Machine wash cold. Non-chlorine bleach. Tumble dry low. Cool iron. Do not dry clean.&nbsp;</li></ul>"
4461835059246,long-sleeve-thermal-ivory,MERGE,"
<p>Cut from a lightweight cotton and modal blend, our long sleeve thermal features a slightly slim fit, classic crewneck, and Éterne's signature extra long sleeves. </p>
<p>Style with your favorite pair of jeans, leather pants, layered under an oversized blazer, or paired with Éterne's <a href=""https://eterne.com/products/thermal-lounge-pant-ivory"">thermal lounge pant</a> as a set.</p>",T-shirts,REPLACE,"<ul><li>Fits true to size, take your normal size</li><li>Designed for a slightly slim fit</li><li>48% Cotton 48% modal 4% spandex</li><li>Machine wash cold. Non-chlorine bleach. Tumble dry low. Cool iron. Do not dry clean.&nbsp;</li></ul>","<ul><li>Fits true to size, take your normal size</li><li>Designed for a slightly slim fit</li><li>48% Cotton 48% modal 4% spandex</li><li>Machine wash cold. Non-chlorine bleach. Tumble dry low. Cool iron. Do not dry clean.&nbsp;</li></ul>"
4462931705902,cropped-long-sleeve-thermal-ivory,MERGE,"
<p>Cut from a lightweight cotton and modal blend, our cropped long sleeve thermal features a slightly slim fit, classic crewneck, and Éterne's signature extra long sleeves. </p>
<p>Style with your favorite pair of jeans, leather pants, layered under an oversized blazer, or paired with Éterne's <a href=""https://eterne.com/products/thermal-lounge-pant-ivory"">thermal lounge pant</a> as a set. </p>",,REPLACE,"<ul><li>Fits true to size, take your normal size</li><li>Designed for a slightly slim fit&nbsp;</li><li>48% Cotton 48% Modal 4% Spandex</li><li>Model is 177 cm/5&#39;10&quot; and is wearing a size S</li><li>Machine wash cold. Non-chlorine bleach. Tumble dry low. Cool iron. Do not dry clean.&nbsp;</li></ul>","<ul><li>Fits true to size, take your normal size</li><li>Designed for a slightly slim fit&nbsp;</li><li>48% Cotton 48% Modal 4% Spandex</li><li>Model is 177 cm/5&#39;10&quot; and is wearing a size S</li><li>Machine wash cold. Non-chlorine bleach. Tumble dry low. Cool iron. Do not dry clean.&nbsp;</li></ul>"
4463295954990,the-rib-tank-black,MERGE,"
<p>Cut from a lightweight cotton 100% rib fabric, our ribbed tank features a slim fit with its flattering thin tank straps and vintage-inspired neckline. </p>
<p>Style with your favorite pair of jeans, leather pants, layered under an oversized blazer or under a pantsuit. </p>",Tanks,REPLACE,"<ul><li>Fits true to size, take your normal size</li><li>Designed for a slim fit</li><li>100% cotton</li><li>Model is 177 cm/5&#39;10&quot; and is wearing a size S</li><li>Machine wash cold. Non-chlorine bleach. Tumble dry low. Cool iron. Do not dry clean.&nbsp;</li></ul>","<ul><li>Fits true to size, take your normal size</li><li>Designed for a slim fit</li><li>100% cotton</li><li>Model is 177 cm/5&#39;10&quot; and is wearing a size S</li><li>Machine wash cold. Non-chlorine bleach. Tumble dry low. Cool iron. Do not dry clean.&nbsp;</li></ul>"
4463299690542,the-rib-tank-heather-grey,MERGE,"
<p>Cut from a lightweight cotton 100% rib fabric, our ribbed tank features a slim fit with its flattering thin tank straps and vintage-inspired neckline. </p>
<p>Style with your favorite pair of jeans, leather pants, layered under an oversized blazer or under a pantsuit. </p>",Tanks,REPLACE,"<ul><li>Fits true to size, take your normal size</li><li>Designed for a slim fit</li><li>100% cotton</li><li>Model is 177 cm/5&#39;10&quot; and is wearing a size S</li><li>Machine wash cold. Non-chlorine bleach. Tumble dry low. Cool iron. Do not dry clean.&nbsp;</li></ul>","<ul><li>Fits true to size, take your normal size</li><li>Designed for a slim fit</li><li>100% cotton</li><li>Model is 177 cm/5&#39;10&quot; and is wearing a size S</li><li>Machine wash cold. Non-chlorine bleach. Tumble dry low. Cool iron. Do not dry clean.&nbsp;</li></ul>"
4463300804654,short-sleeve-baby-ivory,MERGE,"
<p>Cut from a lightweight cotton and modal blend, our short sleeve baby tee features a shrunken slim fit and a thin-lined crewneck. This t-shirt is a perfect everyday essential. </p>
<p>Style with your favorite pair of jeans, leather pants, layered under an oversized blazer, or paired with Éterne's lounge pants as a set. </p>",T-shirts,REPLACE,"<ul><li>Fits true to size, take your normal size</li><li>Designed for a slim fit&nbsp;</li><li>50% Cotton 50% Modal&nbsp;</li><li>Model is 177 cm/5&#39;10&quot; and is wearing a size S</li><li>Machine wash cold. Non-chlorine bleach. Tumble dry low. Cool iron. Do not dry clean.&nbsp;</li></ul>","<ul><li>Fits true to size, take your normal size</li><li>Designed for a slim fit&nbsp;</li><li>50% Cotton 50% Modal&nbsp;</li><li>Model is 177 cm/5&#39;10&quot; and is wearing a size S</li><li>Machine wash cold. Non-chlorine bleach. Tumble dry low. Cool iron. Do not dry clean.&nbsp;</li></ul>"
4463303163950,the-short-sleeve-boyfriend-tee-ivory,MERGE,"
<p>Cut from a lightweight cotton and modal blend, our short sleeve boyfriend tee features a relaxed loose fit with an unfinished raw edge neckline detail. This t-shirt is the perfect everyday essential. </p>
<p>Style with your favorite pair of jeans, leather pants, layered under an oversized blazer, or paired with Éterne's lounge pants as a set. </p>",T-shirts,REPLACE,"<ul><li>Fits true to size, take your normal size</li><li>Designed for a loose fit</li><li>50% Cotton 50% Modal&nbsp;</li><li>Model is 177 cm/5&#39;10&quot; and is wearing a size S</li><li>Machine wash cold. Non-chlorine bleach. Tumble dry low. Cool iron. Do not dry clean.&nbsp;</li></ul>","<ul><li>Fits true to size, take your normal size</li><li>Designed for a loose fit</li><li>50% Cotton 50% Modal&nbsp;</li><li>Model is 177 cm/5&#39;10&quot; and is wearing a size S</li><li>Machine wash cold. Non-chlorine bleach. Tumble dry low. Cool iron. Do not dry clean.&nbsp;</li></ul>"
4463303589934,the-short-sleeve-boyfriend-tee-g,MERGE,"
<p>Cut from a lightweight cotton and modal blend, our short sleeve boyfriend tee features a relaxed loose fit with an unfinished raw edge neckline detail. This t-shirt is the perfect everyday essential. </p>
<p>Style with your favorite pair of jeans, leather pants, layered under an oversized blazer, or paired with Éterne's lounge pants as a set. </p>",T-shirts,REPLACE,"<ul><li>Fits true to size, take your normal size</li><li>Designed for a loose fit</li><li>50% Cotton 50% Modal&nbsp;</li><li>Model is 177 cm/5&#39;10&quot; and is wearing a size S</li><li>Machine wash cold. Non-chlorine bleach. Tumble dry low. Cool iron. Do not dry clean.&nbsp;</li></ul>","<ul><li>Fits true to size, take your normal size</li><li>Designed for a loose fit</li><li>50% Cotton 50% Modal&nbsp;</li><li>Model is 177 cm/5&#39;10&quot; and is wearing a size S</li><li>Machine wash cold. Non-chlorine bleach. Tumble dry low. Cool iron. Do not dry clean.&nbsp;</li></ul>"
4647844741166,short-biker,MERGE,"
<p>Cut from a lightweight modal blend, our seamless short biker features a flattering figure-hugging silhouette with its comfortable second-skin feel. </p>
<p>Pair with Éterne's <a href=""https://eterne.com/collections/bra-underwear/products/triangle-bra-black"">triangle bra</a> as a set. </p>",Bottoms,REPLACE,"<ul><li>Fits true to size, take your normal size</li><li>Designed for a close fit</li><li>89% Modal / 11% Lycra&nbsp;</li><li>Model is 177 cm/5&#39;10&quot; and is wearing a size S</li><li>Hand wash cold. Do not bleach. Do not tumble dry. Do not iron. Do not dry clean.&nbsp;</li></ul><p><strong>Final Sale</strong></p>","<ul><li>Fits true to size, take your normal size</li><li>Designed for a close fit</li><li>89% Modal / 11% Lycra&nbsp;</li><li>Model is 177 cm/5&#39;10&quot; and is wearing a size S</li><li>Hand wash cold. Do not bleach. Do not tumble dry. Do not iron. Do not dry clean.&nbsp;</li></ul><p><strong>Final Sale</strong></p>"
4647858536494,long-biker,MERGE,"
<p>Cut from a lightweight modal blend, our seamless long biker features a flattering figure-hugging silhouette with its comfortable second-skin feel. </p>
<p>Pair with Éterne's bandeau bra as a set. </p>",Bottoms,REPLACE,"<ul><li>Fits true to size, take your normal size</li><li>Designed for a close fit</li><li>89% Modal / 11% Lycra&nbsp;</li><li>Model is 177 cm/5&#39;10&quot; and is wearing a size S</li><li>Hand wash cold. Do not bleach. Do not tumble dry. Do not iron. Do not dry clean.&nbsp;</li></ul><p><strong>Final Sale</strong></p>","<ul><li>Fits true to size, take your normal size</li><li>Designed for a close fit</li><li>89% Modal / 11% Lycra&nbsp;</li><li>Model is 177 cm/5&#39;10&quot; and is wearing a size S</li><li>Hand wash cold. Do not bleach. Do not tumble dry. Do not iron. Do not dry clean.&nbsp;</li></ul><p><strong>Final Sale</strong></p>"
4647880425518,bandeau-bra,MERGE,"
<p>Cut from a lightweight modal blend, our seamless bandeau features a flattering figure-hugging silhouette with its comfortable yet supportive second-skin feel. </p>
<p>Style with your favorite pair of high-rise dress pants or layered under an oversized blazer. </p>","Intimates, Bra",REPLACE,"<ul><li>Fits true to size, take your normal size</li><li>Designed for a close fit</li><li><span style=""caret-color: rgb(0, 0, 0); color: rgb(0, 0, 0);""><span style=""font-size: 11pt; font-family: Arial; color: rgb(34, 34, 34); font-variant-ligatures: normal; font-variant-east-asian: normal; font-variant-position: normal; vertical-align: baseline; white-space: pre-wrap;"">89% Modal / 11% Lycra</span></span></li><li>Model is 177 cm/5&#39;10&quot; and is wearing a size S</li><li><span style=""caret-color: rgb(0, 0, 0); color: rgb(0, 0, 0);""><span style=""font-size: 11pt; font-family: Arial; color: rgb(34, 34, 34); font-variant-ligatures: normal; font-variant-east-asian: normal; font-variant-position: normal; vertical-align: baseline; white-space: pre-wrap;"">Hand wash cold. Do not bleach. Do not tumble dry. Do not iron. Do Not Dry Clean.</span></span></li></ul><p><strong>Final Sale</strong></p>","<ul><li>Fits true to size, take your normal size</li><li>Designed for a close fit</li><li><span style=""caret-color: rgb(0, 0, 0); color: rgb(0, 0, 0);""><span style=""font-size: 11pt; font-family: Arial; color: rgb(34, 34, 34); font-variant-ligatures: normal; font-variant-east-asian: normal; font-variant-position: normal; vertical-align: baseline; white-space: pre-wrap;"">89% Modal / 11% Lycra</span></span></li><li>Model is 177 cm/5&#39;10&quot; and is wearing a size S</li><li><span style=""caret-color: rgb(0, 0, 0); color: rgb(0, 0, 0);""><span style=""font-size: 11pt; font-family: Arial; color: rgb(34, 34, 34); font-variant-ligatures: normal; font-variant-east-asian: normal; font-variant-position: normal; vertical-align: baseline; white-space: pre-wrap;"">Hand wash cold. Do not bleach. Do not tumble dry. Do not iron. Do Not Dry Clean.</span></span></li></ul><p><strong>Final Sale</strong></p>"
4666298499118,scoop-neck-bra-ivory,MERGE,"
<p>Cut from an ultra-lightweight modal blend, our scoop neck bra features a flattering scoop neck, wide straps along with a supportive lift and band. </p>
<p>Pair with Éterne's '<a href=""https://eterne.com/collections/bra-underwear/products/90s-brief-ivory"">90s brief</a> as a set. </p>","Intimates, Bra",REPLACE,"<ul><li>Fits true to size, take your normal size</li><li>Lightweight</li><li>Model is 177 cm/5&#39;10&quot; and is wearing a size S</li></ul>","<ul><li>Fits true to size, take your normal size</li><li>Lightweight</li><li>Model is 177 cm/5&#39;10&quot; and is wearing a size S</li></ul>"
4670196056110,scoop-neck-bra-black,MERGE,"
<p>Cut from an ultra-lightweight modal blend, our scoop neck bra features a flattering scoop neck, wide straps along with a supportive lift and band. </p>
<p>Pair with Éterne's <a href=""https://eterne.com/collections/bra-underwear/products/90s-brief-black"">'90s brief</a> as a set. </p>","Intimates, Bra",REPLACE,"<ul><li>Fits true to size, take your normal size</li><li>89% Modal / 11% Lycra</li><li>Model is 177 cm/5&#39;10&quot; and is wearing a size S</li><li>Machine wash cold. Non-chlorine bleach. Tumble dry low. Cool iron.&nbsp;</li></ul>","<ul><li>Fits true to size, take your normal size</li><li>89% Modal / 11% Lycra</li><li>Model is 177 cm/5&#39;10&quot; and is wearing a size S</li><li>Machine wash cold. Non-chlorine bleach. Tumble dry low. Cool iron.&nbsp;</li></ul>"
4670466097198,triangle-bra-ivory,MERGE,"
<p>Cut from an ultra-soft lightweight modal blend, our tringle bra features a flattering neckline, thin adjustable straps along with a supportive lift and band. </p>
<p>Pair with Éterne's <a href=""https://eterne.com/collections/bra-underwear/products/90s-brief-ivory"">'90s brief</a> as a set. </p>","Intimates, Bra",REPLACE,"<ul><li>Fits true to size, take your normal size</li><li>89% Modal / 11% Lycra&nbsp;</li><li>Model is 177 cm/5&#39;10&quot; and is wearing a size S</li><li>Machine wash cold. Non-chlorine bleach. Tumble dry low. Cool iron.&nbsp;</li></ul>","<ul><li>Fits true to size, take your normal size</li><li>89% Modal / 11% Lycra&nbsp;</li><li>Model is 177 cm/5&#39;10&quot; and is wearing a size S</li><li>Machine wash cold. Non-chlorine bleach. Tumble dry low. Cool iron.&nbsp;</li></ul>"
4670468816942,triangle-bra-black,MERGE,"
<p>Cut from an ultra-soft lightweight modal blend, our tringle bra features a flattering neckline, thin adjustable straps along with a supportive lift and band. </p>
<p>Pair with Éterne's <a href=""https://eterne.com/collections/bra-underwear/products/90s-brief-black"">'90s brief</a><a href=""https://eterne.com/collections/bra-underwear/products/90s-brief-ivory""> </a>as a set. </p>","Intimates, Bra",REPLACE,"<ul><li>Fits true to size, take your normal size</li><li>89% Modal / 11% Lycra&nbsp;</li><li>Model is 177 cm/5&#39;10&quot; and is wearing a size S</li><li>Machine wash cold. Non-chlorine bleach. Tumble dry low. Cool iron.&nbsp;</li></ul>","<ul><li>Fits true to size, take your normal size</li><li>89% Modal / 11% Lycra&nbsp;</li><li>Model is 177 cm/5&#39;10&quot; and is wearing a size S</li><li>Machine wash cold. Non-chlorine bleach. Tumble dry low. Cool iron.&nbsp;</li></ul>"
4670515347502,90s-brief-ivory,MERGE,"
<p>Inspired by the iconic Nineties, our '90s brief features a flattering low waist, a versatile waistband that can be worn high or low, with a second-skin feel made from an ultra-soft lightweight modal blend. </p>
<p>Pair with <a href=""https://eterne.com/collections/bra-underwear/products/triangle-bra-ivory"">Éterne's triangle bra</a> as a set. </p>","Intimates, Underwear",REPLACE,"<ul><li>Fits true to size, take your normal size</li><li>89% Modal / 11% Lycra&nbsp;</li><li>Model is 177 cm/5&#39;10&quot; and is wearing a size S</li><li>Machine wash cold. Non-chlorine bleach. Tumble dry low. Cool iron.&nbsp;</li></ul>","<ul><li>Fits true to size, take your normal size</li><li>89% Modal / 11% Lycra&nbsp;</li><li>Model is 177 cm/5&#39;10&quot; and is wearing a size S</li><li>Machine wash cold. Non-chlorine bleach. Tumble dry low. Cool iron.&nbsp;</li></ul>"
4670797709358,high-rise-brief-black,MERGE,"
<p>Cut from an ultra-soft lightweight modal blend, our high rise brief features a high waisted fit, second-skin feel and a seamless look under clothing. </p>
<p>Pair with <a href=""https://eterne.com/collections/bra-underwear/products/triangle-bra-black"">Éterne's triangle bra</a> as a set. </p>","Intimates, Underwear",REPLACE,"<ul><li>Fits true to size, take your normal size</li><li>89% Modal / 11% Lycra&nbsp;</li><li>Model is 177 cm/5&#39;10&quot; and is wearing a size S</li><li>Machine wash cold. Non-chlorine bleach. Tumble dry low. Cool iron.&nbsp;</li></ul>","<ul><li>Fits true to size, take your normal size</li><li>89% Modal / 11% Lycra&nbsp;</li><li>Model is 177 cm/5&#39;10&quot; and is wearing a size S</li><li>Machine wash cold. Non-chlorine bleach. Tumble dry low. Cool iron.&nbsp;</li></ul>"
4670807572526,high-rise-brief-ivory,MERGE,"
<p>Cut from an ultra-soft lightweight modal blend, our high rise brief features a high waisted fit, second-skin feel and a seamless look under clothing. </p>
<p>Pair with Éterne's <a href=""https://eterne.com/collections/shop/products/triangle-bra-ivory"">triangle bra</a> as a set. </p>","Intimates, Underwear",REPLACE,"<ul><li>Fits true to size, take your normal size</li><li>89% Modal / 11% Lycra&nbsp;</li><li>Model is 177 cm/5&#39;10&quot; and is wearing a size S</li><li>Machine wash cold. Non-chlorine bleach. Tumble dry low. Cool iron.&nbsp;</li></ul>","<ul><li>Fits true to size, take your normal size</li><li>89% Modal / 11% Lycra&nbsp;</li><li>Model is 177 cm/5&#39;10&quot; and is wearing a size S</li><li>Machine wash cold. Non-chlorine bleach. Tumble dry low. Cool iron.&nbsp;</li></ul>"
4670808916014,low-rise-thong-black,MERGE,"
<p><span style=""font-weight: 400;"">Eterne’s low rise thong is made from our super soft lightweight modal material with a modern raw edge. This thong has a wider band for comfort and a slightly dipped front for a smooth profile.</span></p>
<p><span style=""font-weight: 400;"">Pair it with our matching <a href=""https://eterne.com/collections/bra-underwear/products/triangle-bra-black"">triangle bra</a>.</span></p>","Intimates, Underwear",REPLACE,"<ul><li>Fits true to size, take your normal size</li><li>Lightweight, raw edge styling for a smooth, seamless profile</li><li>Model is 177 cm/5&#39;10&quot; and is wearing a size S</li></ul>","<ul><li>Fits true to size, take your normal size</li><li>Lightweight, raw edge styling for a smooth, seamless profile</li><li>Model is 177 cm/5&#39;10&quot; and is wearing a size S</li></ul>"
4670809997358,low-rise-thong-ivory,MERGE,"
<p><span style=""font-weight: 400;"">Eterne’s low rise thong is made from our super soft lightweight modal material with a modern raw edge. This thong has a wider band for comfort and a slightly dipped front for a smooth profile.</span></p>
<p><span style=""font-weight: 400;"">Pair it with our matching <a href=""https://eterne.com/collections/shop/products/triangle-bra-ivory"">triangle bra</a>.</span></p>","Intimates, Underwear",REPLACE,"<ul><li>Fits true to size, take your normal size</li><li>Lightweight, raw edge styling for a smooth, seamless profile</li><li>Model is 177 cm/5&#39;10&quot; and is wearing a size S</li></ul>","<ul><li>Fits true to size, take your normal size</li><li>Lightweight, raw edge styling for a smooth, seamless profile</li><li>Model is 177 cm/5&#39;10&quot; and is wearing a size S</li></ul>"
4670822842414,high-rise-thong-ivory,MERGE,"
<p>Cut from an ultra-soft lightweight modal blend, our high rise thong features a high waisted fit, second-skin feel, and seamless look under clothing. </p>
<p>Pair with Éterne's <a href=""https://eterne.com/collections/shop/products/triangle-bra-ivory"">triangle bra</a> as a set. </p>","Intimates, Underwear",REPLACE,"<ul><li>Fits true to size, take your normal size</li><li>89% Modal / 11% Lycra&nbsp;</li><li>Model is 177 cm/5&#39;10&quot; and is wearing a size S</li><li>Machine wash cold. Non-chlorine bleach. Tumble dry low. Cool iron.&nbsp;</li></ul>","<ul><li>Fits true to size, take your normal size</li><li>89% Modal / 11% Lycra&nbsp;</li><li>Model is 177 cm/5&#39;10&quot; and is wearing a size S</li><li>Machine wash cold. Non-chlorine bleach. Tumble dry low. Cool iron.&nbsp;</li></ul>"
4670824448046,high-rise-thong-black,MERGE,"
<p>Cut from an ultra-soft lightweight modal blend, our high rise thong features a high waisted fit, second-skin feel, and seamless look under clothing. </p>
<p>Pair with <a href=""https://eterne.com/collections/bra-underwear/products/triangle-bra-black"">Éterne's triangle bra</a> as a set. </p>","Intimates, Underwear",REPLACE,"<ul><li>Fits true to size, take your normal size</li><li>89% Modal / 11% Lycra&nbsp;</li><li>Model is 177 cm/5&#39;10&quot; and is wearing a size S</li><li>Machine wash cold. Non-chlorine bleach. Tumble dry low. Cool iron.&nbsp;</li></ul>","<ul><li>Fits true to size, take your normal size</li><li>89% Modal / 11% Lycra&nbsp;</li><li>Model is 177 cm/5&#39;10&quot; and is wearing a size S</li><li>Machine wash cold. Non-chlorine bleach. Tumble dry low. Cool iron.&nbsp;</li></ul>"
4677773688878,eterne-mask,MERGE,"
<p><span>Soft, comfortable, and breathable. </span>Created to fit comfortably against the side of the face and allows for breathing without restrictions.</p>
<p><span>Reusable: Wash properly and tumble dry for frequent use</span></p>
<p><span>Material: 100% cotton</span></p>",,REPLACE,<ul><li>One size fits most</li><li>Lightweight and breathable</li><li>Returns are not accepted for this product for hygiene reasons.</li></ul>,<ul><li>One size fits most</li><li>Lightweight and breathable</li><li>Returns are not accepted for this product for hygiene reasons.</li></ul>
4679193067566,test-product,MERGE,,,REPLACE,<ul>undefined,<ul>undefined
4690590072878,turtleneck-bodysuit,MERGE,"
<p> </p>
<p>Cut from a lightweight modal blend, our sleeveless turtleneck bodysuit features a close fit for a figure-hugging silhouette along with its snapless thong design for comfort and an undetectable finish under your clothes. </p>
<p>Éterne's seamless sleeveless turtleneck bodysuit is designed to feel like a second skin. Style with your favorite pair of jeans, leather pants, layered under an oversized blazer, or a pantsuit. </p>",Bodysuits,REPLACE,"<ul><li>Fits true to size, take your normal size</li><li>Designed for a close fit</li><li>89% Modal / 11% Lycra&nbsp;</li><li>Model is 177 cm/5&#39;10&quot; and is wearing a size S</li><li>Hand wash cold. Do not bleach. Do not tumble dry. Do not iron. Do not dry clean.&nbsp;</li></ul><p><strong>Final Sale</strong></p>","<ul><li>Fits true to size, take your normal size</li><li>Designed for a close fit</li><li>89% Modal / 11% Lycra&nbsp;</li><li>Model is 177 cm/5&#39;10&quot; and is wearing a size S</li><li>Hand wash cold. Do not bleach. Do not tumble dry. Do not iron. Do not dry clean.&nbsp;</li></ul><p><strong>Final Sale</strong></p>"
4690626445358,halter-bodysuit-ivory,MERGE,"
<p>Cut from a double-layered modal blend, our halter bodysuit features a close fit for a figure-hugging silhouette along with its snapless thong design for comfort and an undetectable finish under your clothes. </p>
<p>Style with your favorite pair of jeans, leather pants, layered under an oversized blazer, or a pantsuit. </p>",Bodysuits,REPLACE,"<ul><li>Fits true to size, take your normal size</li><li>Designed for a close fit</li><li>89% Modal / 11% Lycra&nbsp;</li><li>Model is 177 cm/5&#39;10&quot; and is wearing a size S</li><li>Hand wash cold. Non-chlorine bleach. Tumble dry low. Cool iron. Do not dry clean.&nbsp;</li></ul>","<ul><li>Fits true to size, take your normal size</li><li>Designed for a close fit</li><li>89% Modal / 11% Lycra&nbsp;</li><li>Model is 177 cm/5&#39;10&quot; and is wearing a size S</li><li>Hand wash cold. Non-chlorine bleach. Tumble dry low. Cool iron. Do not dry clean.&nbsp;</li></ul>"
4690627231790,halter-bodysuit-black,MERGE,"
<p>Cut from a double-layered modal blend, our halter bodysuit features a close fit for a figure-hugging silhouette along with its snapless thong design for comfort and an undetectable finish under your clothes. </p>
<p>Style with your favorite pair of jeans, leather pants, layered under an oversized blazer, or a pantsuit. </p>",Bodysuits,REPLACE,"<ul><li>Fits true to size, take your normal size</li><li>Designed for a close fit</li><li>89% Modal / 11% Lycra&nbsp;</li><li>Model is 177 cm/5&#39;10&quot; and is wearing a size S</li><li>Hand wash cold. Non-chlorine bleach. Tumble dry low. Cool iron. Do not dry clean.&nbsp;</li></ul>","<ul><li>Fits true to size, take your normal size</li><li>Designed for a close fit</li><li>89% Modal / 11% Lycra&nbsp;</li><li>Model is 177 cm/5&#39;10&quot; and is wearing a size S</li><li>Hand wash cold. Non-chlorine bleach. Tumble dry low. Cool iron. Do not dry clean.&nbsp;</li></ul>"
4690627887150,long-sleeve-bodysuit-ivory,MERGE,"
<p>Cut from a double-layered modal blend, our long sleeve deep v bodysuit features a close fit for a figure-hugging silhouette along with its snapless thong design for comfort and an undetectable finish under your clothes. </p>
<p>Style with your favorite pair of jeans, leather pants, layered under an oversized blazer, or a pantsuit. </p>",Bodysuits,REPLACE,"<ul><li>Fits true to size, take your normal size</li><li>Designed for a close fit</li><li>89% Modal / 11% Lycra&nbsp;</li><li>Model is 177 cm/5&#39;10&quot; and is wearing a size S</li><li>Hand wash cold. Non-chlorine bleach. Tumble dry low. Cool iron. Do not dry clean</li></ul>","<ul><li>Fits true to size, take your normal size</li><li>Designed for a close fit</li><li>89% Modal / 11% Lycra&nbsp;</li><li>Model is 177 cm/5&#39;10&quot; and is wearing a size S</li><li>Hand wash cold. Non-chlorine bleach. Tumble dry low. Cool iron. Do not dry clean</li></ul>"
4690630246446,long-sleeve-bodysuit-black,MERGE,"
<p>Cut from a double-layered modal blend, our long sleeve deep v bodysuit features a close fit for a figure-hugging silhouette along with its snapless thong design for comfort and an undetectable finish under your clothes. </p>
<p>Style with your favorite pair of jeans, leather pants, layered under an oversized blazer, or a pantsuit. </p>",Bodysuits,REPLACE,"<ul><li>Fits true to size, take your normal size</li><li>Designed for a close fit</li><li>89% Modal / 11% Lycra&nbsp;</li><li>Model is 177 cm/5&#39;10&quot; and is wearing a size S</li><li>Hand wash cold. Non-chlorine bleach. Tumble dry low. Cool iron. Do not dry clean</li></ul>","<ul><li>Fits true to size, take your normal size</li><li>Designed for a close fit</li><li>89% Modal / 11% Lycra&nbsp;</li><li>Model is 177 cm/5&#39;10&quot; and is wearing a size S</li><li>Hand wash cold. Non-chlorine bleach. Tumble dry low. Cool iron. Do not dry clean</li></ul>"
4692832976942,rise-ai-giftcard,MERGE,,Accessories,REPLACE,<ul>undefined,<ul>undefined
4703785779246,tank-bodysuit-black,MERGE,"
<p>Cut from a lightweight modal blend, our tank bodysuit features a close fit for a figure-hugging silhouette along with its snapless thong design for comfort and an undetectable finish under your clothes. </p>
<p>Éterne's seamless tank bodysuit is designed to feel like a second skin. Style with your favorite pair of jeans, leather pants, layered under an oversized blazer, or a pantsuit. </p>",Bodysuits,REPLACE,"<ul><li><span style=""font-size:11pt;font-family:Arial;color:#222222;background-color:transparent;font-weight:400;font-style:normal;font-variant:normal;text-decoration:none;vertical-align:baseline;white-space:pre;white-space:pre-wrap;"">Fits true to size, take your normal size</span></li><li dir=""ltr"" style=""list-style-type:disc;font-size:11pt;font-family:Arial;color:#222222;background-color:transparent;font-weight:400;font-style:normal;font-variant:normal;text-decoration:none;vertical-align:baseline;white-space:pre;""><p dir=""ltr"" style=""line-height:1.38;background-color:#ffffff;margin-top:0pt;margin-bottom:0pt;""><span style=""font-size:11pt;font-family:Arial;color:#222222;background-color:transparent;font-weight:400;font-style:normal;font-variant:normal;text-decoration:none;vertical-align:baseline;white-space:pre;white-space:pre-wrap;"">Designed for a close fit</span></p></li><li dir=""ltr"" style=""list-style-type:disc;font-size:11pt;font-family:Arial;color:#222222;background-color:transparent;font-weight:400;font-style:normal;font-variant:normal;text-decoration:none;vertical-align:baseline;white-space:pre;""><p dir=""ltr"" style=""line-height:1.38;background-color:#ffffff;margin-top:0pt;margin-bottom:0pt;""><span style=""font-size:11pt;font-family:Arial;color:#222222;background-color:transparent;font-weight:400;font-style:normal;font-variant:normal;text-decoration:none;vertical-align:baseline;white-space:pre;white-space:pre-wrap;"">89% Modal / 11% Lycra</span></p></li><li dir=""ltr"" style=""list-style-type:disc;font-size:11pt;font-family:Arial;color:#222222;background-color:transparent;font-weight:400;font-style:normal;font-variant:normal;text-decoration:none;vertical-align:baseline;white-space:pre;""><p dir=""ltr"" style=""line-height:1.38;background-color:#ffffff;margin-top:0pt;margin-bottom:0pt;""><span style=""font-size:11pt;font-family:Arial;color:#222222;background-color:transparent;font-weight:400;font-style:normal;font-variant:normal;text-decoration:none;vertical-align:baseline;white-space:pre;white-space:pre-wrap;"">Model is 177 cm/5&#39;10&quot; and is wearing a size S</span></p></li><li dir=""ltr"" style=""list-style-type:disc;font-size:11pt;font-family:Arial;color:#222222;background-color:transparent;font-weight:400;font-style:normal;font-variant:normal;text-decoration:none;vertical-align:baseline;white-space:pre;""><p dir=""ltr"" style=""line-height:1.38;background-color:#ffffff;margin-top:0pt;margin-bottom:10pt;""><span style=""font-size:11pt;font-family:Arial;color:#222222;background-color:transparent;font-weight:400;font-style:normal;font-variant:normal;text-decoration:none;vertical-align:baseline;white-space:pre;white-space:pre-wrap;"">Hand wash cold. Do not bleach. Do not tumble dry. Do not iron. Do Not Dry Clean.</span></p></li></ul>","<ul><li><span style=""font-size:11pt;font-family:Arial;color:#222222;background-color:transparent;font-weight:400;font-style:normal;font-variant:normal;text-decoration:none;vertical-align:baseline;white-space:pre;white-space:pre-wrap;"">Fits true to size, take your normal size</span></li><li dir=""ltr"" style=""list-style-type:disc;font-size:11pt;font-family:Arial;color:#222222;background-color:transparent;font-weight:400;font-style:normal;font-variant:normal;text-decoration:none;vertical-align:baseline;white-space:pre;""><p dir=""ltr"" style=""line-height:1.38;background-color:#ffffff;margin-top:0pt;margin-bottom:0pt;""><span style=""font-size:11pt;font-family:Arial;color:#222222;background-color:transparent;font-weight:400;font-style:normal;font-variant:normal;text-decoration:none;vertical-align:baseline;white-space:pre;white-space:pre-wrap;"">Designed for a close fit</span></p></li><li dir=""ltr"" style=""list-style-type:disc;font-size:11pt;font-family:Arial;color:#222222;background-color:transparent;font-weight:400;font-style:normal;font-variant:normal;text-decoration:none;vertical-align:baseline;white-space:pre;""><p dir=""ltr"" style=""line-height:1.38;background-color:#ffffff;margin-top:0pt;margin-bottom:0pt;""><span style=""font-size:11pt;font-family:Arial;color:#222222;background-color:transparent;font-weight:400;font-style:normal;font-variant:normal;text-decoration:none;vertical-align:baseline;white-space:pre;white-space:pre-wrap;"">89% Modal / 11% Lycra</span></p></li><li dir=""ltr"" style=""list-style-type:disc;font-size:11pt;font-family:Arial;color:#222222;background-color:transparent;font-weight:400;font-style:normal;font-variant:normal;text-decoration:none;vertical-align:baseline;white-space:pre;""><p dir=""ltr"" style=""line-height:1.38;background-color:#ffffff;margin-top:0pt;margin-bottom:0pt;""><span style=""font-size:11pt;font-family:Arial;color:#222222;background-color:transparent;font-weight:400;font-style:normal;font-variant:normal;text-decoration:none;vertical-align:baseline;white-space:pre;white-space:pre-wrap;"">Model is 177 cm/5&#39;10&quot; and is wearing a size S</span></p></li><li dir=""ltr"" style=""list-style-type:disc;font-size:11pt;font-family:Arial;color:#222222;background-color:transparent;font-weight:400;font-style:normal;font-variant:normal;text-decoration:none;vertical-align:baseline;white-space:pre;""><p dir=""ltr"" style=""line-height:1.38;background-color:#ffffff;margin-top:0pt;margin-bottom:10pt;""><span style=""font-size:11pt;font-family:Arial;color:#222222;background-color:transparent;font-weight:400;font-style:normal;font-variant:normal;text-decoration:none;vertical-align:baseline;white-space:pre;white-space:pre-wrap;"">Hand wash cold. Do not bleach. Do not tumble dry. Do not iron. Do Not Dry Clean.</span></p></li></ul>"
6545614667822,cropped-ribbed-turtleneck-ivory,MERGE,"
<p>Cut from lightweight 100% cotton rib fabric, our cropped rib turtleneck features a form fitting yet comfortable silhouette along with Eterne's signature extra long sleeves.</p>
<p>Style with your favorite high-rise jeans, leather pants, or layered under an oversized blazer. </p>",Tops,REPLACE,"<ul><li>Fits true to size, take your normal size</li><li>Designed for a slim fit</li><li>48% cotton,48% modal, 4% spandex&nbsp;</li><li>Model is 177 cm/5&#39;10&quot; and is wearing a size S</li><li>Machine wash cold. Non-chlorine bleach. Tumble dry low. Cool iron. Do not dry clean.&nbsp;</li></ul><p><strong>Final Sale</strong></p>","<ul><li>Fits true to size, take your normal size</li><li>Designed for a slim fit</li><li>48% cotton,48% modal, 4% spandex&nbsp;</li><li>Model is 177 cm/5&#39;10&quot; and is wearing a size S</li><li>Machine wash cold. Non-chlorine bleach. Tumble dry low. Cool iron. Do not dry clean.&nbsp;</li></ul><p><strong>Final Sale</strong></p>"
6545614733358,cropped-ribbed-turtleneck-black,MERGE,"
<p>Cut from lightweight 100% cotton rib fabric, our cropped rib turtleneck features a form fitting yet comfortable silhouette along with Eterne's signature extra long sleeves.</p>
<p>Style with your favorite high-rise jeans, leather pants, or layered under an oversized blazer. </p>
<p><br></p>",Tops,REPLACE,"<ul><li>Fits true to size, take your normal size</li><li>Designed for a slim fit</li><li>48% cotton,48% modal, 4% spandex</li><li>Model is 177 cm/5&#39;10&quot; and is wearing a size S</li><li>Machine wash cold. Non-chlorine bleach. Tumble dry low. Cool iron. Do not dry clean.&nbsp;</li></ul><p><strong>Final Sale</strong></p>","<ul><li>Fits true to size, take your normal size</li><li>Designed for a slim fit</li><li>48% cotton,48% modal, 4% spandex</li><li>Model is 177 cm/5&#39;10&quot; and is wearing a size S</li><li>Machine wash cold. Non-chlorine bleach. Tumble dry low. Cool iron. Do not dry clean.&nbsp;</li></ul><p><strong>Final Sale</strong></p>"
6546032558126,ribbed-racerback-tank-ivory,MERGE,"
<p>Cut from a lightweight 100% cotton rib fabric, our rib racerback tank features a flattering slim fit with its thin racer-back straps and low scooped neck. </p>
<p>Style with your favorite high-rise jeans, leather pants, or layered under an oversized blazer. </p>",Tanks,REPLACE,"<ul><li>Fits true to size, take your normal size</li><li>Designed for a slim fit</li><li>100% cotton</li><li>Model is 177 cm/5&#39;10&quot; and is wearing a size S</li><li>Machine wash cold. Non-chlorine bleach. Tumble dry low. Cool iron. Do not dry clean.&nbsp;</li></ul><p><strong>Final Sale</strong></p>","<ul><li>Fits true to size, take your normal size</li><li>Designed for a slim fit</li><li>100% cotton</li><li>Model is 177 cm/5&#39;10&quot; and is wearing a size S</li><li>Machine wash cold. Non-chlorine bleach. Tumble dry low. Cool iron. Do not dry clean.&nbsp;</li></ul><p><strong>Final Sale</strong></p>"
6546032623662,ribbed-racerback-tank-black,MERGE,"
<p>Cut from a lightweight 100% cotton rib fabric, our rib racerback tank features a flattering slim fit with its thin racer-back straps and low scooped neck. </p>
<p>Style with your favorite high-rise jeans, leather pants, or layered under an oversized blazer. </p>",,REPLACE,"<ul><li>Fits true to size, take your normal size</li><li>Designed for a slim fit</li><li>100% cotton</li><li>Model is 177 cm/5&#39;10&quot; and is wearing a size </li><li><span style=""font-size:11pt;font-family:Arial;color:#454545;background-color:transparent;font-weight:400;font-style:normal;font-variant:normal;text-decoration:none;vertical-align:baseline;white-space:pre;white-space:pre-wrap;"">Machine wash cold. Non-chlorine bleach. Tumble dry low. Cool iron. Do not dry clean.&nbsp;</span></li></ul><p><strong>Final Sale</strong></p>","<ul><li>Fits true to size, take your normal size</li><li>Designed for a slim fit</li><li>100% cotton</li><li>Model is 177 cm/5&#39;10&quot; and is wearing a size </li><li><span style=""font-size:11pt;font-family:Arial;color:#454545;background-color:transparent;font-weight:400;font-style:normal;font-variant:normal;text-decoration:none;vertical-align:baseline;white-space:pre;white-space:pre-wrap;"">Machine wash cold. Non-chlorine bleach. Tumble dry low. Cool iron. Do not dry clean.&nbsp;</span></li></ul><p><strong>Final Sale</strong></p>"
6546032689198,ribbed-racerback-tank-heather-grey,MERGE,"
<p>Cut from a lightweight 100% cotton rib fabric, our rib racerback tank features a flattering slim fit with its thin racer-back straps and low scooped neck. </p>
<p>Style with your favorite high-rise jeans, leather pants, or layered under an oversized blazer. </p>",,REPLACE,"<ul><li>Fits true to size, take your normal size</li><li>Designed for a slim fit</li><li>100% cotton</li><li>Model is 177 cm/5&#39;10&quot; and is wearing a size S</li><li>Machine wash cold. Non-chlorine bleach. Tumble dry low. Cool iron. Do not dry clean.&nbsp;</li></ul><p><strong>Final Sale</strong></p>","<ul><li>Fits true to size, take your normal size</li><li>Designed for a slim fit</li><li>100% cotton</li><li>Model is 177 cm/5&#39;10&quot; and is wearing a size S</li><li>Machine wash cold. Non-chlorine bleach. Tumble dry low. Cool iron. Do not dry clean.&nbsp;</li></ul><p><strong>Final Sale</strong></p>"
6546046877742,cropped-rib-racerback-tank-ivory,MERGE,"
<p>Cut from a lightweight 100% cotton rib fabric, our cropped rib racerback tank features a flattering slim fit with its thin racer-back straps and low scooped neck. </p>
<p>Style with your favorite high-rise jeans, leather pants, or layered under an oversized blazer</p>",Tanks,REPLACE,"<ul><li>Fits true to size, take your normal size</li><li>Designed for a slim fit</li><li>100% cotton</li><li>Model is 177 cm/5&#39;10&quot; and is wearing a size S</li><li>Machine wash cold. Non-chlorine bleach. Tumble dry low. Cool iron. Do not dry clean.&nbsp;</li></ul><p><strong>Final Sale</strong></p>","<ul><li>Fits true to size, take your normal size</li><li>Designed for a slim fit</li><li>100% cotton</li><li>Model is 177 cm/5&#39;10&quot; and is wearing a size S</li><li>Machine wash cold. Non-chlorine bleach. Tumble dry low. Cool iron. Do not dry clean.&nbsp;</li></ul><p><strong>Final Sale</strong></p>"
6546046943278,cropped-ribbed-racerback-tank-black,MERGE,"
<p>Cut from a lightweight 100% cotton rib fabric, our cropped rib racerback tank features a flattering slim fit with its thin racer-back straps and low scooped neck. </p>
<p>Style with your favorite high-rise jeans, leather pants, or layered under an oversized blazer</p>",Tanks,REPLACE,"<ul><li>Fits true to size, take your normal size</li><li>Designed for a slim fit</li><li>100% cotton</li><li>Model is 177 cm/5&#39;10&quot; and is wearing a size S</li><li>Machine wash cold. Non-chlorine bleach. Tumble dry low. Cool iron. Do not dry clean.&nbsp;</li></ul><p><strong>Final Sale</strong></p>","<ul><li>Fits true to size, take your normal size</li><li>Designed for a slim fit</li><li>100% cotton</li><li>Model is 177 cm/5&#39;10&quot; and is wearing a size S</li><li>Machine wash cold. Non-chlorine bleach. Tumble dry low. Cool iron. Do not dry clean.&nbsp;</li></ul><p><strong>Final Sale</strong></p>"
6546047041582,cropped-ribbed-racerback-tank-heather-grey,MERGE,"
<p>Cut from a lightweight 100% cotton rib fabric, our cropped rib racerback tank features a flattering slim fit with its thin racer-back straps and low scooped neck. </p>
<p>Style with your favorite high-rise jeans, leather pants, or layered under an oversized blazer</p>",Tanks,REPLACE,"<ul><li>Fits true to size, take your normal size</li><li>Designed for a slim fit</li><li>100% cotton</li><li>Model is 177 cm/5&#39;10&quot; and is wearing a size S</li><li>Machine wash cold. Non-chlorine bleach. Tumble dry low. Cool iron. Do not dry clean.&nbsp;</li></ul><p><strong>Final Sale</strong></p>","<ul><li>Fits true to size, take your normal size</li><li>Designed for a slim fit</li><li>100% cotton</li><li>Model is 177 cm/5&#39;10&quot; and is wearing a size S</li><li>Machine wash cold. Non-chlorine bleach. Tumble dry low. Cool iron. Do not dry clean.&nbsp;</li></ul><p><strong>Final Sale</strong></p>"
6546047139886,long-sleeve-hoodie-t-shirt-ivory,MERGE,"
<p>Cut from a lightweight cotton and modal blend, our hoodie t-shirt features a relaxed loose fit along with Éterne's signature extra long sleeves. </p>
<p>Style with your favorite pair of jeans, leather pants, layered under an oversized blazer, or paired with Éterne's lounge pant as a set.</p>",T-shirts,REPLACE,"<ul><li>Fits true to size, take your normal size</li><li>Designed for a loose fit</li><li>Lightweight, 50% cotton, 50% modal</li><li>Model is 177 cm/5&#39;10&quot; and is wearing a size S</li><li>Machine wash cold. Non-chlorine bleach. Tumble dry low. Cool iron. Do not dry clean.&nbsp;</li></ul><p><strong>Final Sale</strong></p>","<ul><li>Fits true to size, take your normal size</li><li>Designed for a loose fit</li><li>Lightweight, 50% cotton, 50% modal</li><li>Model is 177 cm/5&#39;10&quot; and is wearing a size S</li><li>Machine wash cold. Non-chlorine bleach. Tumble dry low. Cool iron. Do not dry clean.&nbsp;</li></ul><p><strong>Final Sale</strong></p>"
6546047270958,long-sleeve-hoodie-t-shirt-black,MERGE,"
<p>Cut from a lightweight cotton and modal blend, our hoodie t-shirt features a relaxed loose fit along with Éterne's signature extra long sleeves. </p>
<p>Style with your favorite pair of jeans, leather pants, layered under an oversized blazer, or paired with Éterne's lounge pant as a set.</p>",,REPLACE,"<ul><li>Fits true to size, take your normal size</li><li>Designed for a loose fit</li><li>Lightweight, 50% cotton, 50% modal</li><li>Model is 177 cm/5&#39;10&quot; and is wearing a size S</li><li>Machine wash cold. Non-chlorine bleach. Tumble dry low. Cool iron. Do not dry clean.&nbsp;</li></ul><p><strong>Final Sale</strong></p>","<ul><li>Fits true to size, take your normal size</li><li>Designed for a loose fit</li><li>Lightweight, 50% cotton, 50% modal</li><li>Model is 177 cm/5&#39;10&quot; and is wearing a size S</li><li>Machine wash cold. Non-chlorine bleach. Tumble dry low. Cool iron. Do not dry clean.&nbsp;</li></ul><p><strong>Final Sale</strong></p>"
6546047336494,long-sleeve-hoodie-t-shirt-heather-grey,MERGE,"
<p>Cut from a lightweight cotton and modal blend, our hoodie t-shirt features a relaxed loose fit along with Éterne's signature extra long sleeves. </p>
<p>Style with your favorite pair of jeans, leather pants, layered under an oversized blazer, or paired with Éterne's lounge pant as a set.</p>",T-shirts,REPLACE,"<ul><li>Fits true to size, take your normal size</li><li>Designed for a loose fit</li><li>Lightweight, 50% cotton, 50% modal</li><li>Model is 177 cm/5&#39;10&quot; and is wearing a size S</li><li>Machine wash cold. Non-chlorine bleach. Tumble dry low. Cool iron. Do not dry clean.&nbsp;</li></ul><p><strong>Final Sale</strong></p>","<ul><li>Fits true to size, take your normal size</li><li>Designed for a loose fit</li><li>Lightweight, 50% cotton, 50% modal</li><li>Model is 177 cm/5&#39;10&quot; and is wearing a size S</li><li>Machine wash cold. Non-chlorine bleach. Tumble dry low. Cool iron. Do not dry clean.&nbsp;</li></ul><p><strong>Final Sale</strong></p>"
6546047369262,long-sleeve-cropped-hoodie-t-shirt-ivory,MERGE,"
<p>Cut from a lightweight cotton and modal blend, our cropped hoodie t-shirt features a relaxed loose fit along with Éterne's signature extra long sleeves. </p>
<p>Style with your favorite pair of jeans, leather pants, layered under an oversized blazer, or paired with Éterne's lounge pant as a set.</p>
<h6></h6>",T-shirts,REPLACE,"<ul><li>Fits true to size, take your normal size</li><li>Designed for a loose fit</li><li>50% cotton, 50% modal</li><li>Model is 177 cm/5&#39;10&quot; and is wearing a size S</li><li>Machine wash cold. Non-chlorine bleach. Tumble dry low. Cool iron. Do not dry clean.&nbsp;</li></ul><p><strong>Final Sale</strong></p>","<ul><li>Fits true to size, take your normal size</li><li>Designed for a loose fit</li><li>50% cotton, 50% modal</li><li>Model is 177 cm/5&#39;10&quot; and is wearing a size S</li><li>Machine wash cold. Non-chlorine bleach. Tumble dry low. Cool iron. Do not dry clean.&nbsp;</li></ul><p><strong>Final Sale</strong></p>"
6546047402030,long-sleeve-cropped-hoodie-t-shirt-black,MERGE,"
<p>Cut from a lightweight cotton and modal blend, our cropped hoodie t-shirt features a relaxed loose fit along with Éterne's signature extra long sleeves. </p>
<p>Style with your favorite pair of jeans, leather pants, layered under an oversized blazer, or paired with Éterne's lounge pant as a set.</p>",T-shirts,REPLACE,"<ul><li>Fits true to size, take your normal size</li><li>Designed for a loose fit</li><li>50% cotton, 50% modal</li><li>Model is 177 cm/5&#39;10&quot; and is wearing a size S</li><li>Machine wash cold. Non-chlorine bleach. Tumble dry low. Cool iron. Do not dry clean.&nbsp;</li></ul><p><strong>Final Sale</strong></p>","<ul><li>Fits true to size, take your normal size</li><li>Designed for a loose fit</li><li>50% cotton, 50% modal</li><li>Model is 177 cm/5&#39;10&quot; and is wearing a size S</li><li>Machine wash cold. Non-chlorine bleach. Tumble dry low. Cool iron. Do not dry clean.&nbsp;</li></ul><p><strong>Final Sale</strong></p>"
6546047467566,long-sleeve-cropped-hoodie-t-shirt-heather-grey,MERGE,"
<p>Cut from a lightweight cotton and modal blend, our cropped hoodie t-shirt features a relaxed loose fit along with Éterne's signature extra long sleeves. </p>
<p>Style with your favorite pair of jeans, leather pants, layered under an oversized blazer, or paired with Éterne's lounge pant as a set.</p>",,REPLACE,"<ul><li>Fits true to size, take your normal size</li><li>Designed for a loose fit</li><li>50% cotton, 50% modal</li><li>Model is 177 cm/5&#39;10&quot; and is wearing a size S</li><li>Machine wash cold. Non-chlorine bleach. Tumble dry low. Cool iron. Do not dry clean.&nbsp;</li></ul><p><strong>Final Sale</strong></p>","<ul><li>Fits true to size, take your normal size</li><li>Designed for a loose fit</li><li>50% cotton, 50% modal</li><li>Model is 177 cm/5&#39;10&quot; and is wearing a size S</li><li>Machine wash cold. Non-chlorine bleach. Tumble dry low. Cool iron. Do not dry clean.&nbsp;</li></ul><p><strong>Final Sale</strong></p>"
6546047500334,boyfriend-pocket-t-shirt-ivory,MERGE,"
<p>Cut from a lightweight cotton and modal blend, our boyfriend pocket t-shirt features a slightly loose fit. </p>
<p>Style with your favorite pair of jeans, leather pants, layered under an oversized blazer, or paired with Éterne's lounge pants as a set.</p>",T-shirts,REPLACE,"<ul><li>Fits true to size, take your normal size</li><li>Designed for a loose fit</li><li>50% cotton, 50% modal</li><li>Model is 177 cm/5&#39;10&quot; and is wearing a size S</li><li>Machine wash cold. Non-chlorine bleach. Tumble dry low. Cool iron. Do not dry clean.&nbsp;</li></ul>","<ul><li>Fits true to size, take your normal size</li><li>Designed for a loose fit</li><li>50% cotton, 50% modal</li><li>Model is 177 cm/5&#39;10&quot; and is wearing a size S</li><li>Machine wash cold. Non-chlorine bleach. Tumble dry low. Cool iron. Do not dry clean.&nbsp;</li></ul>"
6546047533102,boyfriend-pocket-t-shirt-black,MERGE,"
<p>Cut from a lightweight cotton and modal blend, our boyfriend pocket t-shirt features a slightly loose fit.</p>
<p>Style with your favorite pair of jeans, leather pants, layered under an oversized blazer, or paired with Éterne's lounge pants as a set.</p>",T-shirts,REPLACE,"<ul><li>Fits true to size, take your normal size</li><li>Designed for a loose fit</li><li>50% cotton, 50% modal</li><li>Model is 177 cm/5&#39;10&quot; and is wearing a size S</li><li>Machine wash cold. Non-chlorine bleach. Tumble dry low. Cool iron. Do not dry clean.&nbsp;</li></ul>","<ul><li>Fits true to size, take your normal size</li><li>Designed for a loose fit</li><li>50% cotton, 50% modal</li><li>Model is 177 cm/5&#39;10&quot; and is wearing a size S</li><li>Machine wash cold. Non-chlorine bleach. Tumble dry low. Cool iron. Do not dry clean.&nbsp;</li></ul>"
6546047631406,boyfriend-pocket-t-shirt-heather-grey,MERGE,"
<p>Cut from a lightweight cotton and modal blend, our boyfriend pocket t-shirt features a slightly loose fit. </p>
<p>Style with your favorite pair of jeans, leather pants, layered under an oversized blazer, or paired with Éterne's lounge pants as a set.</p>",T-shirts,REPLACE,"<ul><li>Fits true to size, take your normal size</li><li>Designed for a loose fit</li><li>50% cotton, 50% modal</li><li>Model is 177 cm/5&#39;10&quot; and is wearing a size S</li></ul>","<ul><li>Fits true to size, take your normal size</li><li>Designed for a loose fit</li><li>50% cotton, 50% modal</li><li>Model is 177 cm/5&#39;10&quot; and is wearing a size S</li></ul>"
6546047664174,lounge-pant-ivory,MERGE,"
<p>Cut from a lightweight cotton and modal blend, our lounge pant features a comfortable and relaxed fit with its soft elastic waistband and flattering wide legs. </p>
<p>Pair with Éterne's <a href=""https://eterne.com/collections/new-releases/products/ls-baby-tee-ivory"">long sleeve baby tee</a> as a set.</p>",Bottoms,REPLACE,"<ul><li>Fits true to size, take your normal size</li><li>Designed for a loose fit</li><li>50% cotton, 50% modal</li><li>Model is 177 cm/5&#39;10&quot; and is wearing a size S</li><li>Inseam 33 &frac14;&nbsp;</li><li><span style=""font-size:11pt;font-family:Arial;color:#454545;background-color:transparent;font-weight:400;font-style:normal;font-variant:normal;text-decoration:none;vertical-align:baseline;white-space:pre;white-space:pre-wrap;"">Machine wash cold. Non-chlorine bleach. Tumble dry low. Cool iron. Do not dry clean.&nbsp;</span></li></ul>","<ul><li>Fits true to size, take your normal size</li><li>Designed for a loose fit</li><li>50% cotton, 50% modal</li><li>Model is 177 cm/5&#39;10&quot; and is wearing a size S</li><li>Inseam 33 &frac14;&nbsp;</li><li><span style=""font-size:11pt;font-family:Arial;color:#454545;background-color:transparent;font-weight:400;font-style:normal;font-variant:normal;text-decoration:none;vertical-align:baseline;white-space:pre;white-space:pre-wrap;"">Machine wash cold. Non-chlorine bleach. Tumble dry low. Cool iron. Do not dry clean.&nbsp;</span></li></ul>"
6546047729710,lounge-pant-black,MERGE,"
<p>Cut from a lightweight cotton and modal blend, our lounge pant features a comfortable and relaxed fit with its soft elastic waistband and flattering wide legs. </p>
<p>Pair with Éterne's <a href=""https://eterne.com/collections/new-releases/products/ls-baby-tee-black"">long sleeve baby tee</a> as a set.</p>",Bottoms,REPLACE,"<ul><li>Fits true to size, take your normal size</li><li>Designed for a loose fit</li><li>50% cotton, 50% modal</li><li>Model is 177 cm/5&#39;10&quot; and is wearing a size S</li><li>Inseam 33 &frac14;&nbsp;</li><li><span style=""font-size:11pt;font-family:Arial;color:#454545;background-color:transparent;font-weight:400;font-style:normal;font-variant:normal;text-decoration:none;vertical-align:baseline;white-space:pre;white-space:pre-wrap;"">Machine wash cold. Non-chlorine bleach. Tumble dry low. Cool iron. Do not dry clean.&nbsp;</span></li></ul>","<ul><li>Fits true to size, take your normal size</li><li>Designed for a loose fit</li><li>50% cotton, 50% modal</li><li>Model is 177 cm/5&#39;10&quot; and is wearing a size S</li><li>Inseam 33 &frac14;&nbsp;</li><li><span style=""font-size:11pt;font-family:Arial;color:#454545;background-color:transparent;font-weight:400;font-style:normal;font-variant:normal;text-decoration:none;vertical-align:baseline;white-space:pre;white-space:pre-wrap;"">Machine wash cold. Non-chlorine bleach. Tumble dry low. Cool iron. Do not dry clean.&nbsp;</span></li></ul>"
6546047795246,lounge-pant-heather-grey,MERGE,"
<p>Cut from a lightweight cotton and modal blend, our lounge pant features a comfortable and relaxed fit with its soft elastic waistband and flattering wide legs. </p>
<p>Pair with Éterne's <a href=""https://eterne.com/collections/new-releases/products/ls-baby-tee-heather-grey"">long sleeve baby tee</a> as a set.</p>",Bottoms,REPLACE,"<ul><li>Fits true to size, take your normal size</li><li>Designed for a loose fit</li><li>50% cotton, 50% modal</li><li>Model is 177 cm/5&#39;10&quot; and is wearing a size S</li><li>Inseam 33 &frac14;&nbsp;</li><li><span style=""font-size:11pt;font-family:Arial;color:#454545;background-color:transparent;font-weight:400;font-style:normal;font-variant:normal;text-decoration:none;vertical-align:baseline;white-space:pre;white-space:pre-wrap;"">Machine wash cold. Non-chlorine bleach. Tumble dry low. Cool iron. Do not dry clean.&nbsp;</span></li></ul>","<ul><li>Fits true to size, take your normal size</li><li>Designed for a loose fit</li><li>50% cotton, 50% modal</li><li>Model is 177 cm/5&#39;10&quot; and is wearing a size S</li><li>Inseam 33 &frac14;&nbsp;</li><li><span style=""font-size:11pt;font-family:Arial;color:#454545;background-color:transparent;font-weight:400;font-style:normal;font-variant:normal;text-decoration:none;vertical-align:baseline;white-space:pre;white-space:pre-wrap;"">Machine wash cold. Non-chlorine bleach. Tumble dry low. Cool iron. Do not dry clean.&nbsp;</span></li></ul>"
6546047828014,lounge-boxer-short-ivory,MERGE,"
<p>Cut from a lightweight cotton and modal blend, our lounge boxer short features a comfortable and relaxed fit with it's soft elastic waistband, button and top stitch detail.</p>
<p>Pair with Éterne's <a href=""https://eterne.com/products/cropped-scoop-neck-tank-ivory"">cropped scoop neck tank </a>as a set.</p>",Bottoms,REPLACE,"<ul><li>Fits true to size, take your normal size</li><li>Designed for a loose fit</li><li>50% cotton, 50% modal</li><li>Model is 177 cm/5&#39;10&quot; and is wearing a size S</li><li>Inseam <span style=""font-size:11pt;font-family:Arial;color:#454545;background-color:transparent;font-weight:400;font-style:normal;font-variant:normal;text-decoration:none;vertical-align:baseline;white-space:pre;white-space:pre-wrap;"">3 &frac34;&nbsp;</span></li><li><span style=""font-size:11pt;font-family:Arial;color:#454545;background-color:transparent;font-weight:400;font-style:normal;font-variant:normal;text-decoration:none;vertical-align:baseline;white-space:pre;white-space:pre-wrap;"">Machine wash cold. Non-chlorine bleach. Tumble dry low. Cool iron. Do not dry clean.&nbsp;</span></li></ul>","<ul><li>Fits true to size, take your normal size</li><li>Designed for a loose fit</li><li>50% cotton, 50% modal</li><li>Model is 177 cm/5&#39;10&quot; and is wearing a size S</li><li>Inseam <span style=""font-size:11pt;font-family:Arial;color:#454545;background-color:transparent;font-weight:400;font-style:normal;font-variant:normal;text-decoration:none;vertical-align:baseline;white-space:pre;white-space:pre-wrap;"">3 &frac34;&nbsp;</span></li><li><span style=""font-size:11pt;font-family:Arial;color:#454545;background-color:transparent;font-weight:400;font-style:normal;font-variant:normal;text-decoration:none;vertical-align:baseline;white-space:pre;white-space:pre-wrap;"">Machine wash cold. Non-chlorine bleach. Tumble dry low. Cool iron. Do not dry clean.&nbsp;</span></li></ul>"
6546047893550,lounge-boxer-short-black,MERGE,"
<p>Cut from a lightweight cotton and modal blend, our lounge boxer short features a comfortable and relaxed fit with it's soft elastic waistband, button and top stitch detail.</p>
<p>Pair with Éterne's <a href=""https://eterne.com/products/cropped-scoop-neck-tank-black"">cropped scoop neck tank</a> as a set.</p>",Bottoms,REPLACE,"<ul><li>Fits true to size, take your normal size</li><li>Designed for a loose fit</li><li>50% cotton, 50% modal</li><li>Model is 177 cm/5&#39;10&quot; and is wearing a size S</li><li>Inseam&nbsp;<span style=""font-size:11pt;font-family:Arial;color:#454545;background-color:transparent;font-weight:400;font-style:normal;font-variant:normal;text-decoration:none;vertical-align:baseline;white-space:pre;white-space:pre-wrap;"">3 &frac34;&nbsp;</span></li><li><span style=""font-size:11pt;font-family:Arial;color:#454545;background-color:transparent;font-weight:400;font-style:normal;font-variant:normal;text-decoration:none;vertical-align:baseline;white-space:pre;white-space:pre-wrap;"">Machine wash cold. Non-chlorine bleach. Tumble dry low. Cool iron. Do not dry clean. </span></li></ul>","<ul><li>Fits true to size, take your normal size</li><li>Designed for a loose fit</li><li>50% cotton, 50% modal</li><li>Model is 177 cm/5&#39;10&quot; and is wearing a size S</li><li>Inseam&nbsp;<span style=""font-size:11pt;font-family:Arial;color:#454545;background-color:transparent;font-weight:400;font-style:normal;font-variant:normal;text-decoration:none;vertical-align:baseline;white-space:pre;white-space:pre-wrap;"">3 &frac34;&nbsp;</span></li><li><span style=""font-size:11pt;font-family:Arial;color:#454545;background-color:transparent;font-weight:400;font-style:normal;font-variant:normal;text-decoration:none;vertical-align:baseline;white-space:pre;white-space:pre-wrap;"">Machine wash cold. Non-chlorine bleach. Tumble dry low. Cool iron. Do not dry clean. </span></li></ul>"
6546047959086,lounge-boxer-short-heather-grey,MERGE,"
<p>Cut from a lightweight cotton and modal blend, our lounge boxer short features a comfortable and relaxed fit with it's soft elastic waistband, button and top stitch detail.</p>
<p>Pair with Éterne's <a href=""https://eterne.com/products/cropped-scoop-neck-tank-heather-grey"">cropped scoop neck tank</a> as a set.</p>",Bottoms,REPLACE,"<ul><li>Fits true to size, take your normal size</li><li>Designed for a loose fit</li><li>50% cotton, 50% modal</li><li>Model is 177 cm/5&#39;10&quot; and is wearing a size S</li><li>Inseam <span style=""font-size:11pt;font-family:Arial;color:#454545;background-color:transparent;font-weight:400;font-style:normal;font-variant:normal;text-decoration:none;vertical-align:baseline;white-space:pre;white-space:pre-wrap;"">3 &frac34;&nbsp;</span></li><li><span style=""font-size:11pt;font-family:Arial;color:#454545;background-color:transparent;font-weight:400;font-style:normal;font-variant:normal;text-decoration:none;vertical-align:baseline;white-space:pre;white-space:pre-wrap;"">Machine wash cold. Non-chlorine bleach. Tumble dry low. Cool iron. Do not dry clean.&nbsp;</span></li></ul>","<ul><li>Fits true to size, take your normal size</li><li>Designed for a loose fit</li><li>50% cotton, 50% modal</li><li>Model is 177 cm/5&#39;10&quot; and is wearing a size S</li><li>Inseam <span style=""font-size:11pt;font-family:Arial;color:#454545;background-color:transparent;font-weight:400;font-style:normal;font-variant:normal;text-decoration:none;vertical-align:baseline;white-space:pre;white-space:pre-wrap;"">3 &frac34;&nbsp;</span></li><li><span style=""font-size:11pt;font-family:Arial;color:#454545;background-color:transparent;font-weight:400;font-style:normal;font-variant:normal;text-decoration:none;vertical-align:baseline;white-space:pre;white-space:pre-wrap;"">Machine wash cold. Non-chlorine bleach. Tumble dry low. Cool iron. Do not dry clean.&nbsp;</span></li></ul>"
6546048057390,oversized-thermal-ivory,MERGE,"
<p>Cut from lightweight cotton and modal blend, our oversized thermal features a relaxed loose fit, classic crewneck, and Éterne's signature extra long sleeves.</p>
<p>Style with your favorite high-rise jeans, leather pants, layered under an oversized blazer or paired with Éterne's <a href=""https://eterne.com/products/thermal-lounge-pant-ivory"">thermal lounge pant</a> as a set.</p>",T-shirts,REPLACE,"<ul><li>Fits true to size, take your normal size</li><li>Designed for a loose fit</li><li>48% cotton, 48% modal, 4% spandex</li><li>Model is 177 cm/5&#39;10&quot; and is wearing a size S</li></ul>","<ul><li>Fits true to size, take your normal size</li><li>Designed for a loose fit</li><li>48% cotton, 48% modal, 4% spandex</li><li>Model is 177 cm/5&#39;10&quot; and is wearing a size S</li></ul>"
6546048090158,oversized-thermal-black,MERGE,"
<p>Cut from lightweight cotton and modal blend, our oversized thermal features a relaxed loose fit, classic crewneck, and Éterne's signature extra long sleeves.</p>
<p>Style with your favorite high-rise jeans, leather pants, layered under an oversized blazer or paired with Éterne's <a href=""https://eterne.com/products/thermal-lounge-pant-black"">thermal lounge pan</a>t as a set.</p>",T-shirts,REPLACE,"<ul><li>Fits true to size, take your normal size</li><li>Designed for a loose fit</li><li>48% cotton, 48% modal, 4% spandex</li><li>Model is 177 cm/5&#39;10&quot; and is wearing a size S</li></ul>","<ul><li>Fits true to size, take your normal size</li><li>Designed for a loose fit</li><li>48% cotton, 48% modal, 4% spandex</li><li>Model is 177 cm/5&#39;10&quot; and is wearing a size S</li></ul>"
6546048155694,oversized-thermal-heather-grey,MERGE,"
<p>Cut from lightweight cotton and modal blend, our oversized thermal features a relaxed loose fit, classic crewneck, and Éterne's signature extra long sleeves.</p>
<p>Style with your favorite high-rise jeans, leather pants, layered under an oversized blazer or paired with Éterne's <a href=""https://eterne.com/products/thermal-lounge-pant-heather-grey"">thermal lounge pant</a> as a set.</p>",T-shirts,REPLACE,"<ul><li>Fits true to size, take your normal size</li><li>Designed for a loose fit</li><li>48% cotton, 48% modal, 4% spandex</li><li>Model is 177 cm/5&#39;10&quot; and is wearing a size S</li></ul>","<ul><li>Fits true to size, take your normal size</li><li>Designed for a loose fit</li><li>48% cotton, 48% modal, 4% spandex</li><li>Model is 177 cm/5&#39;10&quot; and is wearing a size S</li></ul>"
6546048188462,cropped-oversized-thermal-ivory,MERGE,"
<p>Cut from a lightweight cotton and modal blend, our cropped oversized thermal features a relaxed loose fit, classic crewneck, and Éterne's signature extra long sleeves.</p>
<p>Style with your favorite high-rise jeans, leather pants, layered under an oversized blazer or paired with Éterne's <a href=""https://eterne.com/products/thermal-lounge-pant-ivory"">thermal lounge pan</a>t as a set.</p>",,REPLACE,"<ul><li>Fits true to size, take your normal size</li><li>Designed for a loose fit</li><li>48% cotton, 48% modal, 4% spandex</li><li>Model is 177 cm/5&#39;10&quot; and is wearing a size S</li><li>Machine wash cold. Non-chlorine bleach. Tumble dry low. Do not dry clean.&nbsp;</li></ul>","<ul><li>Fits true to size, take your normal size</li><li>Designed for a loose fit</li><li>48% cotton, 48% modal, 4% spandex</li><li>Model is 177 cm/5&#39;10&quot; and is wearing a size S</li><li>Machine wash cold. Non-chlorine bleach. Tumble dry low. Do not dry clean.&nbsp;</li></ul>"
6546048253998,cropped-oversized-thermal-black,MERGE,"
<p>Cut from a lightweight cotton and modal blend, our cropped oversized thermal features a relaxed loose fit, classic crewneck, and Éterne's signature extra long sleeves.</p>
<p>Style with your favorite high-rise jeans, leather pants, layered under an oversized blazer or paired with Éterne's <a href=""https://eterne.com/products/thermal-lounge-pant-black"">thermal lounge pant</a> as a set.</p>",,REPLACE,"<ul><li>Fits true to size, take your normal size</li><li>Designed for a loose fit</li><li>48% cotton, 48% modal, 4% spandex</li><li>Model is 177 cm/5&#39;10&quot; and is wearing a size S</li><li>Machine wash cold. Non-chlorine bleach. Tumble dry low. Cool iron. Do not dry clean.&nbsp;</li></ul>","<ul><li>Fits true to size, take your normal size</li><li>Designed for a loose fit</li><li>48% cotton, 48% modal, 4% spandex</li><li>Model is 177 cm/5&#39;10&quot; and is wearing a size S</li><li>Machine wash cold. Non-chlorine bleach. Tumble dry low. Cool iron. Do not dry clean.&nbsp;</li></ul>"
6546048286766,cropped-oversized-thermal-heather-grey,MERGE,"
<p>Cut from a lightweight cotton and modal blend, our cropped oversized thermal features a relaxed loose fit, classic crewneck, and Éterne's signature extra long sleeves.</p>
<p>Style with your favorite high-rise jeans, leather pants, layered under an oversized blazer or paired with Éterne's <a href=""https://eterne.com/products/thermal-lounge-pant-heather-grey"">thermal lounge pant</a> as a set.</p>",,REPLACE,"<ul><li>Fits true to size, take your normal size</li><li>Designed for a loose fit</li><li>48% cotton, 48% modal, 4% spandex</li><li>Model is 177 cm/5&#39;10&quot; and is wearing a size S</li><li>Machine wash cold. Non-chlorine bleach. Tumble dry low. Cool iron. Do not dry clean.&nbsp;</li></ul>","<ul><li>Fits true to size, take your normal size</li><li>Designed for a loose fit</li><li>48% cotton, 48% modal, 4% spandex</li><li>Model is 177 cm/5&#39;10&quot; and is wearing a size S</li><li>Machine wash cold. Non-chlorine bleach. Tumble dry low. Cool iron. Do not dry clean.&nbsp;</li></ul>"
6546048417838,thermal-biker-short-black,MERGE,"
<p>Cut from lightweight cotton and modal blend, our thermal biker short features a sexy slim fit with its 3' inch inseam, comfortable high-rise elastic waist and ultra soft waffle knit fabric.</p>
<p>Style Pair with Éterne's cropped oversized thermal as a set.</p>",Bottoms,REPLACE,"<ul><li>Fits true to size, take your normal size</li><li>Designed for a slim fit</li><li>48% cotton, 48% modal, 4% spandex</li><li>Model is 177 cm/5&#39;10&quot; and is wearing a size S</li><li>Machine wash cold. Non-chlorine bleach. Tumble dry low. Cool iron. Do not dry clean.&nbsp;</li></ul>","<ul><li>Fits true to size, take your normal size</li><li>Designed for a slim fit</li><li>48% cotton, 48% modal, 4% spandex</li><li>Model is 177 cm/5&#39;10&quot; and is wearing a size S</li><li>Machine wash cold. Non-chlorine bleach. Tumble dry low. Cool iron. Do not dry clean.&nbsp;</li></ul>"
6546048450606,thermal-biker-short-heather-grey,MERGE,"
<p>Cut from lightweight cotton and modal blend, our thermal biker short features a sexy slim fit with its 3' inch inseam, comfortable high-rise elastic waist and ultra soft waffle knit fabric.</p>
<p>Style Pair with Éterne's cropped oversized thermal as a set.</p>",Bottoms,REPLACE,"<ul><li>Fits true to size, take your normal size</li><li>Designed for a slim fit</li><li>48% cotton, 48% modal, 4% spandex</li><li>Model is 177 cm/5&#39;10&quot; and is wearing a size S</li><li>Machine wash cold. Non-chlorine bleach. Tumble dry low. Cool iron. Do not dry clean.&nbsp;</li></ul>","<ul><li>Fits true to size, take your normal size</li><li>Designed for a slim fit</li><li>48% cotton, 48% modal, 4% spandex</li><li>Model is 177 cm/5&#39;10&quot; and is wearing a size S</li><li>Machine wash cold. Non-chlorine bleach. Tumble dry low. Cool iron. Do not dry clean.&nbsp;</li></ul>"
6546048516142,thermal-romper,MERGE,"
<p>Cut from a lightweight cotton and modal blend, our thermal romper is designed for a close fit with its henley inspired neckline and ultra soft waffle knit fabric.  </p>",,REPLACE,"<ul><li>Fits true to size, take your normal size</li><li>Designed for a close fit</li><li>48% cotton, 48% modal, 4% spandex</li><li>Model is 177 cm/5&#39;10&quot; and is wearing a size S</li><li>Machine wash cold. Non-chlorine bleach. Tumble dry low. Cool iron. &nbsp;Do not dry clean.</li></ul>","<ul><li>Fits true to size, take your normal size</li><li>Designed for a close fit</li><li>48% cotton, 48% modal, 4% spandex</li><li>Model is 177 cm/5&#39;10&quot; and is wearing a size S</li><li>Machine wash cold. Non-chlorine bleach. Tumble dry low. Cool iron. &nbsp;Do not dry clean.</li></ul>"
6546048614446,thermal-lounge-pant-ivory,MERGE,"
<p>Cut from a lightweight cotton and modal blend, our thermal lounge pant features a comfortable and relaxed fit with its soft elastic waistband, flattering wide legs and ultra soft waffle knit fabric.</p>
<p>Pair with Eterne's long sleeve cropped thermal hoodie as a set.</p>",Bottoms,REPLACE,"<ul><li>Fits true to size, take your normal size</li><li>Designed for a loose fit</li><li>48% cotton, 48% modal, 4% spandex&nbsp;</li><li>Model is 177 cm/5&#39;10&quot; and is wearing a size S</li><li>Machine wash cold. Non-chlorine bleach. Tumble dry low. Cool iron. Do not dry clean.&nbsp;</li></ul>","<ul><li>Fits true to size, take your normal size</li><li>Designed for a loose fit</li><li>48% cotton, 48% modal, 4% spandex&nbsp;</li><li>Model is 177 cm/5&#39;10&quot; and is wearing a size S</li><li>Machine wash cold. Non-chlorine bleach. Tumble dry low. Cool iron. Do not dry clean.&nbsp;</li></ul>"
6546048712750,thermal-lounge-pant-black,MERGE,"
<p>Cut from a lightweight cotton and modal blend, our thermal lounge pant features a comfortable and relaxed fit with its soft elastic waistband, flattering wide legs and ultra soft waffle knit fabric.</p>
<p>Pair with Eterne's long sleeve cropped thermal hoodie as a set.</p>",Bottoms,REPLACE,"<ul><li>Fits true to size, take your normal size</li><li>Designed for a loose fit</li><li>48% cotton, 48% modal, 4% spandex&nbsp;</li><li>Model is 177 cm/5&#39;10&quot; and is wearing a size S</li><li>Machine wash cold. Non-chlorine bleach. Tumble dry low. Cool iron. Do not dry clean.&nbsp;</li></ul>","<ul><li>Fits true to size, take your normal size</li><li>Designed for a loose fit</li><li>48% cotton, 48% modal, 4% spandex&nbsp;</li><li>Model is 177 cm/5&#39;10&quot; and is wearing a size S</li><li>Machine wash cold. Non-chlorine bleach. Tumble dry low. Cool iron. Do not dry clean.&nbsp;</li></ul>"
6546048778286,thermal-lounge-pant-heather-grey,MERGE,"
<p>Cut from a lightweight cotton and modal blend, our thermal lounge pant features a comfortable and relaxed fit with its soft elastic waistband, flattering wide legs and ultra soft waffle knit fabric.</p>
<p>Pair with Eterne's long sleeve cropped thermal hoodie as a set.</p>",Bottoms,REPLACE,"<ul><li>Fits true to size, take your normal size</li><li>Designed for a loose fit</li><li>48% cotton, 48% modal, 4% spandex&nbsp;</li><li>Model is 177 cm/5&#39;10&quot; and is wearing a size S</li><li>Machine wash cold. Non-chlorine bleach. Tumble dry low. Cool iron. Do not dry clean.&nbsp;</li></ul>","<ul><li>Fits true to size, take your normal size</li><li>Designed for a loose fit</li><li>48% cotton, 48% modal, 4% spandex&nbsp;</li><li>Model is 177 cm/5&#39;10&quot; and is wearing a size S</li><li>Machine wash cold. Non-chlorine bleach. Tumble dry low. Cool iron. Do not dry clean.&nbsp;</li></ul>"
6684858417198,cropped-v-neck-t-shirt-black,MERGE,"
<p>Cut from a lightweight cotton and modal blend, our cropped v-neck t-shirt features a slightly slim fit with its flattering V neckline and vintage feel. </p>
<p>Style with your favorite pair of jeans, leather pants, layered under an oversized blazer, or paired with Éterne's lounge pants as a set.</p>",,REPLACE,"<ul><li>Fits true to size, take your normal size</li><li>Designed for a slightly slim fit</li><li>Lightweight, 50% cotton 50% modal</li><li>Model is 177 cm/5&#39;10&quot; and is wearing a size S</li><li>Machine wash cold. Non-chlorine bleach. Tumble dry low. Cool iron. Do not dry clean.</li></ul><p><strong>Final Sale</strong></p>","<ul><li>Fits true to size, take your normal size</li><li>Designed for a slightly slim fit</li><li>Lightweight, 50% cotton 50% modal</li><li>Model is 177 cm/5&#39;10&quot; and is wearing a size S</li><li>Machine wash cold. Non-chlorine bleach. Tumble dry low. Cool iron. Do not dry clean.</li></ul><p><strong>Final Sale</strong></p>"
6684859203630,cropped-v-neck-t-shirt-ivory,MERGE,"
<p>Cut from a lightweight cotton and modal blend, our cropped v-neck t-shirt features a slightly slim fit with its flattering V neckline and vintage feel. </p>
<p>Style with your favorite pair of jeans, leather pants, layered under an oversized blazer, or paired with Éterne's lounge pants as a set.</p>",,REPLACE,"<ul><li>Fits true to size, take your normal size</li><li>Designed for a slightly slim fit</li><li>Lightweight, 50% cotton 50% modal</li><li>Model is 177 cm/5&#39;10&quot; and is wearing a size S</li><li>Machine wash cold. Non-chlorine bleach. Tumble dry low. Cool iron. Do not dry clean.</li></ul><p><strong>Final Sale</strong></p>","<ul><li>Fits true to size, take your normal size</li><li>Designed for a slightly slim fit</li><li>Lightweight, 50% cotton 50% modal</li><li>Model is 177 cm/5&#39;10&quot; and is wearing a size S</li><li>Machine wash cold. Non-chlorine bleach. Tumble dry low. Cool iron. Do not dry clean.</li></ul><p><strong>Final Sale</strong></p>"
6691501735982,v-neck-t-shirt-ivory,MERGE,"
<p>Cut from a lightweight cotton and modal blend, our v-neck t-shirt features a slightly slim fit with its flattering V neckline and vintage feel. </p>
<p>Style with your favorite pair of jeans, leather pants, layered under an oversized blazer, or paired with Éterne's lounge pants as a set.</p>",T-shirts,REPLACE,"<ul><li>Fits true to size, take your normal size</li><li>Designed for a slightly slim fit</li><li>Lightweight, 50% cotton 50% modal</li><li>Model is 177 cm/5&#39;10&quot; and is wearing a size S</li><li>Machine wash cold. Non-chlorine bleach. Tumble dry low. Cool iron. Do not dry clean.</li></ul>","<ul><li>Fits true to size, take your normal size</li><li>Designed for a slightly slim fit</li><li>Lightweight, 50% cotton 50% modal</li><li>Model is 177 cm/5&#39;10&quot; and is wearing a size S</li><li>Machine wash cold. Non-chlorine bleach. Tumble dry low. Cool iron. Do not dry clean.</li></ul>"
6691501801518,v-neck-t-shirt-black,MERGE,"
<p>Cut from a lightweight cotton and modal blend, our v-neck t-shirt features a slightly slim fit with its flattering V neckline and vintage feel. </p>
<p>Style with your favorite pair of jeans, leather pants, layered under an oversized blazer, or paired with Éterne's lounge pants as a set.</p>",T-shirts,REPLACE,"<ul><li>Fits true to size, take your normal size</li><li>Designed for a slightly slim fit</li><li>Lightweight, 50% cotton 50% modal</li><li>Model is 177 cm/5&#39;10&quot; and is wearing a size S</li><li>Machine wash cold. Non-chlorine bleach. Tumble dry low. Cool iron. Do not dry clean.</li></ul>","<ul><li>Fits true to size, take your normal size</li><li>Designed for a slightly slim fit</li><li>Lightweight, 50% cotton 50% modal</li><li>Model is 177 cm/5&#39;10&quot; and is wearing a size S</li><li>Machine wash cold. Non-chlorine bleach. Tumble dry low. Cool iron. Do not dry clean.</li></ul>"
6693348605998,long-sleeve-cropped-t-shirt-black,MERGE,"
<p><span style=""font-weight: 400;"">Cut from a lightweight cotton and modal blend, our long sleeve cropped t-shirt features a relaxed loose fit, crew neck, along with Éterne’s signature extra long sleeves.</span></p>
<p><span style=""font-weight: 400;"">Style with your favorite pair of jeans, leather pants, layered under an oversized blazer, or paired with Éterne’s lounge pant as a set. </span></p>",T-shirts,REPLACE,"<ul><li>Fits true to size, take your normal size</li><li>Designed for a slightly loose fit</li><li>Lightweight, 50% Cotton / 50% Modal&nbsp;</li><li>Model is 177 cm/5&#39;10&quot; and is wearing a size S</li><li>Machine wash cold. Non-chlorine bleach. Tumble dry low. Cool iron. Do not dry clean.&nbsp;</li></ul>","<ul><li>Fits true to size, take your normal size</li><li>Designed for a slightly loose fit</li><li>Lightweight, 50% Cotton / 50% Modal&nbsp;</li><li>Model is 177 cm/5&#39;10&quot; and is wearing a size S</li><li>Machine wash cold. Non-chlorine bleach. Tumble dry low. Cool iron. Do not dry clean.&nbsp;</li></ul>"
6693349294126,long-sleeve-cropped-t-shirt-heather-grey,MERGE,"
<p><span style=""font-weight: 400;"">Cut from a lightweight cotton and modal blend, our long sleeve cropped t-shirt features a relaxed loose fit, crew neck, along with Éterne’s signature extra long sleeves.</span></p>
<p><span style=""font-weight: 400;"">Style with your favorite pair of jeans, leather pants, layered under an oversized blazer, or paired with Éterne’s lounge pant as a set. </span></p>",T-shirts,REPLACE,"<ul><li>Fits true to size, take your normal size</li><li>Designed for a slightly loose fit</li><li>Lightweight, 50% Cotton / 50% Modal&nbsp;</li><li>Model is 177 cm/5&#39;10&quot; and is wearing a size S</li><li>Machine wash cold. Non-chlorine bleach. Tumble dry low. Cool iron. Do not dry clean.</li></ul>","<ul><li>Fits true to size, take your normal size</li><li>Designed for a slightly loose fit</li><li>Lightweight, 50% Cotton / 50% Modal&nbsp;</li><li>Model is 177 cm/5&#39;10&quot; and is wearing a size S</li><li>Machine wash cold. Non-chlorine bleach. Tumble dry low. Cool iron. Do not dry clean.</li></ul>"
6693349851182,long-sleeve-cropped-t-shirt-ivory,MERGE,"
<p><span style=""font-weight: 400;"">Cut from a lightweight cotton and modal blend, our long sleeve cropped t-shirt features a relaxed loose fit, crew neck, along with Éterne’s signature extra long sleeves.</span></p>
<p><span style=""font-weight: 400;"">Style with your favorite pair of jeans, leather pants, layered under an oversized blazer, or paired with Éterne’s lounge pant as a set. </span></p>",T-shirts,REPLACE,"<ul><li>Fits true to size, take your normal size</li><li>Designed for a slightly loose fit</li><li>Lightweight, 50% Cotton / 50% Modal&nbsp;</li><li>Model is 177 cm/5&#39;10&quot; and is wearing a size S</li><li>Machine wash cold. Non-chlorine bleach. Tumble dry low. Cool iron. Do not dry clean.</li></ul>","<ul><li>Fits true to size, take your normal size</li><li>Designed for a slightly loose fit</li><li>Lightweight, 50% Cotton / 50% Modal&nbsp;</li><li>Model is 177 cm/5&#39;10&quot; and is wearing a size S</li><li>Machine wash cold. Non-chlorine bleach. Tumble dry low. Cool iron. Do not dry clean.</li></ul>"
6718989336622,long-sleeve-cropped-rib-t-shirt-ivory,MERGE,"
<p>Cut from a lightweight<span> </span>100% cotton rib fabric, our long sleeve cropped rib t-shirt features a form fitting yet comfortable silhouette along with ÉTERNE's signature extra long sleeves. </p>
<p>Style with your favorite high-rise jeans, leather pants, or layered under an oversized blazer. </p>",T-shirts,REPLACE,"<ul><li>Fits true to size, take your normal size</li><li>Designed for a loose fit</li><li>48% cotton, 48% modal, 4% spandex</li><li>Model is 177 cm/5&#39;10&quot; and is wearing a size&nbsp;</li><li><span style=""font-size:11pt;font-family:Arial;color:#454545;background-color:transparent;font-weight:400;font-style:normal;font-variant:normal;text-decoration:none;vertical-align:baseline;white-space:pre;white-space:pre-wrap;"">Machine wash cold. Non-chlorine bleach. Tumble dry low. Cool iron. Do not dry clean.&nbsp;</span></li></ul>","<ul><li>Fits true to size, take your normal size</li><li>Designed for a loose fit</li><li>48% cotton, 48% modal, 4% spandex</li><li>Model is 177 cm/5&#39;10&quot; and is wearing a size&nbsp;</li><li><span style=""font-size:11pt;font-family:Arial;color:#454545;background-color:transparent;font-weight:400;font-style:normal;font-variant:normal;text-decoration:none;vertical-align:baseline;white-space:pre;white-space:pre-wrap;"">Machine wash cold. Non-chlorine bleach. Tumble dry low. Cool iron. Do not dry clean.&nbsp;</span></li></ul>"
6718990549038,long-sleeve-cropped-rib-t-shirt-black,MERGE,"
<p>Cut from a lightweight 100% cotton rib fabric, our long sleeve cropped rib t-shirt features a form fitting yet comfortable silhouette along with ÉTERNE's signature extra long sleeves. </p>
<p>Style with your favorite high-rise jeans, leather pants, or layered under an oversized blazer. <br></p>",T-shirts,REPLACE,"<ul><li>Fits true to size, take your normal size</li><li>Designed for a loose fit</li><li>48% cotton, 48% modal, 4% spandex</li><li>Model is 177 cm/5&#39;10&quot; and is wearing a size S</li><li><span style=""font-size:11pt;font-family:Arial;color:#454545;background-color:transparent;font-weight:400;font-style:normal;font-variant:normal;text-decoration:none;vertical-align:baseline;white-space:pre;white-space:pre-wrap;"">Machine wash cold. Non-chlorine bleach. Tumble dry low. Cool iron. Do not dry clean.&nbsp;</span></li></ul>","<ul><li>Fits true to size, take your normal size</li><li>Designed for a loose fit</li><li>48% cotton, 48% modal, 4% spandex</li><li>Model is 177 cm/5&#39;10&quot; and is wearing a size S</li><li><span style=""font-size:11pt;font-family:Arial;color:#454545;background-color:transparent;font-weight:400;font-style:normal;font-variant:normal;text-decoration:none;vertical-align:baseline;white-space:pre;white-space:pre-wrap;"">Machine wash cold. Non-chlorine bleach. Tumble dry low. Cool iron. Do not dry clean.&nbsp;</span></li></ul>"
6718992121902,long-sleeve-cropped-rib-t-shirt-heather-grey,MERGE,"
<p>Cut from a lightweight<span> </span>100% cotton rib fabric, our long sleeve cropped rib t-shirt features a form fitting yet comfortable silhouette along with ÉTERNE's signature extra long sleeves. </p>
<p>Style with your favorite high-rise jeans, leather pants, or layered under an oversized blazer. </p>",T-shirts,REPLACE,"<ul><li>Fits true to size, take your normal size</li><li>Designed for a loose fit</li><li>48% cotton, 48% modal, 4% spandex</li><li>Model is 177 cm/5&#39;10&quot; and is wearing a size&nbsp;</li><li><span style=""font-size:11pt;font-family:Arial;color:#454545;background-color:transparent;font-weight:400;font-style:normal;font-variant:normal;text-decoration:none;vertical-align:baseline;white-space:pre;white-space:pre-wrap;"">Machine wash cold. Non-chlorine bleach. Tumble dry low. Cool iron. Do not dry clean.&nbsp;</span></li></ul>","<ul><li>Fits true to size, take your normal size</li><li>Designed for a loose fit</li><li>48% cotton, 48% modal, 4% spandex</li><li>Model is 177 cm/5&#39;10&quot; and is wearing a size&nbsp;</li><li><span style=""font-size:11pt;font-family:Arial;color:#454545;background-color:transparent;font-weight:400;font-style:normal;font-variant:normal;text-decoration:none;vertical-align:baseline;white-space:pre;white-space:pre-wrap;"">Machine wash cold. Non-chlorine bleach. Tumble dry low. Cool iron. Do not dry clean.&nbsp;</span></li></ul>"
6728914796590,short-sleeve-baby-tee-heather-grey,MERGE,"
<p class=""p1"">Cut from a lightweight cotton and modal blend, our short sleeve baby tee features a shrunken slim fit and a thin-lined crewneck. This t-shirt is a perfect everyday essential. </p>
<p class=""p1"">Style with your favorite pair of jeans, leather pants, layered under an oversized blazer, or paired with Éterne's lounge pants as a set. </p>
<p> </p>",T-shirts,REPLACE,"<ul><li>Fits true to size, take your normal size</li><li>Designed for a slim fit&nbsp;</li><li>50% Cotton 50% Modal&nbsp;</li><li>Machine wash cold. Non-chlorine bleach. Tumble dry low. Cool iron. Do not dry clean.&nbsp;</li></ul>","<ul><li>Fits true to size, take your normal size</li><li>Designed for a slim fit&nbsp;</li><li>50% Cotton 50% Modal&nbsp;</li><li>Machine wash cold. Non-chlorine bleach. Tumble dry low. Cool iron. Do not dry clean.&nbsp;</li></ul>"
6728915550254,cropped-v-neck-t-shirt-heather-grey,MERGE,"
<p>Cut from a lightweight cotton and modal blend, our cropped v-neck t-shirt features a slightly slim fit with its flattering V neckline and vintage feel. </p>
<p>Style with your favorite pair of jeans, leather pants, layered under an oversized blazer, or paired with Éterne's lounge pants as a set.</p>",T-shirts,REPLACE,"<ul><li>Fits true to size, take your normal size</li><li>Designed for a slightly slim fit</li><li>Lightweight, 50% cotton 50% modal</li><li>Machine wash cold. Non-chlorine bleach. Tumble dry low. Cool iron. Do not dry clean.</li></ul><p><strong>Final Sale</strong></p>","<ul><li>Fits true to size, take your normal size</li><li>Designed for a slightly slim fit</li><li>Lightweight, 50% cotton 50% modal</li><li>Machine wash cold. Non-chlorine bleach. Tumble dry low. Cool iron. Do not dry clean.</li></ul><p><strong>Final Sale</strong></p>"
6728916893742,v-neck-t-shirt-heather-grey,MERGE,"
<p>Cut from a lightweight cotton and modal blend, our v-neck t-shirt features a slightly slim fit with its flattering V neckline and vintage feel. </p>
<p>Style with your favorite pair of jeans, leather pants, layered under an oversized blazer, or paired with Éterne's lounge pants as a set.</p>",T-shirts,REPLACE,"<ul><li>Fits true to size, take your normal size</li><li>Designed for a slightly slim fit</li><li>Lightweight, 50% cotton 50% modal</li><li>Model is 177 cm/5&#39;10&quot; and is wearing a size S</li><li>Machine wash cold. Non-chlorine bleach. Tumble dry low. Cool iron. Do not dry clean.</li></ul>","<ul><li>Fits true to size, take your normal size</li><li>Designed for a slightly slim fit</li><li>Lightweight, 50% cotton 50% modal</li><li>Model is 177 cm/5&#39;10&quot; and is wearing a size S</li><li>Machine wash cold. Non-chlorine bleach. Tumble dry low. Cool iron. Do not dry clean.</li></ul>"
6755621568558,cropped-long-sleeve-thermal-grey,MERGE,"
<p>Cut from a lightweight cotton and modal blend, our cropped long sleeve thermal features a slightly slim fit, classic crewneck, and Éterne's signature extra long sleeves. </p>
<p>Style with your favorite pair of jeans, leather pants, layered under an oversized blazer, or paired with Éterne's <a href=""https://eterne.com/products/thermal-lounge-pant-heather-grey"">thermal lounge pant</a> as a set. </p>",,REPLACE,"<ul><li>Fits true to size, take your normal size</li><li>Designed for a slightly slim fit&nbsp;</li><li>48% Cotton 48% Modal 4% Spandex</li><li>Model is 177 cm/5&#39;10&quot; and is wearing a size S</li><li>Machine wash cold. Non-chlorine bleach. Tumble dry low. Cool iron. Do not dry clean.&nbsp;</li></ul>","<ul><li>Fits true to size, take your normal size</li><li>Designed for a slightly slim fit&nbsp;</li><li>48% Cotton 48% Modal 4% Spandex</li><li>Model is 177 cm/5&#39;10&quot; and is wearing a size S</li><li>Machine wash cold. Non-chlorine bleach. Tumble dry low. Cool iron. Do not dry clean.&nbsp;</li></ul>"
6755625992238,long-sleeve-thermal-grey,MERGE,,T-shirts,REPLACE,"<ul><li>Fits true to size, take your normal size</li><li>Designed for a slightly slim fit</li><li>48% Cotton 48% modal 4% spandex</li><li>Machine wash cold. Non-chlorine bleach. Tumble dry low. Cool iron. Do not dry clean.&nbsp;</li></ul>","<ul><li>Fits true to size, take your normal size</li><li>Designed for a slightly slim fit</li><li>48% Cotton 48% modal 4% spandex</li><li>Machine wash cold. Non-chlorine bleach. Tumble dry low. Cool iron. Do not dry clean.&nbsp;</li></ul>"
6766641119278,thermal-drawstring-pant-black,MERGE,,Bottoms,REPLACE,"<ul><li>Fits true to size, take your normal size</li><li>Designed for a loose fit&nbsp;</li><li>48% Cotton 48% Modal 4% Spandex</li><li>Model is 177 cm/5&#39;10&quot; and is wearing a size S</li><li>Machine wash cold. Non-chlorine bleach. Tumble dry low. Cool iron. Do not dry clean.&nbsp;</li></ul>","<ul><li>Fits true to size, take your normal size</li><li>Designed for a loose fit&nbsp;</li><li>48% Cotton 48% Modal 4% Spandex</li><li>Model is 177 cm/5&#39;10&quot; and is wearing a size S</li><li>Machine wash cold. Non-chlorine bleach. Tumble dry low. Cool iron. Do not dry clean.&nbsp;</li></ul>"
6766642036782,thermal-drawstring-pant-heather-grey,MERGE,"
<meta charset=""utf-8""><p><span>Cut from a lightweight cotton and modal blend, our thermal drawstring pant features a comfortable and relaxed fit with its soft elastic waistband, and ultra soft waffle knit fabric.</span></p>
<p><span>Pair with Eterne's <a href=""https://eterne.com/products/cropped-thermal-henley-heather-grey"" target=""_blank"" rel=""noopener noreferrer"">cropped thermal henley</a> as a set.</span></p>",Bottoms,REPLACE,"<ul><li>Fits true to size, take your normal size</li><li>Designed for a loose fit&nbsp;</li><li>48% Cotton 48% Modal 4% Spandex</li><li>Model is 177 cm/5&#39;10&quot; and is wearing a size S</li><li>Machine wash cold. Non-chlorine bleach. Tumble dry low. Cool iron. Do not dry clean.&nbsp;</li></ul>","<ul><li>Fits true to size, take your normal size</li><li>Designed for a loose fit&nbsp;</li><li>48% Cotton 48% Modal 4% Spandex</li><li>Model is 177 cm/5&#39;10&quot; and is wearing a size S</li><li>Machine wash cold. Non-chlorine bleach. Tumble dry low. Cool iron. Do not dry clean.&nbsp;</li></ul>"
6766642561070,cropped-thermal-henley-black,MERGE,"
<meta charset=""utf-8"">
<p><span>Cut from a lightweight cotton and modal blend, our cropped thermal henley features a relaxed loose fit, classic crewneck with button detail, and Éterne's signature extra long sleeves. </span></p>
<p>Style with your favorite pair of jeans, leather pants, layered under an oversized blazer, or pair with Éterne's <a href=""https://eterne.com/products/thermal-drawstring-pant-black"">thermal drawstring pants</a> as a set. </p>",,REPLACE,"<ul><li>Fits true to size, take your normal size</li><li>Designed for a loose fit&nbsp;</li><li>48% Cotton 48% Modal 4% Spandex</li><li>Model is 177 cm/5&#39;10&quot; and is wearing a size S</li><li>Machine wash cold. Non-chlorine bleach. Tumble dry low. Cool iron. Do not dry clean.&nbsp;</li></ul><p><strong>Final Sale</strong></p>","<ul><li>Fits true to size, take your normal size</li><li>Designed for a loose fit&nbsp;</li><li>48% Cotton 48% Modal 4% Spandex</li><li>Model is 177 cm/5&#39;10&quot; and is wearing a size S</li><li>Machine wash cold. Non-chlorine bleach. Tumble dry low. Cool iron. Do not dry clean.&nbsp;</li></ul><p><strong>Final Sale</strong></p>"
6766642954286,cropped-thermal-henley-heather-grey,MERGE,"
<p><meta charset=""utf-8""><span>Cut from a lightweight cotton and modal blend, our cropped thermal henley features a relaxed loose fit, classic crewneck with button detail, and Éterne's signature extra long sleeves.</span></p>
<p><span>Style with your favorite pair of jeans, leather pants, layered under an oversized blazer, or paired with Éterne's <a href=""https://eterne.com/products/thermal-drawstring-pant-heather-grey"" target=""_blank"">thermal drawstring pants</a> as a set. </span></p>",,REPLACE,"<ul><li>Fits true to size, take your normal size</li><li>Designed for a loose fit&nbsp;</li><li>48% Cotton 48% Modal 4% Spandex</li><li>Model is 177 cm/5&#39;10&quot; and is wearing a size S</li><li>Machine wash cold. Non-chlorine bleach. Tumble dry low. Cool iron. Do not dry clean.&nbsp;</li></ul><p><strong>Final Sale</strong></p>","<ul><li>Fits true to size, take your normal size</li><li>Designed for a loose fit&nbsp;</li><li>48% Cotton 48% Modal 4% Spandex</li><li>Model is 177 cm/5&#39;10&quot; and is wearing a size S</li><li>Machine wash cold. Non-chlorine bleach. Tumble dry low. Cool iron. Do not dry clean.&nbsp;</li></ul><p><strong>Final Sale</strong></p>"
6771378683950,cropped-scoop-neck-tank-ivory,MERGE,"
<p>Cut from a lightweight 100% cotton<span> </span>ribbed fabric, our cropped scoop neck tank features a flattering slim fit cropped at the waist with its<span> </span>meticulously measured scoop neck. It is the ultimate everyday basic.</p>
<p><meta charset=""utf-8"">Style with your favorite pair of jeans, leather pants, layered under an oversized blazer, or pair with Éterne's<span> </span><a href=""https://eterne.com/products/thermal-lounge-pant-ivory"">thermal<span> </span>lounge pant</a> as a set.</p>",Tanks,REPLACE,"<ul><li>Fits true to size, take your normal size</li><li>Designed for a slim fit</li><li>48% cotton, 48% modal, 4% spandex</li><li>Model is 177 cm/5&#39;10&quot; and is wearing a size S</li><li>Machine wash cold. Non-chlorine bleach. Tumble dry low. Cool iron. Do not dry clean.&nbsp;</li></ul>","<ul><li>Fits true to size, take your normal size</li><li>Designed for a slim fit</li><li>48% cotton, 48% modal, 4% spandex</li><li>Model is 177 cm/5&#39;10&quot; and is wearing a size S</li><li>Machine wash cold. Non-chlorine bleach. Tumble dry low. Cool iron. Do not dry clean.&nbsp;</li></ul>"
6771380191278,cropped-scoop-neck-tank-black,MERGE,"
<p>Cut from a lightweight 100% cotton ribbed fabric, our cropped scoop neck tank features a flattering slim fit cropped at the waist with its meticulously measured scoop neck. It is the ultimate everyday basic.</p>
<p><meta charset=""utf-8"">Style with your favorite pair of jeans, leather pants, layered under an oversized blazer, or pair with Éterne's <a href=""https://eterne.com/products/thermal-lounge-pant-black"">thermal lounge pant</a> as a set.</p>",Tanks,REPLACE,"<ul><li>Fits true to size, take your normal size</li><li>Designed for a slim fit</li><li>48% cotton, 48% modal, 4% spandex</li><li>Model is 177 cm/5&#39;10&quot; and is wearing a size S</li><li>Machine wash cold. Non-chlorine bleach. Tumble dry low. Cool iron. Do not dry clean.&nbsp;</li></ul>","<ul><li>Fits true to size, take your normal size</li><li>Designed for a slim fit</li><li>48% cotton, 48% modal, 4% spandex</li><li>Model is 177 cm/5&#39;10&quot; and is wearing a size S</li><li>Machine wash cold. Non-chlorine bleach. Tumble dry low. Cool iron. Do not dry clean.&nbsp;</li></ul>"
6771380715566,cropped-scoop-neck-tank-heather-grey,MERGE,"
<p>Cut from a lightweight 100% cotton<span> </span>ribbed fabric, our cropped scoop neck tank features a flattering slim fit cropped at the waist with its<span> </span>meticulously measured scoop neck. It is the ultimate everyday basic.</p>
<p><meta charset=""utf-8"">Style with your favorite pair of jeans, leather pants, layered under an oversized blazer, or pair with Éterne's<span> </span><a href=""https://eterne.com/products/thermal-lounge-pant-heather-grey"">thermal<span> </span>lounge pant</a> as a set.</p>",Tanks,REPLACE,"<ul><li>Fits true to size, take your normal size</li><li>Designed for a slim fit</li><li>48% cotton, 48% modal, 4% spandex</li><li>Model is 177 cm/5&#39;10&quot; and is wearing a size S</li><li>Machine wash cold. Non-chlorine bleach. Tumble dry low. Cool iron. Do not dry clean.&nbsp;</li></ul>","<ul><li>Fits true to size, take your normal size</li><li>Designed for a slim fit</li><li>48% cotton, 48% modal, 4% spandex</li><li>Model is 177 cm/5&#39;10&quot; and is wearing a size S</li><li>Machine wash cold. Non-chlorine bleach. Tumble dry low. Cool iron. Do not dry clean.&nbsp;</li></ul>"
6777119932462,thermal-henley-black,MERGE,"
<meta charset=""utf-8"">
<p><span>Cut from a lightweight cotton and modal blend, our thermal henley features a relaxed loose fit, classic crewneck with button detail, and Éterne's signature extra long sleeves. </span></p>
<p>Style with your favorite pair of jeans, leather pants, layered under an oversized blazer, or pair with Éterne's <a href=""https://eterne.com/products/thermal-drawstring-pant-black"">thermal drawstring pants</a> as a set. </p>",,REPLACE,"<ul><li>Fits true to size, take your normal size</li><li>Designed for a loose fit&nbsp;</li><li>48% Cotton 48% Modal 4% Spandex</li><li>Model is 177 cm/5&#39;10&quot; and is wearing a size S</li><li>Machine wash cold. Non-chlorine bleach. Tumble dry low. Cool iron. Do not dry clean.&nbsp;</li></ul><p><strong>Final Sale</strong></p>","<ul><li>Fits true to size, take your normal size</li><li>Designed for a loose fit&nbsp;</li><li>48% Cotton 48% Modal 4% Spandex</li><li>Model is 177 cm/5&#39;10&quot; and is wearing a size S</li><li>Machine wash cold. Non-chlorine bleach. Tumble dry low. Cool iron. Do not dry clean.&nbsp;</li></ul><p><strong>Final Sale</strong></p>"
6777120882734,thermal-henley-heather-grey,MERGE,"
<p><meta charset=""utf-8""><span>Cut from a lightweight cotton and modal blend, our thermal henley features a relaxed loose fit, classic crewneck with button detail, and Éterne's signature extra long sleeves.</span></p>
<p><span>Style with your favorite pair of jeans, leather pants, layered under an oversized blazer, or paired with Éterne's <a href=""https://eterne.com/products/thermal-drawstring-pant-heather-grey"" target=""_blank"">thermal drawstring pants</a> as a set. </span></p>",,REPLACE,"<ul><li>Fits true to size, take your normal size</li><li>Designed for a loose fit&nbsp;</li><li>48% Cotton 48% Modal 4% Spandex</li><li>Model is 177 cm/5&#39;10&quot; and is wearing a size S</li><li>Machine wash cold. Non-chlorine bleach. Tumble dry low. Cool iron. Do not dry clean.&nbsp;</li></ul><p><strong>Final Sale</strong></p>","<ul><li>Fits true to size, take your normal size</li><li>Designed for a loose fit&nbsp;</li><li>48% Cotton 48% Modal 4% Spandex</li><li>Model is 177 cm/5&#39;10&quot; and is wearing a size S</li><li>Machine wash cold. Non-chlorine bleach. Tumble dry low. Cool iron. Do not dry clean.&nbsp;</li></ul><p><strong>Final Sale</strong></p>"
6782629511214,tank-dress-mini-heather-grey,MERGE,"
<div>
<p dir=""ltr""><span>Éterne's tank mini dress is crafted from a butter soft ribbed cotton and modal blend, offering a slim fit and a mini length—a versatile essential for everyday wear.</span></p>
</div>
<p><span>Style with your favorite oversized blazer and a pair of knee high boots, or over your bikini as the perfect summer coverup.</span></p>
<div></div>","Dresses, Mini",REPLACE,"<ul><li>Fits true to size, take your normal size</li><li>Designed for a slim fit&nbsp;</li><li>48% Cotton 48% Modal 4% Spandex</li><li>Model is 177 cm/5&#39;10&quot; and is wearing a size S</li><li>Machine wash cold. Non-chlorine bleach. Tumble dry low. Cool iron. Do not dry clean.&nbsp;</li></ul>","<ul><li>Fits true to size, take your normal size</li><li>Designed for a slim fit&nbsp;</li><li>48% Cotton 48% Modal 4% Spandex</li><li>Model is 177 cm/5&#39;10&quot; and is wearing a size S</li><li>Machine wash cold. Non-chlorine bleach. Tumble dry low. Cool iron. Do not dry clean.&nbsp;</li></ul>"
6782629543982,tank-dress-mini-cream,MERGE,"
<div>
<p dir=""ltr""><span>Éterne's tank mini dress is crafted from a butter soft ribbed cotton and modal blend, offering a slim fit and a mini length—a versatile essential for everyday wear.</span></p>
</div>
<p><span>Style with your favorite oversized blazer and a pair of knee high boots, or over your bikini as the perfect summer coverup.</span></p>
<div></div>","Dresses, Mini",REPLACE,"<ul><li>Fits true to size, take your normal size</li><li>Designed for a slim fit&nbsp;</li><li>48% Cotton 48% Modal 4% Spandex</li><li>Model is 177 cm/5&#39;10&quot; and is wearing a size S</li><li>Machine wash cold. Non-chlorine bleach. Tumble dry low. Cool iron. Do not dry clean.&nbsp;</li></ul>","<ul><li>Fits true to size, take your normal size</li><li>Designed for a slim fit&nbsp;</li><li>48% Cotton 48% Modal 4% Spandex</li><li>Model is 177 cm/5&#39;10&quot; and is wearing a size S</li><li>Machine wash cold. Non-chlorine bleach. Tumble dry low. Cool iron. Do not dry clean.&nbsp;</li></ul>"
6782629576750,tank-dress-mini-black,MERGE,"
<div>
<p dir=""ltr""><span>Éterne's tank mini dress is crafted from a butter soft ribbed cotton and modal blend, offering a slim fit and a mini length—a versatile essential for everyday wear.</span></p>
</div>
<p><span>Style with your favorite oversized blazer and a pair of knee high boots, or over your bikini as the perfect summer coverup.</span></p>
<div></div>","Dresses, Mini",REPLACE,"<ul><li>Fits true to size, take your normal size</li><li>Designed for a slim fit&nbsp;</li><li>48% Cotton 48% Modal 4% Spandex</li><li>Model is 177 cm/5&#39;10&quot; and is wearing a size S</li><li>Machine wash cold. Non-chlorine bleach. Tumble dry low. Cool iron. Do not dry clean.&nbsp;</li></ul>","<ul><li>Fits true to size, take your normal size</li><li>Designed for a slim fit&nbsp;</li><li>48% Cotton 48% Modal 4% Spandex</li><li>Model is 177 cm/5&#39;10&quot; and is wearing a size S</li><li>Machine wash cold. Non-chlorine bleach. Tumble dry low. Cool iron. Do not dry clean.&nbsp;</li></ul>"
6782633148462,long-sleeve-crewneck-dress-mini-black,MERGE,"
<p>Éterne's long sleeve crewneck mini dress is crafted from a butter soft ribbed cotton and modal blend, offering a slim fit and a mini length—a versatile essential for everyday wear.<br></p>
<p>Style with your favorite oversized blazer or a pair of high knee boots.</p>","Dresses, Mini",REPLACE,"<ul><li>Fits true to size, take your normal size</li><li>Designed for a slim fit&nbsp;</li><li>48% Cotton 48% Modal 4% Spandex</li><li>Model is 177 cm/5&#39;10&quot; and is wearing a size S</li><li>Machine wash cold. Non-chlorine bleach. Tumble dry low. Cool iron. Do not dry clean.&nbsp;</li></ul>","<ul><li>Fits true to size, take your normal size</li><li>Designed for a slim fit&nbsp;</li><li>48% Cotton 48% Modal 4% Spandex</li><li>Model is 177 cm/5&#39;10&quot; and is wearing a size S</li><li>Machine wash cold. Non-chlorine bleach. Tumble dry low. Cool iron. Do not dry clean.&nbsp;</li></ul>"
6782633181230,long-sleeve-crewneck-dress-mini-cream,MERGE,"
<p>Éterne's long sleeve crewneck mini dress is crafted from a butter soft ribbed cotton and modal blend, offering a slim fit and a mini length—a versatile essential for everyday wear.<br></p>
<p>Style with your favorite oversized blazer or a pair of high knee boots.</p>","Dresses, Mini",REPLACE,"<ul><li>Fits true to size, take your normal size</li><li>Designed for a slim fit&nbsp;</li><li>48% Cotton 48% Modal 4% Spandex</li><li>Model is 177 cm/5&#39;10&quot; and is wearing a size S</li><li>Machine wash cold. Non-chlorine bleach. Tumble dry low. Cool iron. Do not dry clean.&nbsp;</li></ul>","<ul><li>Fits true to size, take your normal size</li><li>Designed for a slim fit&nbsp;</li><li>48% Cotton 48% Modal 4% Spandex</li><li>Model is 177 cm/5&#39;10&quot; and is wearing a size S</li><li>Machine wash cold. Non-chlorine bleach. Tumble dry low. Cool iron. Do not dry clean.&nbsp;</li></ul>"
6782633213998,long-sleeve-crewneck-dress-mini-heather-grey,MERGE,"
<p>Éterne's long sleeve crewneck mini dress is crafted from a butter soft ribbed cotton and modal blend, offering a slim fit and a mini length—a versatile essential for everyday wear.<br></p>
<p>Style with your favorite oversized blazer or a pair of high knee boots.</p>","Dresses, Mini",REPLACE,"<ul><li>Fits true to size, take your normal size</li><li>Designed for a slim fit&nbsp;</li><li>48% Cotton 48% Modal 4% Spandex</li><li>Model is 177 cm/5&#39;10&quot; and is wearing a size S</li><li>Machine wash cold. Non-chlorine bleach. Tumble dry low. Cool iron. Do not dry clean.&nbsp;</li></ul>","<ul><li>Fits true to size, take your normal size</li><li>Designed for a slim fit&nbsp;</li><li>48% Cotton 48% Modal 4% Spandex</li><li>Model is 177 cm/5&#39;10&quot; and is wearing a size S</li><li>Machine wash cold. Non-chlorine bleach. Tumble dry low. Cool iron. Do not dry clean.&nbsp;</li></ul>"
6783615893550,super-cropped-rib-tank-black,MERGE,"
<p><span>Cut from lightweight 100% cotton ribbed fabric, our super cropped tank features a slim flit with its flattering thin straps and vintage-inspired neckline with slit.</span></p>
<p><span>Style with your favorite pair of jeans, leather pants, layered under an oversized blazer or under a pantsuit.</span></p>",Tanks,REPLACE,"<ul><li>Fits true to size, take your normal size</li><li>Designed for a slim fit&nbsp;</li><li>100% Cotton</li><li>Model is 177 cm/5&#39;10&quot; and is wearing a size S</li><li>Machine wash cold. Non-chlorine bleach. Tumble dry low. Cool iron. Do not dry clean.&nbsp;</li></ul><p><strong>Final Sale</strong></p>","<ul><li>Fits true to size, take your normal size</li><li>Designed for a slim fit&nbsp;</li><li>100% Cotton</li><li>Model is 177 cm/5&#39;10&quot; and is wearing a size S</li><li>Machine wash cold. Non-chlorine bleach. Tumble dry low. Cool iron. Do not dry clean.&nbsp;</li></ul><p><strong>Final Sale</strong></p>"
6783615926318,super-cropped-rib-tank-heather-grey,MERGE,"
<p><span>Cut from lightweight 100% cotton ribbed fabric, our super cropped tank features a slim flit with its flattering thin straps and vintage-inspired neckline with slit.</span></p>
<p><span>Style with your favorite pair of jeans, leather pants, layered under an oversized blazer or under a pantsuit.</span></p>",Tanks,REPLACE,"<ul><li>Fits true to size, take your normal size</li><li>Designed for a slim fit&nbsp;</li><li>100% Cotton </li><li>Model is 177 cm/5&#39;10&quot; and is wearing a size S</li><li>Machine wash cold. Non-chlorine bleach. Tumble dry low. Cool iron. Do not dry clean.&nbsp;</li></ul><p><strong>Final Sale</strong></p>","<ul><li>Fits true to size, take your normal size</li><li>Designed for a slim fit&nbsp;</li><li>100% Cotton </li><li>Model is 177 cm/5&#39;10&quot; and is wearing a size S</li><li>Machine wash cold. Non-chlorine bleach. Tumble dry low. Cool iron. Do not dry clean.&nbsp;</li></ul><p><strong>Final Sale</strong></p>"
6783615959086,super-cropped-rib-tank-ivory,MERGE,"
<p><span>Cut from lightweight 100% cotton ribbed fabric, our super cropped tank features a slim flit with its flattering thin straps and vintage-inspired neckline with slit.</span></p>
<p><span>Style with your favorite pair of jeans, leather pants, layered under an oversized blazer or under a pantsuit.</span></p>",Tanks,REPLACE,"<ul><li>Fits true to size, take your normal size</li><li>Designed for a slim fit&nbsp;</li><li>100% Cotton </li><li>Model is 177 cm/5&#39;10&quot; and is wearing a size S</li><li>Machine wash cold. Non-chlorine bleach. Tumble dry low. Cool iron. Do not dry clean.&nbsp;</li></ul><p><strong>Final Sale</strong></p><li style=""margin-left: 20px;"">This item is FINAL SALE and not eligible for a refund, exchange, or store credit.</li>","<ul><li>Fits true to size, take your normal size</li><li>Designed for a slim fit&nbsp;</li><li>100% Cotton </li><li>Model is 177 cm/5&#39;10&quot; and is wearing a size S</li><li>Machine wash cold. Non-chlorine bleach. Tumble dry low. Cool iron. Do not dry clean.&nbsp;</li></ul><p><strong>Final Sale</strong></p><li style=""margin-left: 20px;"">This item is FINAL SALE and not eligible for a refund, exchange, or store credit.</li>"
6783886950446,long-sleeve-fitted-top-black,MERGE,,"Tops, T-shirts",REPLACE,"<ul><li>Fits true to size, take your normal size</li><li>Designed for a slim fit&nbsp;</li><li>48% Cotton 48% Modal 4% Spandex</li><li>Model is 177 cm/5&#39;10&quot; and is wearing a size S</li><li>Machine wash cold. Non-chlorine bleach. Tumble dry low. Cool iron. Do not dry clean.&nbsp;</li></ul>","<ul><li>Fits true to size, take your normal size</li><li>Designed for a slim fit&nbsp;</li><li>48% Cotton 48% Modal 4% Spandex</li><li>Model is 177 cm/5&#39;10&quot; and is wearing a size S</li><li>Machine wash cold. Non-chlorine bleach. Tumble dry low. Cool iron. Do not dry clean.&nbsp;</li></ul>"
6783886983214,long-sleeve-fitted-top-cream,MERGE,"
<p data-mce-fragment=""1"">Cut from a butter soft ribbed cotton and modal blend, our long sleeve fitted top is form-fitting, ultra flattering and lightweight. This top is the perfect everyday essential.<br></p>
<p data-mce-fragment=""1"">Style with your favorite pair of jeans, leather pants, or layered under an oversized blazer or under a pantsuit.</p>","Tops, T-shirts",REPLACE,"<ul><li>Fits true to size, take your normal size</li><li>Designed for a slim fit&nbsp;</li><li>48% Cotton 48% Modal 4% Spandex</li><li>Model is 177 cm/5&#39;10&quot; and is wearing a size S</li><li>Machine wash cold. Non-chlorine bleach. Tumble dry low. Cool iron. Do not dry clean.&nbsp;</li></ul>","<ul><li>Fits true to size, take your normal size</li><li>Designed for a slim fit&nbsp;</li><li>48% Cotton 48% Modal 4% Spandex</li><li>Model is 177 cm/5&#39;10&quot; and is wearing a size S</li><li>Machine wash cold. Non-chlorine bleach. Tumble dry low. Cool iron. Do not dry clean.&nbsp;</li></ul>"
6783887015982,long-sleeve-fitted-top-heather-grey,MERGE,"
<p data-mce-fragment=""1"">Cut from a butter soft ribbed cotton and modal blend, our long sleeve fitted top is form-fitting, ultra flattering and lightweight. This top is the perfect everyday essential.<br></p>
<p data-mce-fragment=""1"">Style with your favorite pair of jeans, leather pants, or layered under an oversized blazer or under a pantsuit.</p>","Tops, T-shirts",REPLACE,"<ul><li>Fits true to size, take your normal size</li><li>Designed for a slim fit&nbsp;</li><li>48% Cotton 48% Modal 4% Spandex</li><li>Model is 177 cm/5&#39;10&quot; and is wearing a size S</li><li>Machine wash cold. Non-chlorine bleach. Tumble dry low. Cool iron. Do not dry clean.&nbsp;</li></ul>","<ul><li>Fits true to size, take your normal size</li><li>Designed for a slim fit&nbsp;</li><li>48% Cotton 48% Modal 4% Spandex</li><li>Model is 177 cm/5&#39;10&quot; and is wearing a size S</li><li>Machine wash cold. Non-chlorine bleach. Tumble dry low. Cool iron. Do not dry clean.&nbsp;</li></ul>"
6783888097326,cropped-long-sleeve-fitted-top-black,MERGE,,"Tops, T-shirts",REPLACE,"<ul><li>Fits true to size, take your normal size</li><li>Designed for a slim fit&nbsp;</li><li>48% Cotton 48% Modal 4% Spandex</li><li>Model is 177 cm/5&#39;10&quot; and is wearing a size S</li><li>Machine wash cold. Non-chlorine bleach. Tumble dry low. Cool iron. Do not dry clean.&nbsp;</li></ul>","<ul><li>Fits true to size, take your normal size</li><li>Designed for a slim fit&nbsp;</li><li>48% Cotton 48% Modal 4% Spandex</li><li>Model is 177 cm/5&#39;10&quot; and is wearing a size S</li><li>Machine wash cold. Non-chlorine bleach. Tumble dry low. Cool iron. Do not dry clean.&nbsp;</li></ul>"
6783888130094,cropped-long-sleeve-fitted-top-cream,MERGE,,"Tops, T-shirts",REPLACE,"<ul><li>Fits true to size, take your normal size</li><li>Designed for a slim fit&nbsp;</li><li>48% Cotton 48% Modal 4% Spandex</li><li>Model is 177 cm/5&#39;10&quot; and is wearing a size S</li><li>Machine wash cold. Non-chlorine bleach. Tumble dry low. Cool iron. Do not dry clean.&nbsp;</li></ul>","<ul><li>Fits true to size, take your normal size</li><li>Designed for a slim fit&nbsp;</li><li>48% Cotton 48% Modal 4% Spandex</li><li>Model is 177 cm/5&#39;10&quot; and is wearing a size S</li><li>Machine wash cold. Non-chlorine bleach. Tumble dry low. Cool iron. Do not dry clean.&nbsp;</li></ul>"
6783888162862,cropped-long-sleeve-fitted-top-heather-grey,MERGE,,"Tops, T-shirts",REPLACE,"<ul><li>Fits true to size, take your normal size</li><li>Designed for a slim fit&nbsp;</li><li>48% Cotton 48% Modal 4% Spandex</li><li>Model is 177 cm/5&#39;10&quot; and is wearing a size S</li><li>Machine wash cold. Non-chlorine bleach. Tumble dry low. Cool iron. Do not dry clean.&nbsp;</li></ul>","<ul><li>Fits true to size, take your normal size</li><li>Designed for a slim fit&nbsp;</li><li>48% Cotton 48% Modal 4% Spandex</li><li>Model is 177 cm/5&#39;10&quot; and is wearing a size S</li><li>Machine wash cold. Non-chlorine bleach. Tumble dry low. Cool iron. Do not dry clean.&nbsp;</li></ul>"
6783888556078,cropped-fitted-turtleneck-top-black,MERGE,"
<p>Cut from a butter soft ribbed cotton and modal blend, our cropped fitted turtleneck top is form-fitting, ultra flattering and lightweight. This top is the perfect everyday essential.</p>
<p>Style with your favorite pair of jeans, leather pants, or layered under an oversized blazer or under a pantsuit.</p>","Tops, T-shirts",REPLACE,"<ul><li>Fits true to size, take your normal size</li><li>Designed for a slim fit&nbsp;</li><li>48% Cotton 48% Modal 4% Spandex</li><li>Model is 177 cm/5&#39;10&quot; and is wearing a size S</li><li>Machine wash cold. Non-chlorine bleach. Tumble dry low. Cool iron. Do not dry clean.&nbsp;</li></ul>","<ul><li>Fits true to size, take your normal size</li><li>Designed for a slim fit&nbsp;</li><li>48% Cotton 48% Modal 4% Spandex</li><li>Model is 177 cm/5&#39;10&quot; and is wearing a size S</li><li>Machine wash cold. Non-chlorine bleach. Tumble dry low. Cool iron. Do not dry clean.&nbsp;</li></ul>"
6783888588846,cropped-fitted-turtleneck-top-cream,MERGE,,"Tops, T-shirts",REPLACE,"<ul><li>Fits true to size, take your normal size</li><li>Designed for a slim fit&nbsp;</li><li>48% Cotton 48% Modal 4% Spandex</li><li>Model is 177 cm/5&#39;10&quot; and is wearing a size S</li><li>Machine wash cold. Non-chlorine bleach. Tumble dry low. Cool iron. Do not dry clean.&nbsp;</li></ul>","<ul><li>Fits true to size, take your normal size</li><li>Designed for a slim fit&nbsp;</li><li>48% Cotton 48% Modal 4% Spandex</li><li>Model is 177 cm/5&#39;10&quot; and is wearing a size S</li><li>Machine wash cold. Non-chlorine bleach. Tumble dry low. Cool iron. Do not dry clean.&nbsp;</li></ul>"
6783888654382,cropped-fitted-turtleneck-top-heather-grey,MERGE,"
<p>Cut from a butter soft ribbed cotton and modal blend, our cropped fitted turtleneck top is form-fitting, ultra flattering and lightweight. This top is the perfect everyday essential.</p>
<p>Style with your favorite pair of jeans, leather pants, or layered under an oversized blazer or under a pantsuit.</p>","Tops, T-shirts",REPLACE,"<ul><li>Fits true to size, take your normal size</li><li>Designed for a slim fit&nbsp;</li><li>48% Cotton 48% Modal 4% Spandex</li><li>Model is 177 cm/5&#39;10&quot; and is wearing a size S</li><li>Machine wash cold. Non-chlorine bleach. Tumble dry low. Cool iron. Do not dry clean.&nbsp;</li></ul>","<ul><li>Fits true to size, take your normal size</li><li>Designed for a slim fit&nbsp;</li><li>48% Cotton 48% Modal 4% Spandex</li><li>Model is 177 cm/5&#39;10&quot; and is wearing a size S</li><li>Machine wash cold. Non-chlorine bleach. Tumble dry low. Cool iron. Do not dry clean.&nbsp;</li></ul>"
6783888687150,thin-strap-fitted-tank-black,MERGE,,Tanks,REPLACE,"<ul><li>Fits true to size, take your normal size</li><li>Designed for a slim fit&nbsp;</li><li>47% Cotton 47% Modal 6% Spandex</li><li>Model is 177 cm/5&#39;10&quot; and is wearing a size S</li><li>Machine wash cold. Non-chlorine bleach. Tumble dry low. Cool iron. Do not dry clean.&nbsp;</li></ul>","<ul><li>Fits true to size, take your normal size</li><li>Designed for a slim fit&nbsp;</li><li>47% Cotton 47% Modal 6% Spandex</li><li>Model is 177 cm/5&#39;10&quot; and is wearing a size S</li><li>Machine wash cold. Non-chlorine bleach. Tumble dry low. Cool iron. Do not dry clean.&nbsp;</li></ul>"
6783888719918,thin-strap-fitted-tank-cream,MERGE,,Tanks,REPLACE,"<ul><li>Fits true to size, take your normal size</li><li>Designed for a slim fit&nbsp;</li><li>47% Cotton 47% Modal 6% Spandex</li><li>Model is 177 cm/5&#39;10&quot; and is wearing a size S</li><li>Machine wash cold. Non-chlorine bleach. Tumble dry low. Cool iron. Do not dry clean.&nbsp;</li></ul>","<ul><li>Fits true to size, take your normal size</li><li>Designed for a slim fit&nbsp;</li><li>47% Cotton 47% Modal 6% Spandex</li><li>Model is 177 cm/5&#39;10&quot; and is wearing a size S</li><li>Machine wash cold. Non-chlorine bleach. Tumble dry low. Cool iron. Do not dry clean.&nbsp;</li></ul>"
6783888752686,thin-strap-fitted-tank-heather-grey,MERGE,,Tanks,REPLACE,"<ul><li>Fits true to size, take your normal size</li><li>Designed for a slim fit&nbsp;</li><li>47% Cotton 47% Modal 6% Spandex</li><li>Model is 177 cm/5&#39;10&quot; and is wearing a size S</li><li>Machine wash cold. Non-chlorine bleach. Tumble dry low. Cool iron. Do not dry clean.&nbsp;</li></ul>","<ul><li>Fits true to size, take your normal size</li><li>Designed for a slim fit&nbsp;</li><li>47% Cotton 47% Modal 6% Spandex</li><li>Model is 177 cm/5&#39;10&quot; and is wearing a size S</li><li>Machine wash cold. Non-chlorine bleach. Tumble dry low. Cool iron. Do not dry clean.&nbsp;</li></ul>"
6783888785454,cropped-thin-strap-fitted-tank-black,MERGE,"
<p>Cut from a butter soft ribbed cotton and modal blend, our cropped thin strap fitted tank is form-fitting, ultra flattering and lightweight. This tank is the perfect everyday essential.</p>
<p>Style with your favorite pair of jeans, leather pants, or layered under an oversized blazer or under a pantsuit.<br data-mce-fragment=""1""></p>",Tanks,REPLACE,"<ul><li>Fits true to size, take your normal size</li><li>Designed for a slim fit&nbsp;</li><li>47% Cotton 47% Modal 6% Spandex</li><li>Model is 177 cm/5&#39;10&quot; and is wearing a size S</li><li>Machine wash cold. Non-chlorine bleach. Tumble dry low. Cool iron. Do not dry clean.&nbsp;</li></ul>","<ul><li>Fits true to size, take your normal size</li><li>Designed for a slim fit&nbsp;</li><li>47% Cotton 47% Modal 6% Spandex</li><li>Model is 177 cm/5&#39;10&quot; and is wearing a size S</li><li>Machine wash cold. Non-chlorine bleach. Tumble dry low. Cool iron. Do not dry clean.&nbsp;</li></ul>"
6783888818222,cropped-thin-strap-fitted-tank-cream,MERGE,,Tanks,REPLACE,"<ul><li>Fits true to size, take your normal size</li><li>Designed for a slim fit&nbsp;</li><li>47% Cotton 47% Modal 6% Spandex</li><li>Model is 177 cm/5&#39;10&quot; and is wearing a size S</li><li>Machine wash cold. Non-chlorine bleach. Tumble dry low. Cool iron. Do not dry clean.&nbsp;</li></ul>","<ul><li>Fits true to size, take your normal size</li><li>Designed for a slim fit&nbsp;</li><li>47% Cotton 47% Modal 6% Spandex</li><li>Model is 177 cm/5&#39;10&quot; and is wearing a size S</li><li>Machine wash cold. Non-chlorine bleach. Tumble dry low. Cool iron. Do not dry clean.&nbsp;</li></ul>"
6783888850990,cropped-thin-strap-fitted-tank-heather-grey,MERGE,,Tanks,REPLACE,"<ul><li>Fits true to size, take your normal size</li><li>Designed for a slim fit&nbsp;</li><li>47% Cotton 47% Modal 6% Spandex</li><li>Model is 177 cm/5&#39;10&quot; and is wearing a size S</li><li>Machine wash cold. Non-chlorine bleach. Tumble dry low. Cool iron. Do not dry clean.&nbsp;</li></ul>","<ul><li>Fits true to size, take your normal size</li><li>Designed for a slim fit&nbsp;</li><li>47% Cotton 47% Modal 6% Spandex</li><li>Model is 177 cm/5&#39;10&quot; and is wearing a size S</li><li>Machine wash cold. Non-chlorine bleach. Tumble dry low. Cool iron. Do not dry clean.&nbsp;</li></ul>"
6783888949294,tank-dress-maxi-black,MERGE,"
<p><span>Éterne's tank maxi dress is crafted from a butter soft ribbed cotton and modal blend, offering a slim fit and a maxi length—a versatile essential for everyday wear.</span></p>
<p><span>Style with your favorite oversized blazer and a pair of knee high boots, or over your bikini as the perfect summer cover-up.</span></p>","Dresses, Maxi",REPLACE,"<ul><li>Fits true to size, take your normal size</li><li>Designed for a slim fit&nbsp;</li><li>48% Cotton 48% Modal 4% Spandex</li><li>Model is 177 cm/5&#39;10&quot; and is wearing a size S</li><li>Machine wash cold. Non-chlorine bleach. Tumble dry low. Cool iron. Do not dry clean.&nbsp;</li></ul>","<ul><li>Fits true to size, take your normal size</li><li>Designed for a slim fit&nbsp;</li><li>48% Cotton 48% Modal 4% Spandex</li><li>Model is 177 cm/5&#39;10&quot; and is wearing a size S</li><li>Machine wash cold. Non-chlorine bleach. Tumble dry low. Cool iron. Do not dry clean.&nbsp;</li></ul>"
6783888982062,tank-dress-maxi-cream,MERGE,"
<p><span>Éterne's tank maxi dress is crafted from a butter soft ribbed cotton and modal blend, offering a slim fit and a maxi length—a versatile essential for everyday wear.</span></p>
<p><span>Style with your favorite oversized blazer and a pair of knee high boots, or over your bikini as the perfect summer cover-up.</span></p>","Dresses, Maxi",REPLACE,"<ul><li>Fits true to size, take your normal size</li><li>Designed for a slim fit&nbsp;</li><li>48% Cotton 48% Modal 4% Spandex</li><li>Model is 177 cm/5&#39;10&quot; and is wearing a size S</li><li>Machine wash cold. Non-chlorine bleach. Tumble dry low. Cool iron. Do not dry clean.&nbsp;</li></ul>","<ul><li>Fits true to size, take your normal size</li><li>Designed for a slim fit&nbsp;</li><li>48% Cotton 48% Modal 4% Spandex</li><li>Model is 177 cm/5&#39;10&quot; and is wearing a size S</li><li>Machine wash cold. Non-chlorine bleach. Tumble dry low. Cool iron. Do not dry clean.&nbsp;</li></ul>"
6783889014830,tank-dress-maxi-heather-grey,MERGE,"
<p><span>Éterne's tank maxi dress is crafted from a butter soft ribbed cotton and modal blend, offering a slim fit and a maxi length—a versatile essential for everyday wear.</span></p>
<p><span>Style with your favorite oversized blazer and a pair of knee high boots, or over your bikini as the perfect summer cover-up.</span></p>","Dresses, Maxi",REPLACE,"<ul><li>Fits true to size, take your normal size</li><li>Designed for a slim fit&nbsp;</li><li>48% Cotton 48% Modal 4% Spandex</li><li>Model is 177 cm/5&#39;10&quot; and is wearing a size S</li><li>Machine wash cold. Non-chlorine bleach. Tumble dry low. Cool iron. Do not dry clean.&nbsp;</li></ul>","<ul><li>Fits true to size, take your normal size</li><li>Designed for a slim fit&nbsp;</li><li>48% Cotton 48% Modal 4% Spandex</li><li>Model is 177 cm/5&#39;10&quot; and is wearing a size S</li><li>Machine wash cold. Non-chlorine bleach. Tumble dry low. Cool iron. Do not dry clean.&nbsp;</li></ul>"
6783889047598,long-sleeve-crewneck-dress-maxi-black,MERGE,"
<p>Éterne's long sleeve crewneck maxi dress is crafted from a butter soft ribbed cotton and modal blend, offering a slim fit and a maxi length—a versatile essential for everyday wear.</p>
<p>Style with your favorite oversized blazer and a pair of knee high boots.<br></p>","Dresses, Maxi",REPLACE,"<ul><li>Fits true to size, take your normal size</li><li>Designed for a slim fit&nbsp;</li><li>48% Cotton 48% Modal 4% Spandex</li><li>Model is 177 cm/5&#39;10&quot; and is wearing a size S</li><li>Machine wash cold. Non-chlorine bleach. Tumble dry low. Cool iron. Do not dry clean.&nbsp;</li></ul>","<ul><li>Fits true to size, take your normal size</li><li>Designed for a slim fit&nbsp;</li><li>48% Cotton 48% Modal 4% Spandex</li><li>Model is 177 cm/5&#39;10&quot; and is wearing a size S</li><li>Machine wash cold. Non-chlorine bleach. Tumble dry low. Cool iron. Do not dry clean.&nbsp;</li></ul>"
6783889080366,long-sleeve-crewneck-dress-maxi-cream,MERGE,"
<p>Éterne's long sleeve crewneck maxi dress is crafted from a butter soft ribbed cotton and modal blend, offering a slim fit and a maxi length—a versatile essential for everyday wear.</p>
<p>Style with your favorite oversized blazer and a pair of knee high boots.<br></p>","Dresses, Maxi",REPLACE,"<ul><li>Fits true to size, take your normal size</li><li>Designed for a slim fit&nbsp;</li><li>48% Cotton 48% Modal 4% Spandex</li><li>Model is 177 cm/5&#39;10&quot; and is wearing a size S</li><li>Machine wash cold. Non-chlorine bleach. Tumble dry low. Cool iron. Do not dry clean.&nbsp;</li></ul>","<ul><li>Fits true to size, take your normal size</li><li>Designed for a slim fit&nbsp;</li><li>48% Cotton 48% Modal 4% Spandex</li><li>Model is 177 cm/5&#39;10&quot; and is wearing a size S</li><li>Machine wash cold. Non-chlorine bleach. Tumble dry low. Cool iron. Do not dry clean.&nbsp;</li></ul>"
6783889178670,long-sleeve-crewneck-dress-maxi-heather-grey,MERGE,"
<p>Éterne's long sleeve crewneck maxi dress is crafted from a butter soft ribbed cotton and modal blend, offering a slim fit and a maxi length—a versatile essential for everyday wear.</p>
<p>Style with your favorite oversized blazer and a pair of knee high boots.<br></p>","Dresses, Maxi",REPLACE,"<ul><li>Fits true to size, take your normal size</li><li>Designed for a slim fit&nbsp;</li><li>48% Cotton 48% Modal 4% Spandex</li><li>Model is 177 cm/5&#39;10&quot; and is wearing a size S</li><li>Machine wash cold. Non-chlorine bleach. Tumble dry low. Cool iron. Do not dry clean.&nbsp;</li></ul>","<ul><li>Fits true to size, take your normal size</li><li>Designed for a slim fit&nbsp;</li><li>48% Cotton 48% Modal 4% Spandex</li><li>Model is 177 cm/5&#39;10&quot; and is wearing a size S</li><li>Machine wash cold. Non-chlorine bleach. Tumble dry low. Cool iron. Do not dry clean.&nbsp;</li></ul>"
6783889211438,long-sleeve-turtleneck-dress-mini-black-black,MERGE,"
<p>Cut from a butter soft ribbed cotton and modal blend, our mini turtleneck dress is form-fitting, ultra flattering and lightweight. This mini dress is the perfect day to night essential.</p>
<p>Style with your favorite oversized blazer or a pair of high knee boots.</p>","Dresses, Mini",REPLACE,"<ul><li>Fits true to size, take your normal size</li><li>Designed for a slim fit&nbsp;</li><li>48% Cotton 48% Modal 4% Spandex</li><li>Model is 177 cm/5&#39;10&quot; and is wearing a size S</li><li>Machine wash cold. Non-chlorine bleach. Tumble dry low. Cool iron. Do not dry clean.&nbsp;</li></ul>","<ul><li>Fits true to size, take your normal size</li><li>Designed for a slim fit&nbsp;</li><li>48% Cotton 48% Modal 4% Spandex</li><li>Model is 177 cm/5&#39;10&quot; and is wearing a size S</li><li>Machine wash cold. Non-chlorine bleach. Tumble dry low. Cool iron. Do not dry clean.&nbsp;</li></ul>"
6783889244206,long-sleeve-turtleneck-dress-mini-cream,MERGE,"
<p><span>Cut from a butter soft ribbed cotton and modal blend, our mini turtleneck dress is form-fitting, ultra flattering and lightweight. This mini dress is the perfect day to night essential.</span></p>
<p><span>Style with your favorite oversized blazer or a pair of high knee boots.</span></p>","Dresses, Mini",REPLACE,"<ul><li>Fits true to size, take your normal size</li><li>Designed for a slim fit&nbsp;</li><li>48% Cotton 48% Modal 4% Spandex</li><li>Model is 177 cm/5&#39;10&quot; and is wearing a size S</li><li>Machine wash cold. Non-chlorine bleach. Tumble dry low. Cool iron. Do not dry clean.&nbsp;</li></ul>","<ul><li>Fits true to size, take your normal size</li><li>Designed for a slim fit&nbsp;</li><li>48% Cotton 48% Modal 4% Spandex</li><li>Model is 177 cm/5&#39;10&quot; and is wearing a size S</li><li>Machine wash cold. Non-chlorine bleach. Tumble dry low. Cool iron. Do not dry clean.&nbsp;</li></ul>"
6783889309742,long-sleeve-turtleneck-dress-mini-heather-grey,MERGE,"
Cut from a butter soft ribbed cotton and modal blend, our mini turtleneck dress is form-fitting, ultra flattering and lightweight. This mini dress is the perfect day to night essential.<br><br>Style with your favorite oversized blazer or a pair of high knee boots.","Dresses, Mini",REPLACE,"<ul><li>Fits true to size, take your normal size</li><li>Designed for a slim fit&nbsp;</li><li>48% Cotton 48% Modal 4% Spandex</li><li>Model is 177 cm/5&#39;10&quot; and is wearing a size S</li><li>Machine wash cold. Non-chlorine bleach. Tumble dry low. Cool iron. Do not dry clean.&nbsp;</li></ul>","<ul><li>Fits true to size, take your normal size</li><li>Designed for a slim fit&nbsp;</li><li>48% Cotton 48% Modal 4% Spandex</li><li>Model is 177 cm/5&#39;10&quot; and is wearing a size S</li><li>Machine wash cold. Non-chlorine bleach. Tumble dry low. Cool iron. Do not dry clean.&nbsp;</li></ul>"
6783889342510,long-sleeve-turtleneck-dress-maxi-black,MERGE,"
Cut from a butter soft ribbed cotton and modal blend, our maxi turtleneck dress is form-fitting, ultra flattering and lightweight. This maxi dress is the perfect day to night essential.<br><br>Style with your favorite oversized blazer and a pair of knee high boots.","Dresses, Maxi",REPLACE,"<ul><li>Fits true to size, take your normal size</li><li>Designed for a slim fit&nbsp;</li><li>48% Cotton 48% Modal 4% Spandex</li><li>Model is 177 cm/5&#39;10&quot; and is wearing a size S</li><li>Machine wash cold. Non-chlorine bleach. Tumble dry low. Cool iron. Do not dry clean.&nbsp;</li></ul>","<ul><li>Fits true to size, take your normal size</li><li>Designed for a slim fit&nbsp;</li><li>48% Cotton 48% Modal 4% Spandex</li><li>Model is 177 cm/5&#39;10&quot; and is wearing a size S</li><li>Machine wash cold. Non-chlorine bleach. Tumble dry low. Cool iron. Do not dry clean.&nbsp;</li></ul>"
6783889375278,long-sleeve-turtleneck-dress-maxi-cream,MERGE,"
Cut from a butter soft ribbed cotton and modal blend, our maxi turtleneck dress is form-fitting, ultra flattering and lightweight. This maxi dress is the perfect day to night essential.<br><br>Style with your favorite oversized blazer and a pair of knee high boots.","Dresses, Maxi",REPLACE,"<ul><li>Fits true to size, take your normal size</li><li>Designed for a slim fit&nbsp;</li><li>48% Cotton 48% Modal 4% Spandex</li><li>Model is 177 cm/5&#39;10&quot; and is wearing a size S</li><li>Machine wash cold. Non-chlorine bleach. Tumble dry low. Cool iron. Do not dry clean.&nbsp;</li></ul>","<ul><li>Fits true to size, take your normal size</li><li>Designed for a slim fit&nbsp;</li><li>48% Cotton 48% Modal 4% Spandex</li><li>Model is 177 cm/5&#39;10&quot; and is wearing a size S</li><li>Machine wash cold. Non-chlorine bleach. Tumble dry low. Cool iron. Do not dry clean.&nbsp;</li></ul>"
6783889408046,long-sleeve-turtleneck-dress-maxi-heather-grey,MERGE,"
Cut from a butter soft ribbed cotton and modal blend, our maxi turtleneck dress is form-fitting, ultra flattering and lightweight. This maxi dress is the perfect day to night essential.<br><br>Style with your favorite oversized blazer and a pair of knee high boots.","Dresses, Maxi",REPLACE,"<ul><li>Fits true to size, take your normal size</li><li>Designed for a slim fit&nbsp;</li><li>48% Cotton 48% Modal 4% Spandex</li><li>Model is 177 cm/5&#39;10&quot; and is wearing a size S</li><li>Machine wash cold. Non-chlorine bleach. Tumble dry low. Cool iron. Do not dry clean.&nbsp;</li></ul>","<ul><li>Fits true to size, take your normal size</li><li>Designed for a slim fit&nbsp;</li><li>48% Cotton 48% Modal 4% Spandex</li><li>Model is 177 cm/5&#39;10&quot; and is wearing a size S</li><li>Machine wash cold. Non-chlorine bleach. Tumble dry low. Cool iron. Do not dry clean.&nbsp;</li></ul>"
6783889473582,classic-sweatpant-black,MERGE,"
Cut from a butter soft French terry, our classic leg sweatpant features a loose and comfortable fit, relaxed elastic waistband and Éterne's signature extra long inseam for a flattering silhouette.<br><br>Style with your favorite tank or white tee or make it a set with <a href=""https://eterne.com/products/oversized-crewneck-sweatshirt-black"">Éterne's Oversized Crewneck Sweatshirt</a>.
<p> </p>",Bottoms,REPLACE,"<ul><li>Fits true to size, take your normal size</li><li>Designed for a loose fit</li><li>French Terry</li><li>77% Cotton 23% Modal</li><li>Model is 177 cm/5&#39;10&quot; and is wearing a size S</li><li>Machine wash cold with like colors. Do not bleach. Tumble dry low. Cool iron, if needed or dry clean.&nbsp;</li></ul>","<ul><li>Fits true to size, take your normal size</li><li>Designed for a loose fit</li><li>French Terry</li><li>77% Cotton 23% Modal</li><li>Model is 177 cm/5&#39;10&quot; and is wearing a size S</li><li>Machine wash cold with like colors. Do not bleach. Tumble dry low. Cool iron, if needed or dry clean.&nbsp;</li></ul>"
6783889539118,classic-sweatpant-cream,MERGE,"
Cut from a butter soft French terry, our classic leg sweatpant features a loose and comfortable fit, relaxed elastic waistband and Éterne's signature extra long inseam for a flattering silhouette.<br><br>Style with your favorite tank or white tee or make it a set with <a href=""https://eterne.com/products/oversized-crewneck-sweatshirt-cream"">Éterne's Oversized Crewneck Sweatshirt</a>.
<p> </p>",Bottoms,REPLACE,"<ul><li>Fits true to size, take your normal size</li><li>Designed for a loose fit</li><li>French Terry</li><li>77% Cotton 23% Modal</li><li>Model is 177 cm/5&#39;10&quot; and is wearing a size S</li><li>Machine wash cold with like colors. Do not bleach. Tumble dry low. Cool iron, if needed or dry clean.&nbsp;</li></ul>","<ul><li>Fits true to size, take your normal size</li><li>Designed for a loose fit</li><li>French Terry</li><li>77% Cotton 23% Modal</li><li>Model is 177 cm/5&#39;10&quot; and is wearing a size S</li><li>Machine wash cold with like colors. Do not bleach. Tumble dry low. Cool iron, if needed or dry clean.&nbsp;</li></ul>"
6783889571886,classic-sweatpant-heather-brown,MERGE,"
<p>Cut from a butter soft French terry, our classic leg sweatpant features a loose and comfortable fit, relaxed elastic waistband and Éterne's signature extra long inseam for a flattering silhouette.</p>
<p>Style with your favorite tank or white tee or make it a set with <a href=""https://eterne.com/products/oversized-crewneck-sweatshirt-heather-brown"">Éterne's Oversized Crewneck Sweatshirt</a>.<br></p>",Bottoms,REPLACE,"<ul><li>Fits true to size, take your normal size</li><li>Designed for a loose fit</li><li>French Terry</li><li>77% Cotton 23% Modal</li><li>Model is 177 cm/5&#39;10&quot; and is wearing a size S</li><li>Machine wash cold with like colors. Do not bleach. Tumble dry low. Cool iron, if needed or dry clean.&nbsp;</li></ul>","<ul><li>Fits true to size, take your normal size</li><li>Designed for a loose fit</li><li>French Terry</li><li>77% Cotton 23% Modal</li><li>Model is 177 cm/5&#39;10&quot; and is wearing a size S</li><li>Machine wash cold with like colors. Do not bleach. Tumble dry low. Cool iron, if needed or dry clean.&nbsp;</li></ul>"
6783889637422,classic-sweatpant-heather-grey,MERGE,,Bottoms,REPLACE,"<ul><li>Fits true to size, take your normal size</li><li>Designed for a loose fit</li><li>French Terry</li><li>77% Cotton 23% Modal</li><li>Model is 177 cm/5&#39;10&quot; and is wearing a size S</li><li>Machine wash cold with like colors. Do not bleach. Tumble dry low. Cool iron, if needed or dry clean.&nbsp;</li></ul>","<ul><li>Fits true to size, take your normal size</li><li>Designed for a loose fit</li><li>French Terry</li><li>77% Cotton 23% Modal</li><li>Model is 177 cm/5&#39;10&quot; and is wearing a size S</li><li>Machine wash cold with like colors. Do not bleach. Tumble dry low. Cool iron, if needed or dry clean.&nbsp;</li></ul>"
6783889670190,straight-leg-sweatpant-black,MERGE,,Bottoms,REPLACE,"<ul><li>Fits true to size, take your normal size</li><li>Designed for a loose fit</li><li>French Terry</li><li>77% Cotton 23% Modal</li><li>Model is 177 cm/5&#39;10&quot; and is wearing a size S</li><li>Machine wash cold with like colors. Do not bleach. Tumble dry low. Cool iron, if needed or dry clean.&nbsp;</li></ul>","<ul><li>Fits true to size, take your normal size</li><li>Designed for a loose fit</li><li>French Terry</li><li>77% Cotton 23% Modal</li><li>Model is 177 cm/5&#39;10&quot; and is wearing a size S</li><li>Machine wash cold with like colors. Do not bleach. Tumble dry low. Cool iron, if needed or dry clean.&nbsp;</li></ul>"
6783889702958,straight-leg-sweatpant-cream,MERGE,,Bottoms,REPLACE,"<ul><li>Fits true to size, take your normal size</li><li>Designed for a loose fit</li><li>French Terry</li><li>77% Cotton 23% Modal</li><li>Model is 177 cm/5&#39;10&quot; and is wearing a size S</li><li>Machine wash cold with like colors. Do not bleach. Tumble dry low. Cool iron, if needed or dry clean.&nbsp;</li></ul>","<ul><li>Fits true to size, take your normal size</li><li>Designed for a loose fit</li><li>French Terry</li><li>77% Cotton 23% Modal</li><li>Model is 177 cm/5&#39;10&quot; and is wearing a size S</li><li>Machine wash cold with like colors. Do not bleach. Tumble dry low. Cool iron, if needed or dry clean.&nbsp;</li></ul>"
6783889735726,straight-leg-sweatpant-heather-brown,MERGE,"
<p>Cut from a butter soft French terry, our straight leg sweatpant features a loose and comfortable fit, relaxed waistband and Éterne's signature extra long inseam for a flattering silhouette.</p>
<p>Style with your favorite tank or white tee or make it a set with Éterne's <a href=""https://eterne.com/products/shrunken-raglan-sweatshirt-heather-brown"">Shrunken Raglan Sweatshirt</a>.</p>",,REPLACE,"<ul><li>Fits true to size, take your normal size</li><li>Designed for a loose fit</li><li>French Terry</li><li>77% Cotton 23% Modal</li><li>Model is 177 cm/5&#39;10&quot; and is wearing a size S</li><li>Machine wash cold with like colors. Do not bleach. Tumble dry low. Cool iron, if needed or dry clean.&nbsp;</li></ul>","<ul><li>Fits true to size, take your normal size</li><li>Designed for a loose fit</li><li>French Terry</li><li>77% Cotton 23% Modal</li><li>Model is 177 cm/5&#39;10&quot; and is wearing a size S</li><li>Machine wash cold with like colors. Do not bleach. Tumble dry low. Cool iron, if needed or dry clean.&nbsp;</li></ul>"
6783889768494,straight-leg-sweatpant-heather-grey,MERGE,"
<p>Cut from a butter soft French terry, our straight leg sweatpant features a loose and comfortable fit, relaxed waistband and Éterne's signature extra long inseam for a flattering silhouette.</p>
<p>Style with your favorite tank or white tee or make it a set with Éterne's <a href=""https://eterne.com/products/shrunken-raglan-sweatshirt-heather-grey"">Shrunken Raglan Sweatshirt</a>.</p>",Bottoms,REPLACE,"<ul><li>Fits true to size, take your normal size</li><li>Designed for a loose fit</li><li>French Terry</li><li>77% Cotton 23% Modal</li><li>Model is 177 cm/5&#39;10&quot; and is wearing a size S</li><li>Machine wash cold with like colors. Do not bleach. Tumble dry low. Cool iron, if needed or dry clean.&nbsp;</li></ul>","<ul><li>Fits true to size, take your normal size</li><li>Designed for a loose fit</li><li>French Terry</li><li>77% Cotton 23% Modal</li><li>Model is 177 cm/5&#39;10&quot; and is wearing a size S</li><li>Machine wash cold with like colors. Do not bleach. Tumble dry low. Cool iron, if needed or dry clean.&nbsp;</li></ul>"
6783889866798,shrunken-raglan-sweatshirt-black,MERGE,"
<p>Cut from a butter soft French terry, our shrunken raglan sweatshirt is a modern take on a vintage favorite. This classic crewneck features a slight cropped length, comfortably fitted body and raglan sleeves that instantly give it a lived-in feel.</p>
<p>Style with your favorite pair of jeans or make it a set with Éterne's <a href=""https://eterne.com/products/straight-leg-sweatpant-black"">Straight Leg Sweatpant</a>.</p>",,REPLACE,"<ul><li>Runs small, size up</li><li>Designed for a slim fit&nbsp;</li><li>French Terry</li><li>50% Cotton 50% Modal</li><li>Model is 177 cm/5&#39;10&quot; and is wearing a size S</li><li>Machine wash cold with like colors. Do not bleach. Tumble dry low. Cool iron, if needed or dry clean.&nbsp;</li></ul>","<ul><li>Runs small, size up</li><li>Designed for a slim fit&nbsp;</li><li>French Terry</li><li>50% Cotton 50% Modal</li><li>Model is 177 cm/5&#39;10&quot; and is wearing a size S</li><li>Machine wash cold with like colors. Do not bleach. Tumble dry low. Cool iron, if needed or dry clean.&nbsp;</li></ul>"
6783889899566,shrunken-raglan-sweatshirt-cream,MERGE,"
<p>Cut from a butter soft French terry, our shrunken raglan sweatshirt is a modern take on a vintage favorite. This classic crewneck features a slight cropped length, comfortably fitted body and raglan sleeves that instantly give it a lived-in feel.</p>
<p>Style with your favorite pair of jeans or make it a set with Éterne's <a href=""https://eterne.com/products/straight-leg-sweatpant-cream"">Straight Leg Sweatpant</a>.</p>",,REPLACE,"<ul><li>Runs small, size up</li><li>Designed for a slim fit&nbsp;</li><li>French Terry</li><li>77% Cotton 23% Modal</li><li>Model is 177 cm/5&#39;10&quot; and is wearing a size S</li><li>Machine wash cold with like colors. Do not bleach. Tumble dry low. Cool iron, if needed or dry clean.&nbsp;</li></ul>","<ul><li>Runs small, size up</li><li>Designed for a slim fit&nbsp;</li><li>French Terry</li><li>77% Cotton 23% Modal</li><li>Model is 177 cm/5&#39;10&quot; and is wearing a size S</li><li>Machine wash cold with like colors. Do not bleach. Tumble dry low. Cool iron, if needed or dry clean.&nbsp;</li></ul>"
6783889965102,shrunken-raglan-sweatshirt-heather-brown,MERGE,"
<p>Cut from a butter soft French terry, our shrunken raglan sweatshirt is a modern take on a vintage favorite. This classic crewneck features a slight cropped length, comfortably fitted body and raglan sleeves that instantly give it a lived-in feel.</p>
<p>Style with your favorite pair of jeans or make it a set with Éterne's <a href=""https://eterne.com/products/wide-leg-sweatpant-heather-brown"">Straight Leg Sweatpant</a>.</p>",,REPLACE,"<ul><li>Runs small, size up</li><li>Designed for a slim fit&nbsp;</li><li>French Terry</li><li>50% Cotton 50% Modal</li><li>Model is 177 cm/5&#39;10&quot; and is wearing a size S</li><li>Machine wash cold with like colors. Do not bleach. Tumble dry low. Cool iron, if needed or dry clean.&nbsp;</li></ul>","<ul><li>Runs small, size up</li><li>Designed for a slim fit&nbsp;</li><li>French Terry</li><li>50% Cotton 50% Modal</li><li>Model is 177 cm/5&#39;10&quot; and is wearing a size S</li><li>Machine wash cold with like colors. Do not bleach. Tumble dry low. Cool iron, if needed or dry clean.&nbsp;</li></ul>"
6783889997870,shrunken-raglan-sweatshirt-heather-grey,MERGE,"
<p>Cut from a butter soft French terry, our shrunken raglan sweatshirt is a modern take on a vintage favorite. This classic crewneck features a slight cropped length, comfortably fitted body and raglan sleeves that instantly give it a lived-in feel.</p>
<p>Style with your favorite pair of jeans or make it a set with Éterne's <a href=""https://eterne.com/products/wide-leg-sweatpant-heather-grey"">Straight Leg Sweatpant</a>.</p>",,REPLACE,"<ul><li>Runs small, size up</li><li>Designed for a slim fit&nbsp;</li><li>French Terry</li><li>50% Cotton 50% Modal</li><li>Model is 177 cm/5&#39;10&quot; and is wearing a size S</li><li>Machine wash cold with like colors. Do not bleach. Tumble dry low. Cool iron, if needed or dry clean.&nbsp;</li></ul>","<ul><li>Runs small, size up</li><li>Designed for a slim fit&nbsp;</li><li>French Terry</li><li>50% Cotton 50% Modal</li><li>Model is 177 cm/5&#39;10&quot; and is wearing a size S</li><li>Machine wash cold with like colors. Do not bleach. Tumble dry low. Cool iron, if needed or dry clean.&nbsp;</li></ul>"
6783890063406,oversized-crewneck-sweatshirt-black,MERGE,"
Cut from a butter soft French terry, our oversized crewneck sweatshirt is a modern take on a vintage favorite. This classic crewneck features a loose, oversized comfortable fit with dropped shoulders and cuffs at the sleeves and waistband. <br><br>Style with your favorite pair of jeans or make it a set with <a href=""https://eterne.com/products/classic-sweatpant-black"">Éterne's Classic Sweatpant</a>.
<p> </p>",,REPLACE,"<ul><li>Fits true to size, take your normal size</li><li>Designed for a loose fit&nbsp;</li><li>French Terry</li><li>77% Cotton 23% Modal</li><li>Model is 177 cm/5&#39;10&quot; and is wearing a size S</li><li>Machine wash cold with like colors. Do not bleach. Tumble dry low. Cool iron, if needed or dry clean.&nbsp;</li></ul>","<ul><li>Fits true to size, take your normal size</li><li>Designed for a loose fit&nbsp;</li><li>French Terry</li><li>77% Cotton 23% Modal</li><li>Model is 177 cm/5&#39;10&quot; and is wearing a size S</li><li>Machine wash cold with like colors. Do not bleach. Tumble dry low. Cool iron, if needed or dry clean.&nbsp;</li></ul>"
6783890096174,oversized-crewneck-sweatshirt-cream,MERGE,"
Cut from a butter soft French terry, our oversized crewneck sweatshirt is a modern take on a vintage favorite. This classic crewneck features a loose, oversized comfortable fit with dropped shoulders and cuffs at the sleeves and waistband. <br><br>Style with your favorite pair of jeans or make it a set with <a href=""https://eterne.com/products/classic-sweatpant-cream"">Éterne's Classic Sweatpant</a>.
<p> </p>",,REPLACE,"<ul><li>Fits true to size, take your normal size</li><li>Designed for a loose fit&nbsp;</li><li>French Terry</li><li>77% Cotton 23% Modal</li><li>Model is 177 cm/5&#39;10&quot; and is wearing a size S</li><li>Machine wash cold with like colors. Do not bleach. Tumble dry low. Cool iron, if needed or dry clean.&nbsp;</li></ul>","<ul><li>Fits true to size, take your normal size</li><li>Designed for a loose fit&nbsp;</li><li>French Terry</li><li>77% Cotton 23% Modal</li><li>Model is 177 cm/5&#39;10&quot; and is wearing a size S</li><li>Machine wash cold with like colors. Do not bleach. Tumble dry low. Cool iron, if needed or dry clean.&nbsp;</li></ul>"
6783890128942,oversized-crewneck-sweatshirt-heather-brown,MERGE,"
<p>Cut from a butter soft French terry, our oversized crewneck sweatshirt is a modern take on a vintage favorite. This classic crewneck features a loose, oversized comfortable fit with dropped shoulders and cuffs at the sleeves and waistband.</p>
<p>Style with your favorite pair of jeans or make it a set with <a href=""https://eterne.com/products/classic-sweatpant-heather-brown"">Éterne's Classic Sweatpant</a>.</p>",,REPLACE,"<ul><li>Fits true to size, take your normal size</li><li>Designed for a loose fit&nbsp;</li><li>French Terry</li><li>77% Cotton 23% Modal</li><li>Model is 177 cm/5&#39;10&quot; and is wearing a size S</li><li>Machine wash cold with like colors. Do not bleach. Tumble dry low. Cool iron, if needed or dry clean.&nbsp;</li></ul>","<ul><li>Fits true to size, take your normal size</li><li>Designed for a loose fit&nbsp;</li><li>French Terry</li><li>77% Cotton 23% Modal</li><li>Model is 177 cm/5&#39;10&quot; and is wearing a size S</li><li>Machine wash cold with like colors. Do not bleach. Tumble dry low. Cool iron, if needed or dry clean.&nbsp;</li></ul>"
6783890161710,oversized-crewneck-sweatshirt-heather-grey,MERGE,"
<p>Cut from a butter soft French terry, our oversized crewneck sweatshirt is a modern take on a vintage favorite. This classic crewneck features a loose, oversized comfortable fit with dropped shoulders and cuffs at the sleeves and waistband. </p>
<p>Style with your favorite pair of jeans or make it a set with Éterne's <a href=""https://eterne.com/products/classic-sweatpant-heather-grey"">Classic Sweatpant</a>.</p>",,REPLACE,"<ul><li>Fits true to size, take your normal size</li><li>Designed for a loose fit&nbsp;</li><li>French Terry</li><li>77% Cotton 23% Modal</li><li>Model is 177 cm/5&#39;10&quot; and is wearing a size S</li><li>Machine wash cold with like colors. Do not bleach. Tumble dry low. Cool iron, if needed or dry clean.&nbsp;</li></ul>","<ul><li>Fits true to size, take your normal size</li><li>Designed for a loose fit&nbsp;</li><li>French Terry</li><li>77% Cotton 23% Modal</li><li>Model is 177 cm/5&#39;10&quot; and is wearing a size S</li><li>Machine wash cold with like colors. Do not bleach. Tumble dry low. Cool iron, if needed or dry clean.&nbsp;</li></ul>"
6784839385134,georgia,MERGE,"
<p>Cut from an ultra thin Italian matte stretch jersey, our Georgia dress is ultra-flattering with its maxi length and front button closure.</p>",,REPLACE,"<ul><li>This style runs small, take one size bigger than normal</li><li>Designed for a close fit&nbsp;</li><li>76% Viscose, 19% Nylon, 5% Elastane</li><li>Model is 177 cm/5&#39;10&quot; and is wearing a size S</li><li>Dry clean only</li></ul>","<ul><li>This style runs small, take one size bigger than normal</li><li>Designed for a close fit&nbsp;</li><li>76% Viscose, 19% Nylon, 5% Elastane</li><li>Model is 177 cm/5&#39;10&quot; and is wearing a size S</li><li>Dry clean only</li></ul>"
6784839483438,charlie,MERGE,,Tops,REPLACE,"<ul><li>Fits true to size, take your normal size</li><li>Designed for a close fit&nbsp;</li><li>76% Viscose, 19% Nylon, 5% Elastane</li><li>Model is 177 cm/5&#39;10&quot; and is wearing a size S</li><li>Dry clean only</li></ul>","<ul><li>Fits true to size, take your normal size</li><li>Designed for a close fit&nbsp;</li><li>76% Viscose, 19% Nylon, 5% Elastane</li><li>Model is 177 cm/5&#39;10&quot; and is wearing a size S</li><li>Dry clean only</li></ul>"
6784839516206,sloane,MERGE,"
<p>Cut from an ultra thin Italian matte stretch jersey, our Sloane dress is ultra-flattering with its mini length and front button closure.</p>",,REPLACE,"<ul><li>This style runs small, take one size bigger than normal</li><li>Designed for a close fit&nbsp;</li><li>76% Viscose, 19% Nylon, 5% Elastane</li><li>Model is 177 cm/5&#39;10&quot; and is wearing a size S</li><li>Dry clean only</li></ul>","<ul><li>This style runs small, take one size bigger than normal</li><li>Designed for a close fit&nbsp;</li><li>76% Viscose, 19% Nylon, 5% Elastane</li><li>Model is 177 cm/5&#39;10&quot; and is wearing a size S</li><li>Dry clean only</li></ul>"
6784839548974,romee,MERGE,,Tops,REPLACE,"<ul><li>Fits true to size, take your normal size</li><li>Designed for a close fit&nbsp;</li><li>76% Viscose, 19% Nylon, 5% Elastane</li><li>Model is 177 cm/5&#39;10&quot; and is wearing a size S</li><li>Dry clean only</li></ul>","<ul><li>Fits true to size, take your normal size</li><li>Designed for a close fit&nbsp;</li><li>76% Viscose, 19% Nylon, 5% Elastane</li><li>Model is 177 cm/5&#39;10&quot; and is wearing a size S</li><li>Dry clean only</li></ul>"
6784839614510,amina,MERGE,"
<p>Cut from an ultra thin Italian matte stretch jersey, our Amina top is the perfect day-to-night essential.</p>
Style with your favorite pair of jeans, leather pants or make it a set with <a href=""https://eterne.com/products/emma"">Éterne's Emma skirt</a>.",Tops,REPLACE,"<ul><li>Fits true to size, take your normal size</li><li>Designed for a close fit&nbsp;</li><li>76% Viscose, 19% Nylon, 5% Elastane</li><li>Model is 177 cm/5&#39;10&quot; and is wearing a size S</li><li>Dry clean only</li></ul>","<ul><li>Fits true to size, take your normal size</li><li>Designed for a close fit&nbsp;</li><li>76% Viscose, 19% Nylon, 5% Elastane</li><li>Model is 177 cm/5&#39;10&quot; and is wearing a size S</li><li>Dry clean only</li></ul>"
6784839647278,chloe,MERGE,"
<p>Cut from an ultra thin Italian matte stretch jersey, our Chloé top is the perfect day-to-night essential.</p>
Style with your favorite pair of jeans, leather pants or make it a set with <a href=""https://eterne.com/products/emma"">Éterne's Emma skirt</a>.",Tops,REPLACE,"<ul><li>Fits true to size, take your normal size</li><li>Designed for a close fit&nbsp;</li><li>76% Viscose, 19% Nylon, 5% Elastane</li><li>Model is 177 cm/5&#39;10&quot; and is wearing a size S</li><li>Dry clean only</li></ul>","<ul><li>Fits true to size, take your normal size</li><li>Designed for a close fit&nbsp;</li><li>76% Viscose, 19% Nylon, 5% Elastane</li><li>Model is 177 cm/5&#39;10&quot; and is wearing a size S</li><li>Dry clean only</li></ul>"
6784839680046,simone,MERGE,"
<p>Cut from an ultra thin Italian matte stretch jersey, our Simone top is the perfect day-to-night essential.</p>
<p>Style with your favorite pair of jeans, leather pants or make it a set with <a href=""https://eterne.com/products/emma"">Éterne's Emma skirt</a>.</p>",Tops,REPLACE,"<ul><li>Fits true to size, take your normal size</li><li>Designed for a close fit&nbsp;</li><li>76% Viscose, 19% Nylon, 5% Elastane</li><li>Model is 177 cm/5&#39;10&quot; and is wearing a size S</li><li>Dry clean only</li></ul>","<ul><li>Fits true to size, take your normal size</li><li>Designed for a close fit&nbsp;</li><li>76% Viscose, 19% Nylon, 5% Elastane</li><li>Model is 177 cm/5&#39;10&quot; and is wearing a size S</li><li>Dry clean only</li></ul>"
6784839712814,emma,MERGE,"
<p>Cut from an ultra thin Italian matte stretch jersey, our Emma maxi skirt is the perfect day-to-night essential.</p>
<p>Style with <a href=""https://eterne.com/products/cropped-scoop-neck-tank-black"">Éterne's cropped scoop neck tank</a>, or make it a set with <a href=""https://eterne.com/products/simone"">Éterne's Simone top</a>.</p>",Bottoms,REPLACE,"<ul><li>Fits true to size, take your normal size</li><li>Designed for a close fit&nbsp;</li><li>76% Viscose, 19% Nylon, 5% Elastane</li><li>Model is 177 cm/5&#39;10&quot; and is wearing a size S</li><li>Dry clean only</li></ul>","<ul><li>Fits true to size, take your normal size</li><li>Designed for a close fit&nbsp;</li><li>76% Viscose, 19% Nylon, 5% Elastane</li><li>Model is 177 cm/5&#39;10&quot; and is wearing a size S</li><li>Dry clean only</li></ul>"
6784839745582,sadie,MERGE,"
<p>Cut from an ultra thin Italian matte stretch jersey, our Sadie dress is ultra-flattering with its body con silhouette and mini length.</p>",,REPLACE,"<ul><li>This style runs small, take one size bigger than normal</li><li>Designed for a close fit&nbsp;</li><li>76% Viscose, 19% Nylon, 5% Elastane</li><li>Model is 177 cm/5&#39;10&quot; and is wearing a size S</li><li>Dry clean only</li></ul>","<ul><li>This style runs small, take one size bigger than normal</li><li>Designed for a close fit&nbsp;</li><li>76% Viscose, 19% Nylon, 5% Elastane</li><li>Model is 177 cm/5&#39;10&quot; and is wearing a size S</li><li>Dry clean only</li></ul>"
6784839778350,theodore,MERGE,,Knitwear,REPLACE,"<ul><li>Fits true to size, take your normal size</li><li>Designed for a loose comfortable fit&nbsp;</li><li>100% Cashmere</li><li>Model is 177 cm/5&#39;10&quot; and is wearing a size S</li><li>Dry clean only</li></ul>","<ul><li>Fits true to size, take your normal size</li><li>Designed for a loose comfortable fit&nbsp;</li><li>100% Cashmere</li><li>Model is 177 cm/5&#39;10&quot; and is wearing a size S</li><li>Dry clean only</li></ul>"
6784839811118,theodore-1,MERGE,,,REPLACE,"<ul><li>Fits true to size, take your normal size</li><li>Designed for a loose comfortable fit&nbsp;</li><li>100% Cashmere</li><li>Model is 177 cm/5&#39;10&quot; and is wearing a size S</li><li>Dry clean only</li></ul>","<ul><li>Fits true to size, take your normal size</li><li>Designed for a loose comfortable fit&nbsp;</li><li>100% Cashmere</li><li>Model is 177 cm/5&#39;10&quot; and is wearing a size S</li><li>Dry clean only</li></ul>"
6784839843886,theodore-2,MERGE,,Knitwear,REPLACE,"<ul><li>Fits true to size, take your normal size</li><li>Designed for a loose comfortable fit&nbsp;</li><li>100% Cashmere</li><li>Model is 177 cm/5&#39;10&quot; and is wearing a size S</li><li>Dry clean only</li></ul>","<ul><li>Fits true to size, take your normal size</li><li>Designed for a loose comfortable fit&nbsp;</li><li>100% Cashmere</li><li>Model is 177 cm/5&#39;10&quot; and is wearing a size S</li><li>Dry clean only</li></ul>"
6784839876654,theodore-3,MERGE,,Knitwear,REPLACE,"<ul><li>Fits true to size, take your normal size</li><li>Designed for a loose comfortable fit&nbsp;</li><li>100% Cashmere</li><li>Model is 177 cm/5&#39;10&quot; and is wearing a size S</li><li>Dry clean only</li></ul>","<ul><li>Fits true to size, take your normal size</li><li>Designed for a loose comfortable fit&nbsp;</li><li>100% Cashmere</li><li>Model is 177 cm/5&#39;10&quot; and is wearing a size S</li><li>Dry clean only</li></ul>"
6784839942190,james,MERGE,"
Cut from a medium weight, butter soft cashmere, our James sweater is the perfect everyday essential. <br><br>Style with your favorite pair of jeans or make it a set with Éterne's <a href=""https://eterne.com/products/straight-leg-sweatpant-black"">Straight Leg Sweatpant</a>.",Knitwear,REPLACE,"<ul><li>Fits true to size, take your normal size</li><li>Designed for a loose comfortable fit&nbsp;</li><li>100% Cashmere</li><li>Model is 177 cm/5&#39;10&quot; and is wearing a size S</li><li>Dry clean only</li></ul>","<ul><li>Fits true to size, take your normal size</li><li>Designed for a loose comfortable fit&nbsp;</li><li>100% Cashmere</li><li>Model is 177 cm/5&#39;10&quot; and is wearing a size S</li><li>Dry clean only</li></ul>"
6784839974958,james-1,MERGE,"
Cut from a medium weight, butter soft cashmere, our James sweater is the perfect everyday essential. <br><br>Style with your favorite pair of jeans or make it a set with Éterne's <a href=""https://eterne.com/products/straight-leg-sweatpant-cream"">Straight Leg Sweatpant</a>.",Knitwear,REPLACE,"<ul><li>Fits true to size, take your normal size</li><li>Designed for a loose comfortable fit&nbsp;</li><li>100% Cashmere</li><li>Model is 177 cm/5&#39;10&quot; and is wearing a size S</li><li>Dry clean only</li></ul>","<ul><li>Fits true to size, take your normal size</li><li>Designed for a loose comfortable fit&nbsp;</li><li>100% Cashmere</li><li>Model is 177 cm/5&#39;10&quot; and is wearing a size S</li><li>Dry clean only</li></ul>"
6784840007726,james-2,MERGE,"
Cut from a medium weight, butter soft cashmere, our James sweater is the perfect everyday essential. <br><br>Style with your favorite pair of jeans or make it a set with Éterne's <a href=""https://eterne.com/products/wide-leg-sweatpant-heather-grey"">Straight Leg Sweatpant</a>.",Knitwear,REPLACE,"<ul><li>Fits true to size, take your normal size</li><li>Designed for a loose comfortable fit&nbsp;</li><li>100% Cashmere</li><li>Model is 177 cm/5&#39;10&quot; and is wearing a size S</li><li>Dry clean only</li></ul>","<ul><li>Fits true to size, take your normal size</li><li>Designed for a loose comfortable fit&nbsp;</li><li>100% Cashmere</li><li>Model is 177 cm/5&#39;10&quot; and is wearing a size S</li><li>Dry clean only</li></ul>"
6784840040494,james-3,MERGE,,,REPLACE,"<ul><li>Fits true to size, take your normal size</li><li>Designed for a loose comfortable fit&nbsp;</li><li>100% Cashmere</li><li>Model is 177 cm/5&#39;10&quot; and is wearing a size S</li><li>Dry clean only</li></ul>","<ul><li>Fits true to size, take your normal size</li><li>Designed for a loose comfortable fit&nbsp;</li><li>100% Cashmere</li><li>Model is 177 cm/5&#39;10&quot; and is wearing a size S</li><li>Dry clean only</li></ul>"
6784840073262,francis,MERGE,"
<p>Cut from a lightweight, butter soft cashmere, our Francis sweater features a slight cropped length with a comfortably fitted body. The Francis is<span> </span>the perfect day to night essential. </p>
<p>Style with your favorite pair of jeans or make it a set with Éterne's <a href=""https://eterne.com/products/straight-leg-sweatpant-black"">Straight Leg Sweatpant</a>.</p>",Knitwear,REPLACE,"<ul><li>Runs small, size up</li><li>Designed for a slim fit&nbsp;</li><li>100% Cashmere</li><li>Model is 177 cm/5&#39;10&quot; and is wearing a size S</li><li>Dry clean only</li></ul>","<ul><li>Runs small, size up</li><li>Designed for a slim fit&nbsp;</li><li>100% Cashmere</li><li>Model is 177 cm/5&#39;10&quot; and is wearing a size S</li><li>Dry clean only</li></ul>"
6784840106030,francis-1,MERGE,"
<p><meta charset=""utf-8""><span>Cut from a lightweight, butter soft cashmere, our Francis sweater features a slight cropped length with a comfortably fitted body. The Francis is</span><span> </span><span>the perfect day to night essential. </span></p>
<p>Style with your favorite pair of jeans or make it a set with Éterne's <a href=""https://eterne.com/products/straight-leg-sweatpant-cream"">Straight Leg Sweatpant</a>.</p>",,REPLACE,"<ul><li>Runs small, size up</li><li>Designed for a slim fit&nbsp;</li><li>100% Cashmere</li><li>Model is 177 cm/5&#39;10&quot; and is wearing a size S</li><li>Dry clean only</li></ul>","<ul><li>Runs small, size up</li><li>Designed for a slim fit&nbsp;</li><li>100% Cashmere</li><li>Model is 177 cm/5&#39;10&quot; and is wearing a size S</li><li>Dry clean only</li></ul>"
6784840138798,francis-2,MERGE,"
<p><meta charset=""utf-8""><span>Cut from a lightweight, butter soft cashmere, our Francis sweater features a slight cropped length with a comfortably fitted body. The Francis is</span><span> </span><span>the perfect day to night essential. </span></p>
<p>Style with your favorite pair of jeans or make it a set with Éterne's <a href=""https://eterne.com/products/wide-leg-sweatpant-heather-grey"">Straight Leg Sweatpant</a>.</p>",Knitwear,REPLACE,"<ul><li>Runs small, size up</li><li>Designed for a slim fit&nbsp;</li><li>100% Cashmere</li><li>Model is 177 cm/5&#39;10&quot; and is wearing a size S</li><li>Dry clean only</li></ul>","<ul><li>Runs small, size up</li><li>Designed for a slim fit&nbsp;</li><li>100% Cashmere</li><li>Model is 177 cm/5&#39;10&quot; and is wearing a size S</li><li>Dry clean only</li></ul>"
6784840171566,francis-3,MERGE,"
<p><meta charset=""utf-8""><span data-mce-fragment=""1"">Cut from a lightweight, butter soft cashmere, our Francis sweater features a slight cropped length with a comfortably fitted body. The Francis is</span><span data-mce-fragment=""1""> </span><span data-mce-fragment=""1"">the perfect day to night essential. </span></p>
<p>Style with your favorite pair of jeans or make it a set with Éterne's <a href=""https://eterne.com/products/wide-leg-sweatpant-heather-brown"">Straight Leg Sweatpant</a>.</p>",Knitwear,REPLACE,"<ul><li>Runs small, size up</li><li>Designed for a slim fit&nbsp;</li><li>100% Cashmere</li><li>Model is 177 cm/5&#39;10&quot; and is wearing a size S</li><li>Dry clean only</li></ul>","<ul><li>Runs small, size up</li><li>Designed for a slim fit&nbsp;</li><li>100% Cashmere</li><li>Model is 177 cm/5&#39;10&quot; and is wearing a size S</li><li>Dry clean only</li></ul>"
6826174611502,test-product-90s-brief-black,MERGE,"
<p>Inspired by the iconic Nineties, our 90's brief features a flattering low waist, a versatile waistband that can be worn high or low, with a second-skin feel made from an ultra-soft lightweight modal blend. </p>
<p>Pair with Éterne's triangle bra as a set. </p>",,REPLACE,"<ul><li>Fits true to size, take your normal size</li><li>89% Modal / 11% Lycra&nbsp;</li><li>Model is 177 cm/5&#39;10&quot; and is wearing a size S</li><li>Machine wash cold. Non-chlorine bleach. Tumble dry low. Cool iron.&nbsp;</li></ul>","<ul><li>Fits true to size, take your normal size</li><li>89% Modal / 11% Lycra&nbsp;</li><li>Model is 177 cm/5&#39;10&quot; and is wearing a size S</li><li>Machine wash cold. Non-chlorine bleach. Tumble dry low. Cool iron.&nbsp;</li></ul>"
6844488974382,test-style-for-aims360,MERGE,,,REPLACE,<ul>undefined,<ul>undefined
6858672209966,long-sleeve-crewneck-dress-mini-earth,MERGE,"
<p>Éterne's long sleeve crewneck mini dress is crafted from a butter soft ribbed cotton and modal blend, offering a slim fit and a mini length—a versatile essential for everyday wear.<br></p>
<p>Style with your favorite oversized blazer or a pair of high knee boots.</p>","Dresses, Mini",REPLACE,"<ul><li>Fits true to size, take your normal size</li><li>Designed for a slim fit&nbsp;</li><li>48% Cotton 48% Modal 4% Spandex</li><li>Model is 177 cm/5&#39;10&quot; and is wearing a size S</li><li>Machine wash cold. Non-chlorine bleach. Tumble dry low. Cool iron. Do not dry clean.&nbsp;</li></ul>","<ul><li>Fits true to size, take your normal size</li><li>Designed for a slim fit&nbsp;</li><li>48% Cotton 48% Modal 4% Spandex</li><li>Model is 177 cm/5&#39;10&quot; and is wearing a size S</li><li>Machine wash cold. Non-chlorine bleach. Tumble dry low. Cool iron. Do not dry clean.&nbsp;</li></ul>"
6858672242734,short-sleeve-baby-tee-earth,MERGE,"
<p>Cut from a lightweight cotton and modal blend, our short sleeve baby tee features a shrunken slim fit and a thin-lined crewneck. This t-shirt is a perfect everyday essential. </p>
<p>Style with your favorite pair of jeans, leather pants, layered under an oversized blazer, or paired with <a href=""https://eterne.com/products/lounge-pant-earth"">Éterne's lounge pants</a> as a set. </p>",T-shirts,REPLACE,"<ul><li>Fits true to size, take your normal size</li><li>Designed for a slim fit&nbsp;</li><li>50% Cotton 50% Modal&nbsp;</li><li>Model is 177 cm/5&#39;10&quot; and is wearing a size S</li><li>Machine wash cold. Non-chlorine bleach. Tumble dry low. Cool iron. Do not dry clean.&nbsp;</li></ul>","<ul><li>Fits true to size, take your normal size</li><li>Designed for a slim fit&nbsp;</li><li>50% Cotton 50% Modal&nbsp;</li><li>Model is 177 cm/5&#39;10&quot; and is wearing a size S</li><li>Machine wash cold. Non-chlorine bleach. Tumble dry low. Cool iron. Do not dry clean.&nbsp;</li></ul>"
6858672275502,lounge-pant-earth,MERGE,"
<p>Cut from a lightweight cotton and modal blend, our lounge pant features a comfortable and relaxed fit with its soft elastic waistband and flattering wide legs. </p>
<p>Pair with <a href=""https://eterne.com/products/short-sleeve-baby-tee-earth"">Éterne's short sleeve baby tee</a> as a set.</p>",Bottoms,REPLACE,"<ul><li>Fits true to size, take your normal size</li><li>Designed for a loose fit</li><li>50% cotton, 50% modal</li><li>Model is 177 cm/5&#39;10&quot; and is wearing a size S</li><li>Inseam 33 &frac14;&nbsp;</li><li><span style=""font-size:11pt;font-family:Arial;color:#454545;background-color:transparent;font-weight:400;font-style:normal;font-variant:normal;text-decoration:none;vertical-align:baseline;white-space:pre;white-space:pre-wrap;"">Machine wash cold. Non-chlorine bleach. Tumble dry low. Cool iron. Do not dry clean.&nbsp;</span></li></ul>","<ul><li>Fits true to size, take your normal size</li><li>Designed for a loose fit</li><li>50% cotton, 50% modal</li><li>Model is 177 cm/5&#39;10&quot; and is wearing a size S</li><li>Inseam 33 &frac14;&nbsp;</li><li><span style=""font-size:11pt;font-family:Arial;color:#454545;background-color:transparent;font-weight:400;font-style:normal;font-variant:normal;text-decoration:none;vertical-align:baseline;white-space:pre;white-space:pre-wrap;"">Machine wash cold. Non-chlorine bleach. Tumble dry low. Cool iron. Do not dry clean.&nbsp;</span></li></ul>"
6860514099246,long-sleeve-crewneck-dress-maxi-sand,MERGE,"
<p>Cut from a butter soft ribbed cotton and modal blend, our maxi crewneck is form-fitting, ultra flattering and lightweight. This maxi dress is the perfect day to night essential.</p>
<p>Style with your favorite oversized blazer and a pair of knee high boots.<br></p>","Dresses, Maxi",REPLACE,"<ul><li>Fits true to size, take your normal size</li><li>Designed for a slim fit&nbsp;</li><li>48% Cotton 48% Modal 4% Spandex</li><li>Model is 177 cm/5&#39;10&quot; and is wearing a size S</li><li>Machine wash cold. Non-chlorine bleach. Tumble dry low. Cool iron. Do not dry clean.&nbsp;</li></ul>","<ul><li>Fits true to size, take your normal size</li><li>Designed for a slim fit&nbsp;</li><li>48% Cotton 48% Modal 4% Spandex</li><li>Model is 177 cm/5&#39;10&quot; and is wearing a size S</li><li>Machine wash cold. Non-chlorine bleach. Tumble dry low. Cool iron. Do not dry clean.&nbsp;</li></ul>"
6861625655342,tank-dress-mini-earth,MERGE,"
<div>
<p dir=""ltr""><span>Éterne's tank mini dress is crafted from a butter soft ribbed cotton and modal blend, offering a slim fit and a mini length—a versatile essential for everyday wear.</span></p>
</div>
<p><span>Style with your favorite oversized blazer and a pair of knee high boots, or over your bikini as the perfect summer coverup.</span></p>
<div></div>","Dresses, Mini",REPLACE,"<ul><li>Fits true to size, take your normal size</li><li>Designed for a slim fit&nbsp;</li><li>48% Cotton 48% Modal 4% Spandex</li><li>Model is 177 cm/5&#39;10&quot; and is wearing a size S</li><li>Machine wash cold. Non-chlorine bleach. Tumble dry low. Cool iron. Do not dry clean.&nbsp;</li></ul>","<ul><li>Fits true to size, take your normal size</li><li>Designed for a slim fit&nbsp;</li><li>48% Cotton 48% Modal 4% Spandex</li><li>Model is 177 cm/5&#39;10&quot; and is wearing a size S</li><li>Machine wash cold. Non-chlorine bleach. Tumble dry low. Cool iron. Do not dry clean.&nbsp;</li></ul>"
6861625720878,tank-dress-mini-oat,MERGE,"
<div>
<p dir=""ltr""><span>Éterne's tank mini dress is crafted from a butter soft ribbed cotton and modal blend, offering a slim fit and a mini length—a versatile essential for everyday wear.</span></p>
</div>
<p><span>Style with your favorite oversized blazer and a pair of knee high boots, or over your bikini as the perfect summer coverup.</span></p>
<div></div>","Dresses, Mini",REPLACE,"<ul><li>Fits true to size, take your normal size</li><li>Designed for a slim fit&nbsp;</li><li>48% Cotton 48% Modal 4% Spandex</li><li>Model is 177 cm/5&#39;10&quot; and is wearing a size S</li><li>Machine wash cold. Non-chlorine bleach. Tumble dry low. Cool iron. Do not dry clean.&nbsp;</li></ul><p><strong>Final Sale</strong></p>","<ul><li>Fits true to size, take your normal size</li><li>Designed for a slim fit&nbsp;</li><li>48% Cotton 48% Modal 4% Spandex</li><li>Model is 177 cm/5&#39;10&quot; and is wearing a size S</li><li>Machine wash cold. Non-chlorine bleach. Tumble dry low. Cool iron. Do not dry clean.&nbsp;</li></ul><p><strong>Final Sale</strong></p>"
6861625786414,tank-dress-mini-olive,MERGE,"
Cut from a butter soft ribbed cotton and modal blend, our mini tank dress is form-fitting, ultra flattering and lightweight. This tank dress is the perfect everyday summer essential.<br><br>Style with your favorite oversized blazer and a pair of knee high boots, or over your bikini as the perfect summer coverup.<br>","Dresses, Mini",REPLACE,"<ul><li>Fits true to size, take your normal size</li><li>Designed for a slim fit&nbsp;</li><li>48% Cotton 48% Modal 4% Spandex</li><li>Model is 177 cm/5&#39;10&quot; and is wearing a size S</li><li>Machine wash cold. Non-chlorine bleach. Tumble dry low. Cool iron. Do not dry clean.</li></ul><p><strong>Final Sale</strong></p>","<ul><li>Fits true to size, take your normal size</li><li>Designed for a slim fit&nbsp;</li><li>48% Cotton 48% Modal 4% Spandex</li><li>Model is 177 cm/5&#39;10&quot; and is wearing a size S</li><li>Machine wash cold. Non-chlorine bleach. Tumble dry low. Cool iron. Do not dry clean.</li></ul><p><strong>Final Sale</strong></p>"
6861625851950,tank-dress-mini-sand,MERGE,"
<p><span>Cut from a butter soft ribbed cotton and modal blend, our mini tank dress is form-fitting, ultra flattering and lightweight. This tank dress is the perfect everyday summer essential.</span></p>
<p><span>Style with your favorite oversized blazer and a pair of knee high boots, or over your bikini as the perfect summer coverup.</span></p>
<div></div>",,REPLACE,"<ul><li>Fits true to size, take your normal size</li><li>Designed for a slim fit&nbsp;</li><li>48% Cotton 48% Modal 4% Spandex</li><li>Model is 177 cm/5&#39;10&quot; and is wearing a size S</li><li>Machine wash cold. Non-chlorine bleach. Tumble dry low. Cool iron. Do not dry clean.&nbsp;</li></ul>","<ul><li>Fits true to size, take your normal size</li><li>Designed for a slim fit&nbsp;</li><li>48% Cotton 48% Modal 4% Spandex</li><li>Model is 177 cm/5&#39;10&quot; and is wearing a size S</li><li>Machine wash cold. Non-chlorine bleach. Tumble dry low. Cool iron. Do not dry clean.&nbsp;</li></ul>"
6861625884718,tank-dress-maxi-chocolate,MERGE,"
<p><span>Éterne's tank maxi dress is crafted from a butter soft ribbed cotton and modal blend, offering a slim fit and a maxi length—a versatile essential for everyday wear.</span></p>
<p><span>Style with your favorite oversized blazer and a pair of knee high boots, or over your bikini as the perfect summer cover-up.</span></p>","Dresses, Maxi",REPLACE,"<ul><li>Fits true to size, take your normal size</li><li>Designed for a slim fit&nbsp;</li><li>48% Cotton 48% Modal 4% Spandex</li><li>Model is 177 cm/5&#39;10&quot; and is wearing a size S</li><li>Machine wash cold. Non-chlorine bleach. Tumble dry low. Cool iron. Do not dry clean.</li></ul>","<ul><li>Fits true to size, take your normal size</li><li>Designed for a slim fit&nbsp;</li><li>48% Cotton 48% Modal 4% Spandex</li><li>Model is 177 cm/5&#39;10&quot; and is wearing a size S</li><li>Machine wash cold. Non-chlorine bleach. Tumble dry low. Cool iron. Do not dry clean.</li></ul>"
6861625983022,tank-dress-maxi-earth,MERGE,"
<p><span>Éterne's tank maxi dress is crafted from a butter soft ribbed cotton and modal blend, offering a slim fit and a maxi length—a versatile essential for everyday wear.</span></p>
<p><span>Style with your favorite oversized blazer and a pair of knee high boots, or over your bikini as the perfect summer cover-up.</span></p>","Dresses, Maxi",REPLACE,"<ul><li>Fits true to size, take your normal size</li><li>Designed for a slim fit&nbsp;</li><li>48% Cotton 48% Modal 4% Spandex</li><li>Model is 177 cm/5&#39;10&quot; and is wearing a size S</li><li>Machine wash cold. Non-chlorine bleach. Tumble dry low. Cool iron. Do not dry clean.&nbsp;</li></ul>","<ul><li>Fits true to size, take your normal size</li><li>Designed for a slim fit&nbsp;</li><li>48% Cotton 48% Modal 4% Spandex</li><li>Model is 177 cm/5&#39;10&quot; and is wearing a size S</li><li>Machine wash cold. Non-chlorine bleach. Tumble dry low. Cool iron. Do not dry clean.&nbsp;</li></ul>"
6861626048558,tank-dress-maxi-olive,MERGE,"
<p>Cut from a butter soft ribbed cotton and modal blend, our maxi tank dress is form-fitting, ultra flattering and lightweight. This tank dress is the perfect day to night essential.</p>
<p>Style with your favorite oversized blazer and a pair of knee high boots, or over your bikini as the perfect summer cover-up.</p>","Dresses, Maxi",REPLACE,"<ul><li>Fits true to size, take your normal size</li><li>Designed for a slim fit&nbsp;</li><li>48% Cotton 48% Modal 4% Spandex</li><li>Model is 177 cm/5&#39;10&quot; and is wearing a size S</li><li>Machine wash cold. Non-chlorine bleach. Tumble dry low. Cool iron. Do not dry clean.&nbsp;</li></ul><p><strong>Final Sale</strong></p>","<ul><li>Fits true to size, take your normal size</li><li>Designed for a slim fit&nbsp;</li><li>48% Cotton 48% Modal 4% Spandex</li><li>Model is 177 cm/5&#39;10&quot; and is wearing a size S</li><li>Machine wash cold. Non-chlorine bleach. Tumble dry low. Cool iron. Do not dry clean.&nbsp;</li></ul><p><strong>Final Sale</strong></p>"
6861626114094,tank-dress-maxi-sand,MERGE,"
<p><span>Cut from a butter soft ribbed cotton and modal blend, our maxi tank dress is form-fitting, ultra flattering and lightweight. This tank dress is the perfect day to night essential.</span></p>
<p><span>Style with your favorite oversized blazer and a pair of knee high boots, or over your bikini as the perfect summer cover-up.</span></p>",,REPLACE,"<ul><li>Fits true to size, take your normal size</li><li>Designed for a slim fit&nbsp;</li><li>48% Cotton 48% Modal 4% Spandex</li><li>Model is 177 cm/5&#39;10&quot; and is wearing a size S</li><li>Machine wash cold. Non-chlorine bleach. Tumble dry low. Cool iron. Do not dry clean.&nbsp;</li></ul>","<ul><li>Fits true to size, take your normal size</li><li>Designed for a slim fit&nbsp;</li><li>48% Cotton 48% Modal 4% Spandex</li><li>Model is 177 cm/5&#39;10&quot; and is wearing a size S</li><li>Machine wash cold. Non-chlorine bleach. Tumble dry low. Cool iron. Do not dry clean.&nbsp;</li></ul>"
6861626212398,tank-dress-maxi-oat,MERGE,"
<p>Cut from a butter soft ribbed cotton and modal blend, our maxi tank dress is form-fitting, ultra flattering and lightweight. This tank dress is the perfect day to night essential.</p>
<p>Style with your favorite oversized blazer and a pair of knee high boots, or over your bikini as the perfect summer cover-up.</p>",,REPLACE,"<ul><li>Fits true to size, take your normal size</li><li>Designed for a slim fit&nbsp;</li><li>48% Cotton 48% Modal 4% Spandex</li><li>Model is 177 cm/5&#39;10&quot; and is wearing a size S</li><li>Machine wash cold. Non-chlorine bleach. Tumble dry low. Cool iron. Do not dry clean.&nbsp;</li></ul><p><strong>Final Sale</strong></p>","<ul><li>Fits true to size, take your normal size</li><li>Designed for a slim fit&nbsp;</li><li>48% Cotton 48% Modal 4% Spandex</li><li>Model is 177 cm/5&#39;10&quot; and is wearing a size S</li><li>Machine wash cold. Non-chlorine bleach. Tumble dry low. Cool iron. Do not dry clean.&nbsp;</li></ul><p><strong>Final Sale</strong></p>"
6861626277934,long-sleeve-crewneck-dress-mini-chocolate,MERGE,"
<p>Éterne's long sleeve crewneck mini dress is crafted from a butter soft ribbed cotton and modal blend, offering a slim fit and a mini length—a versatile essential for everyday wear.<br></p>
<p>Style with your favorite oversized blazer or a pair of high knee boots.</p>","Dresses, Mini",REPLACE,"<ul><li>Fits true to size, take your normal size</li><li>Designed for a slim fit&nbsp;</li><li>48% Cotton 48% Modal 4% Spandex</li><li>Model is 177 cm/5&#39;10&quot; and is wearing a size S</li><li>Machine wash cold. Non-chlorine bleach. Tumble dry low. Cool iron. Do not dry clean.&nbsp;</li></ul>","<ul><li>Fits true to size, take your normal size</li><li>Designed for a slim fit&nbsp;</li><li>48% Cotton 48% Modal 4% Spandex</li><li>Model is 177 cm/5&#39;10&quot; and is wearing a size S</li><li>Machine wash cold. Non-chlorine bleach. Tumble dry low. Cool iron. Do not dry clean.&nbsp;</li></ul>"
6861626376238,long-sleeve-crewneck-dress-mini-oat,MERGE,,,REPLACE,<ul>undefined,<ul>undefined
6861626441774,long-sleeve-crewneck-dress-mini-sand,MERGE,,,REPLACE,<ul>undefined,<ul>undefined
6861626507310,long-sleeve-crewneck-dress-maxi-chocolate,MERGE,"
<p>Éterne's long sleeve crewneck maxi dress is crafted from a butter soft ribbed cotton and modal blend, offering a slim fit and a maxi length—a versatile essential for everyday wear.</p>
<p>Style with your favorite oversized blazer and a pair of knee high boots.<br></p>","Dresses, Maxi",REPLACE,"<ul><li>Fits true to size, take your normal size</li><li>Designed for a slim fit&nbsp;</li><li>48% Cotton 48% Modal 4% Spandex</li><li>Model is 177 cm/5&#39;10&quot; and is wearing a size S</li><li>Machine wash cold. Non-chlorine bleach. Tumble dry low. Cool iron. Do not dry clean.&nbsp;</li></ul>","<ul><li>Fits true to size, take your normal size</li><li>Designed for a slim fit&nbsp;</li><li>48% Cotton 48% Modal 4% Spandex</li><li>Model is 177 cm/5&#39;10&quot; and is wearing a size S</li><li>Machine wash cold. Non-chlorine bleach. Tumble dry low. Cool iron. Do not dry clean.&nbsp;</li></ul>"
6861626605614,long-sleeve-crewneck-dress-maxi-earth,MERGE,"
<p>Éterne's long sleeve crewneck maxi dress is crafted from a butter soft ribbed cotton and modal blend, offering a slim fit and a maxi length—a versatile essential for everyday wear.</p>
<p>Style with your favorite oversized blazer and a pair of knee high boots.<br></p>","Dresses, Maxi",REPLACE,"<ul><li>Fits true to size, take your normal size</li><li>Designed for a slim fit&nbsp;</li><li>48% Cotton 48% Modal 4% Spandex</li><li>Model is 177 cm/5&#39;10&quot; and is wearing a size S</li><li>Machine wash cold. Non-chlorine bleach. Tumble dry low. Cool iron. Do not dry clean.&nbsp;</li></ul>","<ul><li>Fits true to size, take your normal size</li><li>Designed for a slim fit&nbsp;</li><li>48% Cotton 48% Modal 4% Spandex</li><li>Model is 177 cm/5&#39;10&quot; and is wearing a size S</li><li>Machine wash cold. Non-chlorine bleach. Tumble dry low. Cool iron. Do not dry clean.&nbsp;</li></ul>"
6861626671150,long-sleeve-crewneck-dress-maxi-oat,MERGE,,,REPLACE,<ul>undefined,<ul>undefined
6861626736686,long-sleeve-turtleneck-dress-mini-chocolate,MERGE,"
<p>Cut from a butter soft ribbed cotton and modal blend, our mini turtleneck dress is form-fitting, ultra flattering and lightweight. This mini dress is the perfect day to night essential.</p>
<p>Style with your favorite oversized blazer or a pair of high knee boots.</p>","Dresses, Mini",REPLACE,"<ul><li>Fits true to size, take your normal size</li><li>Designed for a slim fit&nbsp;</li><li>48% Cotton 48% Modal 4% Spandex</li><li>Model is 177 cm/5&#39;10&quot; and is wearing a size S</li><li>Machine wash cold. Non-chlorine bleach. Tumble dry low. Cool iron. Do not dry clean.&nbsp;</li></ul>","<ul><li>Fits true to size, take your normal size</li><li>Designed for a slim fit&nbsp;</li><li>48% Cotton 48% Modal 4% Spandex</li><li>Model is 177 cm/5&#39;10&quot; and is wearing a size S</li><li>Machine wash cold. Non-chlorine bleach. Tumble dry low. Cool iron. Do not dry clean.&nbsp;</li></ul>"
6861626802222,long-sleeve-turtleneck-dress-maxi-earth,MERGE,"
Cut from a butter soft ribbed cotton and modal blend, our maxi turtleneck dress is form-fitting, ultra flattering and lightweight. This maxi dress is the perfect day to night essential.<br><br>Style with your favorite oversized blazer and a pair of knee high boots.","Dresses, Maxi",REPLACE,"<ul><li>Fits true to size, take your normal size</li><li>Designed for a slim fit&nbsp;</li><li>48% Cotton 48% Modal 4% Spandex</li><li>Model is 177 cm/5&#39;10&quot; and is wearing a size S</li><li>Machine wash cold. Non-chlorine bleach. Tumble dry low. Cool iron. Do not dry clean.&nbsp;</li></ul>","<ul><li>Fits true to size, take your normal size</li><li>Designed for a slim fit&nbsp;</li><li>48% Cotton 48% Modal 4% Spandex</li><li>Model is 177 cm/5&#39;10&quot; and is wearing a size S</li><li>Machine wash cold. Non-chlorine bleach. Tumble dry low. Cool iron. Do not dry clean.&nbsp;</li></ul>"
6861626867758,long-sleeve-turtleneck-dress-maxi-sand,MERGE,"
Cut from a butter soft ribbed cotton and modal blend, our maxi turtleneck dress is form-fitting, ultra flattering and lightweight. This maxi dress is the perfect day to night essential.<br><br>Style with your favorite oversized blazer and a pair of knee high boots.",,REPLACE,"<ul><li>Fits true to size, take your normal size</li><li>Designed for a slim fit&nbsp;</li><li>48% Cotton 48% Modal 4% Spandex</li><li>Model is 177 cm/5&#39;10&quot; and is wearing a size S</li><li>Machine wash cold. Non-chlorine bleach. Tumble dry low. Cool iron. Do not dry clean.&nbsp;</li></ul>","<ul><li>Fits true to size, take your normal size</li><li>Designed for a slim fit&nbsp;</li><li>48% Cotton 48% Modal 4% Spandex</li><li>Model is 177 cm/5&#39;10&quot; and is wearing a size S</li><li>Machine wash cold. Non-chlorine bleach. Tumble dry low. Cool iron. Do not dry clean.&nbsp;</li></ul>"
6861626933294,short-sleeve-baby-tee-chocolate,MERGE,,,REPLACE,<ul>undefined,<ul>undefined
6861626998830,short-sleeve-baby-tee-oat,MERGE,"
<p>Cut from a lightweight cotton and modal blend, our short sleeve baby tee features a shrunken slim fit and a thin-lined crewneck. This t-shirt is a perfect everyday essential. </p>
<p>Style with your favorite pair of jeans, leather pants, layered under an oversized blazer, or paired with <a href=""https://eterne.com/products/lounge-pant-oat"">Éterne's lounge pants</a> as a set. </p>",,REPLACE,"<ul><li>Fits true to size, take your normal size</li><li>Designed for a slim fit&nbsp;</li><li>50% Cotton 50% Modal&nbsp;</li><li>Model is 177 cm/5&#39;10&quot; and is wearing a size S</li><li>Machine wash cold. Non-chlorine bleach. Tumble dry low. Cool iron. Do not dry clean.&nbsp;</li></ul><p><strong>Final Sale</strong></p>","<ul><li>Fits true to size, take your normal size</li><li>Designed for a slim fit&nbsp;</li><li>50% Cotton 50% Modal&nbsp;</li><li>Model is 177 cm/5&#39;10&quot; and is wearing a size S</li><li>Machine wash cold. Non-chlorine bleach. Tumble dry low. Cool iron. Do not dry clean.&nbsp;</li></ul><p><strong>Final Sale</strong></p>"
6861627064366,short-sleeve-baby-tee-olive,MERGE,"
<p>Cut from a lightweight cotton and modal blend, our short sleeve baby tee features a shrunken slim fit and a thin-lined crewneck. This t-shirt is a perfect everyday essential. </p>
<p>Style with your favorite pair of jeans, leather pants, layered under an oversized blazer, or paired with <a href=""https://eterne.com/products/lounge-pant-olive"">Éterne's lounge pants</a> as a set. </p>",,REPLACE,"<ul><li>Fits true to size, take your normal size</li><li>Designed for a slim fit&nbsp;</li><li>50% Cotton 50% Modal&nbsp;</li><li>Model is 177 cm/5&#39;10&quot; and is wearing a size S</li><li>Machine wash cold. Non-chlorine bleach. Tumble dry low. Cool iron. Do not dry clean.&nbsp;</li></ul><p><strong>Final Sale</strong></p>","<ul><li>Fits true to size, take your normal size</li><li>Designed for a slim fit&nbsp;</li><li>50% Cotton 50% Modal&nbsp;</li><li>Model is 177 cm/5&#39;10&quot; and is wearing a size S</li><li>Machine wash cold. Non-chlorine bleach. Tumble dry low. Cool iron. Do not dry clean.&nbsp;</li></ul><p><strong>Final Sale</strong></p>"
6861627129902,short-sleeve-baby-tee-sand,MERGE,"
<p>Cut from a lightweight cotton and modal blend, our short sleeve baby tee features a shrunken slim fit and a thin-lined crewneck. This t-shirt is a perfect everyday essential. </p>
<p>Style with your favorite pair of jeans, leather pants, layered under an oversized blazer, or paired with <a href=""https://eterne.com/products/lounge-pant-sand"">Éterne's lounge pants</a> as a set. </p>",T-shirts,REPLACE,"<ul><li>Fits true to size, take your normal size</li><li>Designed for a slim fit&nbsp;</li><li>50% Cotton 50% Modal&nbsp;</li><li>Model is 177 cm/5&#39;10&quot; and is wearing a size S</li><li>Machine wash cold. Non-chlorine bleach. Tumble dry low. Cool iron. Do not dry clean.&nbsp;</li></ul>","<ul><li>Fits true to size, take your normal size</li><li>Designed for a slim fit&nbsp;</li><li>50% Cotton 50% Modal&nbsp;</li><li>Model is 177 cm/5&#39;10&quot; and is wearing a size S</li><li>Machine wash cold. Non-chlorine bleach. Tumble dry low. Cool iron. Do not dry clean.&nbsp;</li></ul>"
6861627195438,short-sleeve-boyfriend-t-shirt-chocolate,MERGE,,,REPLACE,<ul>undefined,<ul>undefined
6861627228206,short-sleeve-boyfriend-t-shirt-oat,MERGE,,,REPLACE,<ul>undefined,<ul>undefined
6861627260974,short-sleeve-boyfriend-t-shirt-olive,MERGE,,,REPLACE,<ul>undefined,<ul>undefined
6861627293742,short-sleeve-boyfriend-t-shirt-sand,MERGE,"
<p>Cut from a lightweight cotton and modal blend, our short sleeve boyfriend tee features a relaxed loose fit with an unfinished raw edge neckline detail. This t-shirt is the perfect everyday essential. </p>
<p>Style with your favorite pair of jeans, leather pants, layered under an oversized blazer, or paired with Éterne's lounge pants as a set. </p>",T-shirts,REPLACE,"<ul><li>Fits true to size, take your normal size</li><li>Designed for a loose fit</li><li>50% Cotton 50% Modal&nbsp;</li><li>Model is 177 cm/5&#39;10&quot; and is wearing a size S</li><li>Machine wash cold. Non-chlorine bleach. Tumble dry low. Cool iron. Do not dry clean.&nbsp;</li></ul>","<ul><li>Fits true to size, take your normal size</li><li>Designed for a loose fit</li><li>50% Cotton 50% Modal&nbsp;</li><li>Model is 177 cm/5&#39;10&quot; and is wearing a size S</li><li>Machine wash cold. Non-chlorine bleach. Tumble dry low. Cool iron. Do not dry clean.&nbsp;</li></ul>"
6861627326510,long-sleeve-boyfriend-t-shirt-chocolate,MERGE,,,REPLACE,<ul>undefined,<ul>undefined
6861627359278,long-sleeve-boyfriend-t-shirt-oat,MERGE,,,REPLACE,<ul>undefined,<ul>undefined
6861627424814,long-sleeve-boyfriend-t-shirt-olive,MERGE,,,REPLACE,<ul>undefined,<ul>undefined
6861627523118,long-sleeve-boyfriend-t-shirt-sand,MERGE,"
<p>Cut from lightweight cotton and modal blend, our long sleeve boyfriend tee features a relaxed loose fit, unfinished raw edge neckline detail along with Éterne's signature extra long sleeves. </p>
<p>Style with your favorite pair of jeans, leather pants, layered under an oversized blazer, or paired with Éterne's lounge pant as a set. </p>",T-shirts,REPLACE,"<ul><li>Fits true to size, take your normal size</li><li>Designed for a loose fit</li><li>50% Cotton / 50% Modal&nbsp;</li><li>Model is 177 cm/5&#39;10&quot; and is wearing a size S</li><li>Machine wash cold. Non-chlorine bleach. Tumble dry low. Cool iron. Do not dry clean.&nbsp;</li></ul>","<ul><li>Fits true to size, take your normal size</li><li>Designed for a loose fit</li><li>50% Cotton / 50% Modal&nbsp;</li><li>Model is 177 cm/5&#39;10&quot; and is wearing a size S</li><li>Machine wash cold. Non-chlorine bleach. Tumble dry low. Cool iron. Do not dry clean.&nbsp;</li></ul>"
6861627654190,rib-tank-chocolate,MERGE,,,REPLACE,<ul>undefined,<ul>undefined
6861627752494,rib-tank-oat,MERGE,"
<p>Cut from a lightweight cotton 100% rib fabric, our ribbed tank features a slim fit with its flattering thin tank straps and vintage-inspired neckline. </p>
<p>Style with your favorite pair of jeans, leather pants, layered under an oversized blazer or under a pantsuit. </p>",Tanks,REPLACE,"<ul><li>Fits true to size, take your normal size</li><li>Designed for a slim fit</li><li>100% cotton</li><li>Model is 177 cm/5&#39;10&quot; and is wearing a size S</li><li>Machine wash cold. Non-chlorine bleach. Tumble dry low. Cool iron. Do not dry clean.&nbsp;</li></ul><p><strong>Final Sale</strong></p>","<ul><li>Fits true to size, take your normal size</li><li>Designed for a slim fit</li><li>100% cotton</li><li>Model is 177 cm/5&#39;10&quot; and is wearing a size S</li><li>Machine wash cold. Non-chlorine bleach. Tumble dry low. Cool iron. Do not dry clean.&nbsp;</li></ul><p><strong>Final Sale</strong></p>"
6861627818030,rib-tank-olive,MERGE,"
<p>Cut from a lightweight cotton 100% rib fabric, our ribbed tank features a slim fit with its flattering thin tank straps and vintage-inspired neckline. </p>
<p>Style with your favorite pair of jeans, leather pants, layered under an oversized blazer or under a pantsuit. </p>",Tanks,REPLACE,"<ul><li>Fits true to size, take your normal size</li><li>Designed for a slim fit</li><li>100% cotton</li><li>Model is 177 cm/5&#39;10&quot; and is wearing a size S</li><li>Machine wash cold. Non-chlorine bleach. Tumble dry low. Cool iron. Do not dry clean.&nbsp;</li></ul><p><strong>Final Sale</strong></p>","<ul><li>Fits true to size, take your normal size</li><li>Designed for a slim fit</li><li>100% cotton</li><li>Model is 177 cm/5&#39;10&quot; and is wearing a size S</li><li>Machine wash cold. Non-chlorine bleach. Tumble dry low. Cool iron. Do not dry clean.&nbsp;</li></ul><p><strong>Final Sale</strong></p>"
6861627916334,rib-tank-sand,MERGE,"
<p>Cut from a lightweight cotton 100% rib fabric, our ribbed tank features a slim fit with its flattering thin tank straps and vintage-inspired neckline. </p>
<p>Style with your favorite pair of jeans, leather pants, layered under an oversized blazer or under a pantsuit. </p>",Tanks,REPLACE,"<ul><li>Fits true to size, take your normal size</li><li>Designed for a slim fit</li><li>100% cotton</li><li>Model is 177 cm/5&#39;10&quot; and is wearing a size S</li><li>Machine wash cold. Non-chlorine bleach. Tumble dry low. Cool iron. Do not dry clean.&nbsp;</li></ul>","<ul><li>Fits true to size, take your normal size</li><li>Designed for a slim fit</li><li>100% cotton</li><li>Model is 177 cm/5&#39;10&quot; and is wearing a size S</li><li>Machine wash cold. Non-chlorine bleach. Tumble dry low. Cool iron. Do not dry clean.&nbsp;</li></ul>"
6861627981870,rib-tank-earth,MERGE,"
<p>Cut from a lightweight cotton 100% rib fabric, our ribbed tank features a slim fit with its flattering thin tank straps and vintage-inspired neckline. </p>
<p>Style with your favorite pair of jeans, leather pants, layered under an oversized blazer or under a pantsuit. </p>",Tanks,REPLACE,"<ul><li>Fits true to size, take your normal size</li><li>Designed for a slim fit</li><li>100% cotton</li><li>Model is 177 cm/5&#39;10&quot; and is wearing a size S</li><li>Machine wash cold. Non-chlorine bleach. Tumble dry low. Cool iron. Do not dry clean.&nbsp;</li></ul>","<ul><li>Fits true to size, take your normal size</li><li>Designed for a slim fit</li><li>100% cotton</li><li>Model is 177 cm/5&#39;10&quot; and is wearing a size S</li><li>Machine wash cold. Non-chlorine bleach. Tumble dry low. Cool iron. Do not dry clean.&nbsp;</li></ul>"
6861628047406,cropped-scoop-neck-tank-earth,MERGE,"
<p>Cut from a lightweight 100% cotton ribbed fabric, our cropped scoop neck tank features a flattering slim fit cropped at the waist with its meticulously measured scoop neck. It is the ultimate everyday basic.</p>
<p><meta charset=""utf-8"">Style with your favorite pair of jeans, leather pants, layered under an oversized blazer, or pair with Éterne's <a href=""https://eterne.com/products/lounge-pant-earth"">lounge pant</a> as a set.</p>",Tanks,REPLACE,"<ul><li>Fits true to size, take your normal size</li><li>Designed for a slim fit</li><li>48% cotton, 48% modal, 4% spandex</li><li>Model is 177 cm/5&#39;10&quot; and is wearing a size S</li><li>Machine wash cold. Non-chlorine bleach. Tumble dry low. Cool iron. Do not dry clean.&nbsp;</li></ul>","<ul><li>Fits true to size, take your normal size</li><li>Designed for a slim fit</li><li>48% cotton, 48% modal, 4% spandex</li><li>Model is 177 cm/5&#39;10&quot; and is wearing a size S</li><li>Machine wash cold. Non-chlorine bleach. Tumble dry low. Cool iron. Do not dry clean.&nbsp;</li></ul>"
6861628112942,cropped-scoop-neck-tank-chocolate,MERGE,,,REPLACE,<ul>undefined,<ul>undefined
6861628178478,cropped-scoop-neck-tank-oat,MERGE,,,REPLACE,<ul>undefined,<ul>undefined
6861628244014,cropped-scoop-neck-tank-olive,MERGE,"
<p>Cut from a lightweight 100% cotton ribbed fabric, our cropped scoop neck tank features a flattering slim fit cropped at the waist with its meticulously measured scoop neck. It is the ultimate everyday basic.</p>
<p><meta charset=""utf-8"">Style with your favorite pair of jeans, leather pants, layered under an oversized blazer, or pair with Éterne's <a href=""https://eterne.com/products/lounge-pant-olive"">lounge pant</a> as a set.</p>",Tanks,REPLACE,"<ul><li>Fits true to size, take your normal size</li><li>Designed for a slim fit</li><li>48% cotton, 48% modal, 4% spandex</li><li>Model is 177 cm/5&#39;10&quot; and is wearing a size S</li><li>Machine wash cold. Non-chlorine bleach. Tumble dry low. Cool iron. Do not dry clean.&nbsp;</li></ul><p><strong>Final Sale</strong></p>","<ul><li>Fits true to size, take your normal size</li><li>Designed for a slim fit</li><li>48% cotton, 48% modal, 4% spandex</li><li>Model is 177 cm/5&#39;10&quot; and is wearing a size S</li><li>Machine wash cold. Non-chlorine bleach. Tumble dry low. Cool iron. Do not dry clean.&nbsp;</li></ul><p><strong>Final Sale</strong></p>"
6861628309550,cropped-scoop-neck-tank-sand,MERGE,,Tanks,REPLACE,"<ul><li>Fits true to size, take your normal size</li><li>Designed for a slim fit</li><li>48% cotton, 48% modal, 4% spandex</li><li>Model is 177 cm/5&#39;10&quot; and is wearing a size S</li><li>Machine wash cold. Non-chlorine bleach. Tumble dry low. Cool iron. Do not dry clean.&nbsp;</li></ul>","<ul><li>Fits true to size, take your normal size</li><li>Designed for a slim fit</li><li>48% cotton, 48% modal, 4% spandex</li><li>Model is 177 cm/5&#39;10&quot; and is wearing a size S</li><li>Machine wash cold. Non-chlorine bleach. Tumble dry low. Cool iron. Do not dry clean.&nbsp;</li></ul>"
6861628407854,long-sleeve-cropped-t-shirt-earth,MERGE,"
<p><span style=""font-weight: 400;"">Cut from a lightweight cotton and modal blend, our long sleeve cropped t-shirt features a relaxed loose fit, crew neck, along with Éterne’s signature extra long sleeves.</span></p>
<p><span style=""font-weight: 400;"">Style with your favorite pair of jeans, leather pants, layered under an oversized blazer, or paired with <a href=""https://eterne.com/products/lounge-pant-earth"">Éterne’s lounge pant</a> as a set. </span></p>",T-shirts,REPLACE,"<ul><li>Fits true to size, take your normal size</li><li>Designed for a slightly loose fit</li><li>Lightweight, 50% Cotton / 50% Modal&nbsp;</li><li>Model is 177 cm/5&#39;10&quot; and is wearing a size S</li><li>Machine wash cold. Non-chlorine bleach. Tumble dry low. Cool iron. Do not dry clean.&nbsp;</li></ul>","<ul><li>Fits true to size, take your normal size</li><li>Designed for a slightly loose fit</li><li>Lightweight, 50% Cotton / 50% Modal&nbsp;</li><li>Model is 177 cm/5&#39;10&quot; and is wearing a size S</li><li>Machine wash cold. Non-chlorine bleach. Tumble dry low. Cool iron. Do not dry clean.&nbsp;</li></ul>"
6861628473390,long-sleeve-cropped-t-shirt-olive,MERGE,"
<p><span style=""font-weight: 400;"">Cut from a lightweight cotton and modal blend, our long sleeve cropped t-shirt features a relaxed loose fit, crew neck, along with Éterne’s signature extra long sleeves.</span></p>
<p><span style=""font-weight: 400;"">Style with your favorite pair of jeans, leather pants, layered under an oversized blazer, or paired with <a href=""https://eterne.com/products/lounge-pant-olive"">Éterne’s lounge pant</a> as a set. </span></p>",T-shirts,REPLACE,"<ul><li>Fits true to size, take your normal size</li><li>Designed for a slightly loose fit</li><li>Lightweight, 50% Cotton / 50% Modal&nbsp;</li><li>Model is 177 cm/5&#39;10&quot; and is wearing a size S</li><li>Machine wash cold. Non-chlorine bleach. Tumble dry low. Cool iron. Do not dry clean.&nbsp;</li></ul><p><strong>Final Sale</strong></p>","<ul><li>Fits true to size, take your normal size</li><li>Designed for a slightly loose fit</li><li>Lightweight, 50% Cotton / 50% Modal&nbsp;</li><li>Model is 177 cm/5&#39;10&quot; and is wearing a size S</li><li>Machine wash cold. Non-chlorine bleach. Tumble dry low. Cool iron. Do not dry clean.&nbsp;</li></ul><p><strong>Final Sale</strong></p>"
6861628538926,lounge-pant-chocolate,MERGE,,,REPLACE,<ul>undefined,<ul>undefined
6861628604462,lounge-pant-oat,MERGE,"
<p>Cut from a lightweight cotton and modal blend, our lounge pant features a comfortable and relaxed fit with its soft elastic waistband and flattering wide legs. </p>
<p>Pair with <a href=""https://eterne.com/products/short-sleeve-baby-tee-oat"">Éterne's short sleeve baby tee</a> as a set.</p>",Bottoms,REPLACE,"<ul><li>Fits true to size, take your normal size</li><li>Designed for a loose fit</li><li>50% cotton, 50% modal</li><li>Model is 177 cm/5&#39;10&quot; and is wearing a size S</li><li>Inseam 33 &frac14;&nbsp;</li><li><span style=""font-size:11pt;font-family:Arial;color:#454545;background-color:transparent;font-weight:400;font-style:normal;font-variant:normal;text-decoration:none;vertical-align:baseline;white-space:pre;white-space:pre-wrap;"">Machine wash cold. Non-chlorine bleach. Tumble dry low. Cool iron. Do not dry clean.&nbsp;</span></li></ul><p><strong>Final Sale</strong></p>","<ul><li>Fits true to size, take your normal size</li><li>Designed for a loose fit</li><li>50% cotton, 50% modal</li><li>Model is 177 cm/5&#39;10&quot; and is wearing a size S</li><li>Inseam 33 &frac14;&nbsp;</li><li><span style=""font-size:11pt;font-family:Arial;color:#454545;background-color:transparent;font-weight:400;font-style:normal;font-variant:normal;text-decoration:none;vertical-align:baseline;white-space:pre;white-space:pre-wrap;"">Machine wash cold. Non-chlorine bleach. Tumble dry low. Cool iron. Do not dry clean.&nbsp;</span></li></ul><p><strong>Final Sale</strong></p>"
6861628669998,lounge-pant-olive,MERGE,"
<p>Cut from a lightweight cotton and modal blend, our lounge pant features a comfortable and relaxed fit with its soft elastic waistband and flattering wide legs. </p>
<p>Pair with <a href=""https://eterne.com/products/short-sleeve-baby-tee-olive"">Éterne's short sleeve baby tee</a> as a set.</p>",Bottoms,REPLACE,"<ul><li>Fits true to size, take your normal size</li><li>Designed for a loose fit</li><li>50% cotton, 50% modal</li><li>Model is 177 cm/5&#39;10&quot; and is wearing a size S</li><li>Inseam 33 &frac14;&nbsp;</li><li><span style=""font-size:11pt;font-family:Arial;color:#454545;background-color:transparent;font-weight:400;font-style:normal;font-variant:normal;text-decoration:none;vertical-align:baseline;white-space:pre;white-space:pre-wrap;"">Machine wash cold. Non-chlorine bleach. Tumble dry low. Cool iron. Do not dry clean.&nbsp;</span></li></ul><p><strong>Final Sale</strong></p>","<ul><li>Fits true to size, take your normal size</li><li>Designed for a loose fit</li><li>50% cotton, 50% modal</li><li>Model is 177 cm/5&#39;10&quot; and is wearing a size S</li><li>Inseam 33 &frac14;&nbsp;</li><li><span style=""font-size:11pt;font-family:Arial;color:#454545;background-color:transparent;font-weight:400;font-style:normal;font-variant:normal;text-decoration:none;vertical-align:baseline;white-space:pre;white-space:pre-wrap;"">Machine wash cold. Non-chlorine bleach. Tumble dry low. Cool iron. Do not dry clean.&nbsp;</span></li></ul><p><strong>Final Sale</strong></p>"
6861628735534,lounge-pant-sand,MERGE,"
<p>Cut from a lightweight cotton and modal blend, our lounge pant features a comfortable and relaxed fit with its soft elastic waistband and flattering wide legs. </p>
<p>Pair with <a href=""https://eterne.com/products/short-sleeve-baby-tee-sand"">Éterne's short sleeve baby tee</a> as a set.</p>",Bottoms,REPLACE,"<ul><li>Fits true to size, take your normal size</li><li>Designed for a loose fit</li><li>50% cotton, 50% modal</li><li>Model is 177 cm/5&#39;10&quot; and is wearing a size S</li><li>Inseam 33 &frac14;&nbsp;</li><li><span style=""font-size:11pt;font-family:Arial;color:#454545;background-color:transparent;font-weight:400;font-style:normal;font-variant:normal;text-decoration:none;vertical-align:baseline;white-space:pre;white-space:pre-wrap;"">Machine wash cold. Non-chlorine bleach. Tumble dry low. Cool iron. Do not dry clean.&nbsp;</span></li></ul>","<ul><li>Fits true to size, take your normal size</li><li>Designed for a loose fit</li><li>50% cotton, 50% modal</li><li>Model is 177 cm/5&#39;10&quot; and is wearing a size S</li><li>Inseam 33 &frac14;&nbsp;</li><li><span style=""font-size:11pt;font-family:Arial;color:#454545;background-color:transparent;font-weight:400;font-style:normal;font-variant:normal;text-decoration:none;vertical-align:baseline;white-space:pre;white-space:pre-wrap;"">Machine wash cold. Non-chlorine bleach. Tumble dry low. Cool iron. Do not dry clean.&nbsp;</span></li></ul>"
6861628801070,lounge-boxer-short-chocolate,MERGE,,,REPLACE,<ul>undefined,<ul>undefined
6861628866606,lounge-boxer-short-oat,MERGE,"
<p>Cut from a lightweight cotton and modal blend, our lounge boxer short features a comfortable and relaxed fit with it's soft elastic waistband, button and top stitch detail.</p>
<p>Pair with Éterne's <a href=""https://eterne.com/products/super-cropped-rib-tank"">super cropped rib tank</a> as a set.</p>",Bottoms,REPLACE,"<ul><li>Fits true to size, take your normal size</li><li>Designed for a loose fit</li><li>50% cotton, 50% modal</li><li>Model is 177 cm/5&#39;10&quot; and is wearing a size S</li><li>Inseam <span style=""font-size:11pt;font-family:Arial;color:#454545;background-color:transparent;font-weight:400;font-style:normal;font-variant:normal;text-decoration:none;vertical-align:baseline;white-space:pre;white-space:pre-wrap;"">3 &frac34;&nbsp;</span></li><li><span style=""font-size:11pt;font-family:Arial;color:#454545;background-color:transparent;font-weight:400;font-style:normal;font-variant:normal;text-decoration:none;vertical-align:baseline;white-space:pre;white-space:pre-wrap;"">Machine wash cold. Non-chlorine bleach. Tumble dry low. Cool iron. Do not dry clean.&nbsp;</span></li></ul><p><strong>Final Sale</strong></p>","<ul><li>Fits true to size, take your normal size</li><li>Designed for a loose fit</li><li>50% cotton, 50% modal</li><li>Model is 177 cm/5&#39;10&quot; and is wearing a size S</li><li>Inseam <span style=""font-size:11pt;font-family:Arial;color:#454545;background-color:transparent;font-weight:400;font-style:normal;font-variant:normal;text-decoration:none;vertical-align:baseline;white-space:pre;white-space:pre-wrap;"">3 &frac34;&nbsp;</span></li><li><span style=""font-size:11pt;font-family:Arial;color:#454545;background-color:transparent;font-weight:400;font-style:normal;font-variant:normal;text-decoration:none;vertical-align:baseline;white-space:pre;white-space:pre-wrap;"">Machine wash cold. Non-chlorine bleach. Tumble dry low. Cool iron. Do not dry clean.&nbsp;</span></li></ul><p><strong>Final Sale</strong></p>"
6861628932142,lounge-boxer-short-olive,MERGE,,,REPLACE,<ul>undefined,<ul>undefined
6861628997678,lounge-boxer-short-sand,MERGE,"
<p>Cut from a lightweight cotton and modal blend, our lounge boxer short features a comfortable and relaxed fit with it's soft elastic waistband, button and top stitch detail.</p>
<p>Pair with Éterne's cropped rib tank as a set.</p>",Bottoms,REPLACE,"<ul><li>Fits true to size, take your normal size</li><li>Designed for a loose fit</li><li>50% cotton, 50% modal</li><li>Model is 177 cm/5&#39;10&quot; and is wearing a size S</li><li>Inseam <span style=""font-size:11pt;font-family:Arial;color:#454545;background-color:transparent;font-weight:400;font-style:normal;font-variant:normal;text-decoration:none;vertical-align:baseline;white-space:pre;white-space:pre-wrap;"">3 &frac34;&nbsp;</span></li><li><span style=""font-size:11pt;font-family:Arial;color:#454545;background-color:transparent;font-weight:400;font-style:normal;font-variant:normal;text-decoration:none;vertical-align:baseline;white-space:pre;white-space:pre-wrap;"">Machine wash cold. Non-chlorine bleach. Tumble dry low. Cool iron. Do not dry clean.&nbsp;</span></li></ul>","<ul><li>Fits true to size, take your normal size</li><li>Designed for a loose fit</li><li>50% cotton, 50% modal</li><li>Model is 177 cm/5&#39;10&quot; and is wearing a size S</li><li>Inseam <span style=""font-size:11pt;font-family:Arial;color:#454545;background-color:transparent;font-weight:400;font-style:normal;font-variant:normal;text-decoration:none;vertical-align:baseline;white-space:pre;white-space:pre-wrap;"">3 &frac34;&nbsp;</span></li><li><span style=""font-size:11pt;font-family:Arial;color:#454545;background-color:transparent;font-weight:400;font-style:normal;font-variant:normal;text-decoration:none;vertical-align:baseline;white-space:pre;white-space:pre-wrap;"">Machine wash cold. Non-chlorine bleach. Tumble dry low. Cool iron. Do not dry clean.&nbsp;</span></li></ul>"
6861629063214,super-cropped-rib-tank,MERGE,"
<p><span>Cut from lightweight 100% cotton ribbed fabric, our super cropped tank features a slim flit with its flattering thin straps and vintage-inspired neckline with slit.</span></p>
<p>Style with Éterne's <a href=""https://eterne.com/products/lounge-boxer-short-oat"">Lounge Boxer Short</a> to make it a set.</p>",Tanks,REPLACE,"<ul><li>Fits true to size, take your normal size</li><li>Designed for a slim fit&nbsp;</li><li>100% Cotton</li><li>Model is 177 cm/5&#39;10&quot; and is wearing a size S</li><li>Machine wash cold. Non-chlorine bleach. Tumble dry low. Cool iron. Do not dry clean.&nbsp;</li></ul><p><strong>Final Sale</strong></p>","<ul><li>Fits true to size, take your normal size</li><li>Designed for a slim fit&nbsp;</li><li>100% Cotton</li><li>Model is 177 cm/5&#39;10&quot; and is wearing a size S</li><li>Machine wash cold. Non-chlorine bleach. Tumble dry low. Cool iron. Do not dry clean.&nbsp;</li></ul><p><strong>Final Sale</strong></p>"
6861629128750,super-cropped-rib-tank-1,MERGE,"
<p><span>Cut from lightweight 100% cotton ribbed fabric, our super cropped tank features a slim flit with its flattering thin straps and vintage-inspired neckline with slit.</span></p>
<p>Style with Éterne's <a href=""https://eterne.com/products/lounge-boxer-short-oat"">Lounge Boxer Short</a> to make it a set.</p>",Tanks,REPLACE,"<ul><li>Fits true to size, take your normal size</li><li>Designed for a slim fit&nbsp;</li><li>100% Cotton</li><li>Model is 177 cm/5&#39;10&quot; and is wearing a size S</li><li>Machine wash cold. Non-chlorine bleach. Tumble dry low. Cool iron. Do not dry clean.&nbsp;</li></ul><p><strong>Final Sale</strong></p>","<ul><li>Fits true to size, take your normal size</li><li>Designed for a slim fit&nbsp;</li><li>100% Cotton</li><li>Model is 177 cm/5&#39;10&quot; and is wearing a size S</li><li>Machine wash cold. Non-chlorine bleach. Tumble dry low. Cool iron. Do not dry clean.&nbsp;</li></ul><p><strong>Final Sale</strong></p>"
6861629194286,super-cropped-rib-tank-2,MERGE,,,REPLACE,<ul>undefined,<ul>undefined
6861629292590,super-cropped-rib-tank-3,MERGE,"
<p><span>Cut from lightweight 100% cotton ribbed fabric, our super cropped tank features a slim flit with its flattering thin straps and vintage-inspired neckline with slit.</span></p>
<p><span>Style with your favorite pair of jeans, leather pants, layered under an oversized blazer or under a pantsuit.</span></p>",Tanks,REPLACE,"<ul><li>Fits true to size, take your normal size</li><li>Designed for a slim fit&nbsp;</li><li>100% Cotton</li><li>Model is 177 cm/5&#39;10&quot; and is wearing a size S</li><li>Machine wash cold. Non-chlorine bleach. Tumble dry low. Cool iron. Do not dry clean.&nbsp;</li></ul><p><strong>Final Sale</strong></p>","<ul><li>Fits true to size, take your normal size</li><li>Designed for a slim fit&nbsp;</li><li>100% Cotton</li><li>Model is 177 cm/5&#39;10&quot; and is wearing a size S</li><li>Machine wash cold. Non-chlorine bleach. Tumble dry low. Cool iron. Do not dry clean.&nbsp;</li></ul><p><strong>Final Sale</strong></p>"
6861635485742,test-product-for-testing,MERGE,,,REPLACE,<ul>undefined,<ul>undefined
6863702458414,high-neck-fitted-tank,MERGE,"
<p><meta charset=""utf-8"">Éterne's high neck fitted tank is crafted from a butter soft ribbed cotton and modal blend, offering a slim fit and a full length<meta charset=""utf-8"">—a versatile essential for everyday wear.</p>
<p>Style with your favorite high-rise jeans, leather pants, or pair with Éterne's <a href=""https://eterne.com/collections/bottoms/products/thermal-lounge-pant-black"">thermal lounge pant</a> as a set. </p>",Tanks,REPLACE,"<ul><li>Fits true to size, take your normal size</li><li>Designed for a slim fit</li><li>48% Cotton, 48% Modal, 4% Spandex</li><li>Model is 177 cm/5&#39;10&quot; and is wearing a size S</li><li><span style=""font-size:11pt;font-family:Arial;color:#454545;background-color:transparent;font-weight:400;font-style:normal;font-variant:normal;text-decoration:none;vertical-align:baseline;white-space:pre;white-space:pre-wrap;"">Machine wash cold. Non-chlorine bleach. Tumble dry low. Cool iron. Do not dry clean.&nbsp;</span></li></ul>","<ul><li>Fits true to size, take your normal size</li><li>Designed for a slim fit</li><li>48% Cotton, 48% Modal, 4% Spandex</li><li>Model is 177 cm/5&#39;10&quot; and is wearing a size S</li><li><span style=""font-size:11pt;font-family:Arial;color:#454545;background-color:transparent;font-weight:400;font-style:normal;font-variant:normal;text-decoration:none;vertical-align:baseline;white-space:pre;white-space:pre-wrap;"">Machine wash cold. Non-chlorine bleach. Tumble dry low. Cool iron. Do not dry clean.&nbsp;</span></li></ul>"
6863702491182,high-neck-fitted-tank-1,MERGE,"
<p><meta charset=""utf-8"">Éterne's high neck fitted tank is crafted from a butter soft ribbed cotton and modal blend, offering a slim fit and a full length<meta charset=""utf-8"">—a versatile essential for everyday wear.</p>
<p>Style with your favorite high-rise jeans, leather pants, or pair with Éterne's <a href=""https://eterne.com/products/classic-sweatpant-heather-brown"">classic sweatpant</a> or <a href=""https://eterne.com/products/straight-leg-sweatpant-heather-brown"">straight leg sweatpant</a> as a set. </p>",Tanks,REPLACE,"<ul><li>Fits true to size, take your normal size</li><li>Designed for a slim fit</li><li>48% Cotton, 48% Modal, 4% Spandex</li><li>Model is 177 cm/5&#39;10&quot; and is wearing a size S</li><li><span style=""font-size:11pt;font-family:Arial;color:#454545;background-color:transparent;font-weight:400;font-style:normal;font-variant:normal;text-decoration:none;vertical-align:baseline;white-space:pre;white-space:pre-wrap;"">Machine wash cold. Non-chlorine bleach. Tumble dry low. Cool iron. Do not dry clean.&nbsp;</span></li></ul>","<ul><li>Fits true to size, take your normal size</li><li>Designed for a slim fit</li><li>48% Cotton, 48% Modal, 4% Spandex</li><li>Model is 177 cm/5&#39;10&quot; and is wearing a size S</li><li><span style=""font-size:11pt;font-family:Arial;color:#454545;background-color:transparent;font-weight:400;font-style:normal;font-variant:normal;text-decoration:none;vertical-align:baseline;white-space:pre;white-space:pre-wrap;"">Machine wash cold. Non-chlorine bleach. Tumble dry low. Cool iron. Do not dry clean.&nbsp;</span></li></ul>"
6863702523950,high-neck-fitted-tank-2,MERGE,"
<p><meta charset=""utf-8"">Éterne's high neck fitted tank is crafted from a butter soft ribbed cotton and modal blend, offering a slim fit and a full length<meta charset=""utf-8"">—a versatile essential for everyday wear.</p>
<p>Style with your favorite high-rise jeans, leather pants, or pair with Éterne's <a href=""https://eterne.com/collections/bottoms/products/thermal-lounge-pant-heather-grey"">thermal lounge pant</a> as a set. </p>",Tanks,REPLACE,"<ul><li>Fits true to size, take your normal size</li><li>Designed for a slim fit</li><li>48% Cotton, 48% Modal, 4% Spandex</li><li>Model is 177 cm/5&#39;10&quot; and is wearing a size S</li><li><span style=""font-size:11pt;font-family:Arial;color:#454545;background-color:transparent;font-weight:400;font-style:normal;font-variant:normal;text-decoration:none;vertical-align:baseline;white-space:pre;white-space:pre-wrap;"">Machine wash cold. Non-chlorine bleach. Tumble dry low. Cool iron. Do not dry clean.&nbsp;</span></li></ul>","<ul><li>Fits true to size, take your normal size</li><li>Designed for a slim fit</li><li>48% Cotton, 48% Modal, 4% Spandex</li><li>Model is 177 cm/5&#39;10&quot; and is wearing a size S</li><li><span style=""font-size:11pt;font-family:Arial;color:#454545;background-color:transparent;font-weight:400;font-style:normal;font-variant:normal;text-decoration:none;vertical-align:baseline;white-space:pre;white-space:pre-wrap;"">Machine wash cold. Non-chlorine bleach. Tumble dry low. Cool iron. Do not dry clean.&nbsp;</span></li></ul>"
6863702556718,high-neck-fitted-tank-3,MERGE,"
<p><meta charset=""utf-8"">Éterne's high neck fitted tank is crafted from a butter soft ribbed cotton and modal blend, offering a slim fit and a full length<meta charset=""utf-8"">—a versatile essential for everyday wear.</p>
<p>Style with your favorite high-rise jeans, leather pants, or pair with Éterne's <a href=""https://eterne.com/collections/bottoms/products/thermal-lounge-pant-heather-grey"">thermal lounge pant</a> as a set. </p>",Tanks,REPLACE,"<ul><li>Fits true to size, take your normal size</li><li>Designed for a slim fit</li><li>48% Cotton, 48% Modal, 4% Spandex</li><li>Model is 177 cm/5&#39;10&quot; and is wearing a size S</li><li><span style=""font-size:11pt;font-family:Arial;color:#454545;background-color:transparent;font-weight:400;font-style:normal;font-variant:normal;text-decoration:none;vertical-align:baseline;white-space:pre;white-space:pre-wrap;"">Machine wash cold. Non-chlorine bleach. Tumble dry low. Cool iron. Do not dry clean.&nbsp;</span></li></ul>","<ul><li>Fits true to size, take your normal size</li><li>Designed for a slim fit</li><li>48% Cotton, 48% Modal, 4% Spandex</li><li>Model is 177 cm/5&#39;10&quot; and is wearing a size S</li><li><span style=""font-size:11pt;font-family:Arial;color:#454545;background-color:transparent;font-weight:400;font-style:normal;font-variant:normal;text-decoration:none;vertical-align:baseline;white-space:pre;white-space:pre-wrap;"">Machine wash cold. Non-chlorine bleach. Tumble dry low. Cool iron. Do not dry clean.&nbsp;</span></li></ul>"
6877038510126,cropped-rib-tank-oat,MERGE,"
<p>Cut from a lightweight 100% cotton rib fabric, our cropped rib racerback tank features a flattering slim fit with its thin racer-back straps and low scooped neck. </p>
<p>Style with your favorite high-rise jeans, leather pants, or layered under an oversized blazer</p>",,REPLACE,"<ul><li>Fits true to size, take your normal size</li><li>Designed for a slim fit&nbsp;</li><li>100% cotton</li><li>Model is 177 cm/5&#39;10&quot; and is wearing a size S</li><li>Machine wash cold. Non-chlorine bleach. Tumble dry low. Cool dry. Do not dry clean.&nbsp;</li></ul><p><strong>Final Sale</strong></p>","<ul><li>Fits true to size, take your normal size</li><li>Designed for a slim fit&nbsp;</li><li>100% cotton</li><li>Model is 177 cm/5&#39;10&quot; and is wearing a size S</li><li>Machine wash cold. Non-chlorine bleach. Tumble dry low. Cool dry. Do not dry clean.&nbsp;</li></ul><p><strong>Final Sale</strong></p>"
6877038542894,cropped-rib-tank-sand,MERGE,"
<p>Cut from a lightweight 100% cotton rib fabric, our cropped rib racerback tank features a flattering slim fit with its thin racer-back straps and low scooped neck. </p>
<p>Style with your favorite high-rise jeans, leather pants, or layered under an oversized blazer</p>",,REPLACE,"<ul><li>Fits true to size, take your normal size</li><li>Designed for a slim fit</li><li>100% cotton</li><li>Model is 177 cm/5&#39;10&quot; and is wearing a size S</li><li>Machine wash cold. Non-chlorine bleach. Tumble dry low. Cool iron. Do not dry clean.&nbsp;</li></ul>","<ul><li>Fits true to size, take your normal size</li><li>Designed for a slim fit</li><li>100% cotton</li><li>Model is 177 cm/5&#39;10&quot; and is wearing a size S</li><li>Machine wash cold. Non-chlorine bleach. Tumble dry low. Cool iron. Do not dry clean.&nbsp;</li></ul>"
6878371643438,amelia-halter-one-piece,MERGE,"
<p>The Amelia halter one piece swimsuit has a slim fit with a plunging ""V"" neckline that forms a halter neck silhouette with a dramatic open back. It's made from matte swim fabric that's both stretchy and shaping. The high-cut legs create an elongating effect.</p>
<p>Style with Eterne's <a href=""https://eterne.com/products/esme-mini-sarong"">Esme Mini Sarong</a> or <a href=""https://eterne.com/collections/soleil/products/lennon-robe"">Lennon Robe</a>.</p>",Swim,REPLACE,"<ul><li>Fits true to size, take your normal size</li><li>Designed for a slim fit&nbsp;</li><li>80% Nylon, 20% Spandex</li><li>Model is 179 cm/5&#39;10.5&quot; and is wearing a size S</li><li>Delicate cycle in cold water with like colors. No bleach. Iron on medium. Hang to dry.</li></ul>","<ul><li>Fits true to size, take your normal size</li><li>Designed for a slim fit&nbsp;</li><li>80% Nylon, 20% Spandex</li><li>Model is 179 cm/5&#39;10.5&quot; and is wearing a size S</li><li>Delicate cycle in cold water with like colors. No bleach. Iron on medium. Hang to dry.</li></ul>"
6878371840046,amelia-halter-one-piece-1,MERGE,"
<p>The Amelia halter one piece swimsuit has a slim fit with a plunging ""V"" neckline that forms a halter neck silhouette with a dramatic open back. It's made from matte swim fabric that's both stretchy and shaping. The high-cut legs create an elongating effect.</p>
<p>Style with Eterne's <a href=""https://eterne.com/products/esme-mini-sarong-2"">Esme Mini Sarong</a> or <a href=""https://eterne.com/collections/soleil/products/lennon-robe-1"">Lennon Robe</a>.</p>",Swim,REPLACE,"<ul><li>Fits true to size, take your normal size</li><li>Designed for a slim fit&nbsp;</li><li>80% Nylon, 20% Spandex</li><li>Model is 179 cm/5&#39;10.5&quot; and is wearing a size S</li><li>Delicate cycle in cold water with like colors. No bleach. Iron on medium. Hang to dry.</li></ul>","<ul><li>Fits true to size, take your normal size</li><li>Designed for a slim fit&nbsp;</li><li>80% Nylon, 20% Spandex</li><li>Model is 179 cm/5&#39;10.5&quot; and is wearing a size S</li><li>Delicate cycle in cold water with like colors. No bleach. Iron on medium. Hang to dry.</li></ul>"
6878371971118,amelia-halter-one-piece-2,MERGE,"
<p>The Amelia halter one piece swimsuit has a slim fit with a plunging ""V"" neckline that forms a halter neck silhouette with a dramatic open back. It's made from matte swim fabric that's both stretchy and shaping. The high-cut legs create an elongating effect.</p>
<p>Style with Eterne's <a href=""https://eterne.com/products/esme-mini-sarong-1"">Esme Mini Sarong</a> or <a href=""https://eterne.com/collections/soleil/products/lennon-robe-2"">Lennon Robe</a>.</p>",Swim,REPLACE,"<ul><li>Fits true to size, take your normal size</li><li>Designed for a slim fit&nbsp;</li><li>80% Nylon, 20% Spandex</li><li>Model is 179 cm/5&#39;10.5&quot; and is wearing a size S</li><li>Delicate cycle in cold water with like colors. No bleach. Iron on medium. Hang to dry.</li></ul>","<ul><li>Fits true to size, take your normal size</li><li>Designed for a slim fit&nbsp;</li><li>80% Nylon, 20% Spandex</li><li>Model is 179 cm/5&#39;10.5&quot; and is wearing a size S</li><li>Delicate cycle in cold water with like colors. No bleach. Iron on medium. Hang to dry.</li></ul>"
6878372003886,isla-string-bikini-top,MERGE,"
<p>Consider our Isla bikini top for your summer getaway. The triangular silhouette cups have halter neck ties that are finished with gold tip ends and is secured with Eterne's logo signature gold-tone clasp at the back. Made from matte swim fabric, just like the matching bottom.</p>
<p>Style with Eterne's <a href=""https://eterne.com/products/isla-string-bikini-brief"">Isla String Bikini Bottom</a> and <a href=""https://eterne.com/collections/soleil/products/esme-mini-sarong"">Esme Mini Sarong</a>.</p>",Swim,REPLACE,"<ul><li>Fits true to size, take your normal size</li><li>Designed for a slim fit&nbsp;</li><li>80% Nylon, 20% Spandex</li><li>Model is 179 cm/5&#39;10.5&quot; and is wearing a size S</li><li>Delicate cycle in cold water with like colors. No bleach. Iron on medium. Hang to dry.</li></ul>","<ul><li>Fits true to size, take your normal size</li><li>Designed for a slim fit&nbsp;</li><li>80% Nylon, 20% Spandex</li><li>Model is 179 cm/5&#39;10.5&quot; and is wearing a size S</li><li>Delicate cycle in cold water with like colors. No bleach. Iron on medium. Hang to dry.</li></ul>"
6878372036654,isla-string-bikini-top-1,MERGE,"
<p>Consider our Isla bikini top for your summer getaway. The triangular silhouette cups have halter neck ties that are finished with gold tip ends and is secured with Eterne's logo signature gold-tone clasp at the back. Made from matte swim fabric, just like the matching bottom.</p>
<p>Style with Eterne's <a href=""https://eterne.com/collections/soleil/products/isla-string-bikini-brief-1"">Isla string bikini bottom</a> and <a href=""https://eterne.com/collections/soleil/products/esme-mini-sarong-2"">Esme mini sarong</a>.</p>",Swim,REPLACE,"<ul><li></li><li>Fits true to size, take your normal size</li><li>Designed for a slim fit&nbsp;</li><li>80% Nylon, 20% Spandex</li><li>Model is 179 cm/5&#39;10.5&quot; and is wearing a size S</li><li>Delicate cycle in cold water with like colors. No bleach. Iron on medium. Hang to dry.</li></ul>","<ul><li></li><li>Fits true to size, take your normal size</li><li>Designed for a slim fit&nbsp;</li><li>80% Nylon, 20% Spandex</li><li>Model is 179 cm/5&#39;10.5&quot; and is wearing a size S</li><li>Delicate cycle in cold water with like colors. No bleach. Iron on medium. Hang to dry.</li></ul>"
6878372069422,isla-string-bikini-top-2,MERGE,"
<p>Consider our Isla bikini top for your summer getaway. The triangular silhouette cups have halter neck ties that are finished with gold tip ends and is secured with Eterne's logo signature gold-tone clasp at the back. Made from matte swim fabric, just like the matching bottom.</p>
<p>Style with Eterne's <a href=""https://eterne.com/products/isla-string-bikini-brief-2"">Isla String Bikini Bottom</a> <meta charset=""utf-8""><span data-mce-fragment=""1"">and <a href=""https://eterne.com/products/esme-mini-sarong-1"">Esme mini sarong</a></span>.</p>",Swim,REPLACE,"<ul><li></li><li>Fits true to size, take your normal size</li><li>Designed for a slim fit&nbsp;</li><li>80% Nylon, 20% Spandex</li><li>Model is 179 cm/5&#39;10.5&quot; and is wearing a size S</li><li>Delicate cycle in cold water with like colors. No bleach. Iron on medium. Hang to dry.</li></ul>","<ul><li></li><li>Fits true to size, take your normal size</li><li>Designed for a slim fit&nbsp;</li><li>80% Nylon, 20% Spandex</li><li>Model is 179 cm/5&#39;10.5&quot; and is wearing a size S</li><li>Delicate cycle in cold water with like colors. No bleach. Iron on medium. Hang to dry.</li></ul>"
6878372102190,isla-string-bikini-brief,MERGE,"
<p>The Isla string bikini bottom is all you need for your tropical getaway. Made from matte swim fabric, the bikini bottom offers minimal coverage with a low-rise waist and slender, elasticed sides.</p>
<p>Style with Eterne's <a href=""https://eterne.com/products/isla-string-bikini-top"">Isla String Bikini Top</a> and <a href=""https://eterne.com/products/esme-mini-sarong"">Esme Mini Sarong</a>.</p>",Swim,REPLACE,"<ul><li>Fits true to size, take your normal size.</li><li>Designed for a slim fit&nbsp;</li><li>80% Nylon, 20% Spandex</li><li>Model is 179 cm/5&#39;10.5&quot; and is wearing a size S</li><li>Delicate cycle in cold water with like colors. No bleach. Iron on medium. Hang to dry.</li></ul>","<ul><li>Fits true to size, take your normal size.</li><li>Designed for a slim fit&nbsp;</li><li>80% Nylon, 20% Spandex</li><li>Model is 179 cm/5&#39;10.5&quot; and is wearing a size S</li><li>Delicate cycle in cold water with like colors. No bleach. Iron on medium. Hang to dry.</li></ul>"
6878372167726,isla-string-bikini-brief-1,MERGE,"
<p>The Isla string bikini bottom is all you need for your tropical getaway. Made from matte swim fabric, the bikini bottom offers minimal coverage with a low-rise waist and slender, elasticed sides.</p>
<p>Style with Eterne's <a href=""https://eterne.com/products/isla-string-bikini-top-1"">Isla String Bikini Top</a> and <a href=""https://eterne.com/collections/soleil/products/esme-mini-sarong-2"">Esme Mini Sarong</a>.</p>",Swim,REPLACE,"<ul><li>Fits true to size, take your normal size.</li><li>Designed for a slim fit&nbsp;</li><li>80% Nylon, 20% Spandex</li><li>Model is 179 cm/5&#39;10.5&quot; and is wearing a size S</li><li>Delicate cycle in cold water with like colors. No bleach. Iron on medium. Hang to dry.</li></ul>","<ul><li>Fits true to size, take your normal size.</li><li>Designed for a slim fit&nbsp;</li><li>80% Nylon, 20% Spandex</li><li>Model is 179 cm/5&#39;10.5&quot; and is wearing a size S</li><li>Delicate cycle in cold water with like colors. No bleach. Iron on medium. Hang to dry.</li></ul>"
6878372200494,isla-string-bikini-brief-2,MERGE,"
<p>The Isla string bikini bottom is all you need for your tropical getaway. Made from matte swim fabric, the bikini bottom offers minimal coverage with a low-rise waist and slender, elasticed sides.</p>
<p>Style with Eterne's <a href=""https://eterne.com/products/isla-string-bikini-top-2"">Isla String Bikini Top</a> and <a href=""https://eterne.com/products/esme-mini-sarong-1"">Esme Mini Sarong</a>.</p>",Swim,REPLACE,"<ul><li>Fits true to size, take your normal size.</li><li>Designed for a slim fit&nbsp;</li><li>80% Nylon, 20% Spandex</li><li>Model is 179 cm/5&#39;10.5&quot; and is wearing a size S</li><li>Delicate cycle in cold water with like colors. No bleach. Iron on medium. Hang to dry.</li></ul>","<ul><li>Fits true to size, take your normal size.</li><li>Designed for a slim fit&nbsp;</li><li>80% Nylon, 20% Spandex</li><li>Model is 179 cm/5&#39;10.5&quot; and is wearing a size S</li><li>Delicate cycle in cold water with like colors. No bleach. Iron on medium. Hang to dry.</li></ul>"
6878372233262,jolene-button-down-top,MERGE,"
<p>The Jolene Top has a laid-back feel that's perfect for vacations and warm weekends. Made from 100% cotton with a light, airy weave to keep you cool.</p>
<p>Style with Eterne's <a href=""https://eterne.com/products/dylan-boxer-short"">Dylan Boxer Short</a> to complete the look.</p>","Tops, Swim",REPLACE,"<ul><li>Fits true to size, take your normal size.</li><li>Designed for a slim fit&nbsp;</li><li>100% cotton</li><li>Model is 179 cm/5&#39;10.5&quot; and is wearing a size S</li><li>Delicate cycle in cold water with like colors. No bleach. Iron on medium. Hang to dry.</li></ul>","<ul><li>Fits true to size, take your normal size.</li><li>Designed for a slim fit&nbsp;</li><li>100% cotton</li><li>Model is 179 cm/5&#39;10.5&quot; and is wearing a size S</li><li>Delicate cycle in cold water with like colors. No bleach. Iron on medium. Hang to dry.</li></ul>"
6878372298798,jolene-button-down-top-1,MERGE,"
<p>The Jolene Top has a laid-back feel that's perfect for vacations and warm weekends. Made from 100% cotton with a light, airy weave to keep you cool.</p>
<p>Style with Eterne's <a href=""https://eterne.com/products/dylan-boxer-short-1"">Dylan Boxer Short</a> to complete the look.</p>","Tops, Swim",REPLACE,"<ul><li>Fits true to size, take your normal size.</li><li>Designed for a slim fit&nbsp;</li><li>100% cotton</li><li>Model is 179 cm/5&#39;10.5&quot; and is wearing a size S</li><li>Delicate cycle in cold water with like colors. No bleach. Iron on medium. Hang to dry.</li></ul>","<ul><li>Fits true to size, take your normal size.</li><li>Designed for a slim fit&nbsp;</li><li>100% cotton</li><li>Model is 179 cm/5&#39;10.5&quot; and is wearing a size S</li><li>Delicate cycle in cold water with like colors. No bleach. Iron on medium. Hang to dry.</li></ul>"
6878372331566,jolene-button-down-top-2,MERGE,"
<p>The Jolene Top has a laid-back feel that's perfect for vacations and warm weekends. Made from 100% cotton with a light, airy weave to keep you cool.</p>
<p>Style with Eterne's <a href=""https://eterne.com/products/dylan-boxer-short-2"">Dylan</a> Boxer Short to complete the look.</p>",,REPLACE,"<ul><li>Fits true to size, take your normal size.</li><li>Designed for a slim fit&nbsp;</li><li>100% cotton</li><li>Model is 179 cm/5&#39;10.5&quot; and is wearing a size S</li><li>Delicate cycle in cold water with like colors. No bleach. Iron on medium. Hang to dry.</li></ul>","<ul><li>Fits true to size, take your normal size.</li><li>Designed for a slim fit&nbsp;</li><li>100% cotton</li><li>Model is 179 cm/5&#39;10.5&quot; and is wearing a size S</li><li>Delicate cycle in cold water with like colors. No bleach. Iron on medium. Hang to dry.</li></ul>"
6878372364334,dylan-boxer-short,MERGE,"
<p>The Dylan Boxer Short is made from a woven, lightweight cotton. This style has an elasticated waist for a relaxed profile, easing into relaxed leg opening with a concealed front fly.</p>
<p>Style with Eterne's <a href=""https://eterne.com/products/jolene-button-down-top"">Jolene Button Down Top</a> to complete the look.</p>","Bottoms, Swim",REPLACE,"<ul><li>Fits true to size, take your normal size.</li><li>Designed for a slim fit&nbsp;</li><li>100% cotton</li><li>Model is 179 cm/5&#39;10.5&quot; and is wearing a size S</li><li>Delicate cycle in cold water with like colors. No bleach. Iron on medium. Hang to dry.</li></ul>","<ul><li>Fits true to size, take your normal size.</li><li>Designed for a slim fit&nbsp;</li><li>100% cotton</li><li>Model is 179 cm/5&#39;10.5&quot; and is wearing a size S</li><li>Delicate cycle in cold water with like colors. No bleach. Iron on medium. Hang to dry.</li></ul>"
6878372429870,dylan-boxer-short-1,MERGE,"
<p>The Dylan Boxer Short is made from a woven, lightweight cotton. This style has an elasticated waist for a relaxed profile, easing into relaxed leg opening with a concealed front fly.</p>
<p>Style with Eterne's <a href=""https://eterne.com/products/jolene-button-down-top-1"">Jolene Button Down Top</a> to complete the look.</p>","Bottoms, Swim",REPLACE,"<ul><li>Fits true to size, take your normal size.</li><li>Designed for a slim fit&nbsp;</li><li>100% cotton</li><li>Model is 179 cm/5&#39;10.5&quot; and is wearing a size S</li><li>Delicate cycle in cold water with like colors. No bleach. Iron on medium. Hang to dry.</li></ul>","<ul><li>Fits true to size, take your normal size.</li><li>Designed for a slim fit&nbsp;</li><li>100% cotton</li><li>Model is 179 cm/5&#39;10.5&quot; and is wearing a size S</li><li>Delicate cycle in cold water with like colors. No bleach. Iron on medium. Hang to dry.</li></ul>"
6878372495406,dylan-boxer-short-2,MERGE,"
<p>The Dylan Boxer Short is made from a woven, lightweight cotton. This style has an elasticated waist for a relaxed profile, easing into relaxed leg opening with a concealed front fly.</p>
<p>Style with Eterne's <a href=""https://eterne.com/products/jolene-button-down-top-2"">Jolene</a> Button Down Top to complete the look.</p>",Swim,REPLACE,"<ul><li>Fits true to size, take your normal size.</li><li>Designed for a slim fit&nbsp;</li><li>100% cotton</li><li>Model is 179 cm/5&#39;10.5&quot; and is wearing a size S</li><li>Delicate cycle in cold water with like colors. No bleach. Iron on medium. Hang to dry.</li></ul>","<ul><li>Fits true to size, take your normal size.</li><li>Designed for a slim fit&nbsp;</li><li>100% cotton</li><li>Model is 179 cm/5&#39;10.5&quot; and is wearing a size S</li><li>Delicate cycle in cold water with like colors. No bleach. Iron on medium. Hang to dry.</li></ul>"
6878372528174,esme-mini-sarong,MERGE,"
<p>Made from lightweight cotton that has a naturally crinkle finish, the Esme mini sarong has an effortless drape and dries quickly thanks to its lightweight handle. Tie it around to sculpt your waist.</p>
<p>Style with Eterne's <a href=""https://eterne.com/products/amelia-halter-one-piece"">Amelia Halter One Piece</a> to complete the look.</p>",Swim,REPLACE,"<ul><li>Fits true to size, take your normal size.</li><li>Designed for a slim fit&nbsp;</li><li>100% cotton</li><li>Model is 179 cm/5&#39;10.5&quot; and is wearing a size S</li><li>Delicate cycle in cold water with like colors. No bleach. Iron on medium. Hang to dry.</li></ul>","<ul><li>Fits true to size, take your normal size.</li><li>Designed for a slim fit&nbsp;</li><li>100% cotton</li><li>Model is 179 cm/5&#39;10.5&quot; and is wearing a size S</li><li>Delicate cycle in cold water with like colors. No bleach. Iron on medium. Hang to dry.</li></ul>"
6878372560942,esme-mini-sarong-1,MERGE,"
<p>Made from lightweight cotton that has a naturally crinkle finish, the Esme mini sarong has an effortless drape and dries quickly thanks to its lightweight handle. Tie it around to sculpt your waist.</p>
<p>Style with Eterne's <a href=""https://eterne.com/products/amelia-halter-one-piece-2"">Amelia Halter One Piece</a> to complete the look.</p>",Swim,REPLACE,"<ul><li>Fits true to size, take your normal size.</li><li>Designed for a slim fit&nbsp;</li><li>100% cotton</li><li>Model is 179 cm/5&#39;10.5&quot; and is wearing a size O/S</li><li>Delicate cycle in cold water with like colors. No bleach. Iron on medium. Hang to dry.</li></ul>","<ul><li>Fits true to size, take your normal size.</li><li>Designed for a slim fit&nbsp;</li><li>100% cotton</li><li>Model is 179 cm/5&#39;10.5&quot; and is wearing a size O/S</li><li>Delicate cycle in cold water with like colors. No bleach. Iron on medium. Hang to dry.</li></ul>"
6878372593710,esme-mini-sarong-2,MERGE,"
<p>Made from lightweight cotton that has a naturally crinkle finish, the Esme mini sarong has an effortless drape and dries quickly thanks to its lightweight handle. Tie it around to sculpt your waist.</p>
<p>Style with Eterne's <a href=""https://eterne.com/products/amelia-halter-one-piece-1"">Amelia Halter One Piece</a> to complete the look.</p>",Swim,REPLACE,"<ul><li>Fits true to size, take your normal size.</li><li>Designed for a slim fit&nbsp;</li><li>100% cotton</li><li>Model is 179 cm/5&#39;10.5&quot; and is wearing a size O/S</li><li>Delicate cycle in cold water with like colors. No bleach. Iron on medium. Hang to dry.</li></ul>","<ul><li>Fits true to size, take your normal size.</li><li>Designed for a slim fit&nbsp;</li><li>100% cotton</li><li>Model is 179 cm/5&#39;10.5&quot; and is wearing a size O/S</li><li>Delicate cycle in cold water with like colors. No bleach. Iron on medium. Hang to dry.</li></ul>"
6880194986030,bella-tank-one-piece,MERGE,"
<p>A timeless summer staple, the Bella tank one piece is cut from matte swim fabric and has an ultra smooth silhouette. The rounded neckline, slim straps and low back are incredibly flattering. This one piece has a low-scooped back and high-cut legs that add to the retro feel.</p>
<p>Style with Eterne's <a href=""https://eterne.com/products/esme-maxi-sarong"">Esme Maxi Sarong</a> or <a href=""https://eterne.com/collections/soleil/products/lennon-robe"">Lennon Robe</a>.</p>",Swim,REPLACE,"<ul><li>Fits true to size, take your normal size</li><li>Designed for a slim fit&nbsp;</li><li>80% Nylon, 20% Spandex</li><li>Model is 179 cm/5&#39;10.5&quot; and is wearing a size S</li><li>Delicate cycle in cold water with like colors. No bleach. Iron on medium. Hang to dry.</li></ul>","<ul><li>Fits true to size, take your normal size</li><li>Designed for a slim fit&nbsp;</li><li>80% Nylon, 20% Spandex</li><li>Model is 179 cm/5&#39;10.5&quot; and is wearing a size S</li><li>Delicate cycle in cold water with like colors. No bleach. Iron on medium. Hang to dry.</li></ul>"
6880195018798,bella-tank-one-piece-1,MERGE,"
<p>A timeless summer staple, the Bella tank one piece is cut from matte swim fabric and has an ultra smooth silhouette. The rounded neckline, slim straps and low back are incredibly flattering. This one piece has a low-scooped back and high-cut legs that add to the retro feel.</p>
<p>Style with Eterne's <a href=""https://eterne.com/products/esme-maxi-sarong-1"">Esme Maxi Sarong</a> or <a href=""https://eterne.com/collections/soleil/products/lennon-robe-1"">Lennon Robe</a>.</p>",Swim,REPLACE,"<ul><li>Fits true to size, take your normal size</li><li>Designed for a slim fit&nbsp;</li><li>80% Nylon, 20% Spandex</li><li>Model is 179 cm/5&#39;10.5&quot; and is wearing a size S</li><li>Delicate cycle in cold water with like colors. No bleach. Iron on medium. Hang to dry.</li></ul>","<ul><li>Fits true to size, take your normal size</li><li>Designed for a slim fit&nbsp;</li><li>80% Nylon, 20% Spandex</li><li>Model is 179 cm/5&#39;10.5&quot; and is wearing a size S</li><li>Delicate cycle in cold water with like colors. No bleach. Iron on medium. Hang to dry.</li></ul>"
6880195051566,bella-tank-one-piece-2,MERGE,"
<p>A timeless summer staple, the Bella tank one piece is cut from matte swim fabric and has an ultra smooth silhouette. The rounded neckline, slim straps and low back are incredibly flattering. This one piece has a low-scooped back and high-cut legs that add to the retro feel.</p>
<p>Style with Eterne's <a href=""https://eterne.com/products/esme-maxi-sarong-1"">Esme Maxi Sarong</a> or <a href=""https://eterne.com/collections/soleil/products/lennon-robe-2"">Lennon Robe</a>.</p>",Swim,REPLACE,"<ul><li>Fits true to size, take your normal size</li><li>Designed for a slim fit&nbsp;</li><li>80% Nylon, 20% Spandex</li><li>Model is 179 cm/5&#39;10.5&quot; and is wearing a size S</li><li>Delicate cycle in cold water with like colors. No bleach. Iron on medium. Hang to dry.</li></ul>","<ul><li>Fits true to size, take your normal size</li><li>Designed for a slim fit&nbsp;</li><li>80% Nylon, 20% Spandex</li><li>Model is 179 cm/5&#39;10.5&quot; and is wearing a size S</li><li>Delicate cycle in cold water with like colors. No bleach. Iron on medium. Hang to dry.</li></ul>"
6880195117102,thea-90s-bikini-top,MERGE,"
<p>The Thea bikini top is a timeless poolside staple. Made from matte swim fabric, it's both stretchy and shaping with slender straps that can be fastened around the neck. It has gently ruched triangle cups for minimal coverage and secures with a self-tie at the back. The ties are finished with gold tip ends.</p>
<p>Style with Eterne's <a href=""https://eterne.com/products/thea-90s-bikini-bottom"">Thea Bikini Bottom</a> and <a href=""https://eterne.com/products/esme-maxi-sarong"">Esme Maxi Sarong</a>.</p>",Swim,REPLACE,"<ul><li>Runs small, take one size bigger than normal</li><li>Designed for a slim fit&nbsp;</li><li>80% Nylon, 20% Spandex</li><li>Model is 179 cm/5&#39;10.5&quot; and is wearing a size S</li><li>Delicate cycle in cold water with like colors. No bleach. Iron on medium. Hang to dry.</li></ul>","<ul><li>Runs small, take one size bigger than normal</li><li>Designed for a slim fit&nbsp;</li><li>80% Nylon, 20% Spandex</li><li>Model is 179 cm/5&#39;10.5&quot; and is wearing a size S</li><li>Delicate cycle in cold water with like colors. No bleach. Iron on medium. Hang to dry.</li></ul>"
6880195149870,thea-90s-bikini-top-1,MERGE,"
<p>The Thea bikini top is a timeless poolside staple. Made from matte swim fabric, it's both stretchy and shaping with slender straps that can be fastened around the neck. It has gently ruched triangle cups for minimal coverage and secures with a self-tie at the back. The ties are finished with gold tip ends.</p>
<p>Style with Eterne's <a href=""https://eterne.com/products/thea-90s-bikini-bottom-1"">Thea Bikini Bottom</a> or <a href=""https://eterne.com/products/esme-maxi-sarong-2"">Esme Maxi Sarong</a>.</p>",Swim,REPLACE,"<ul><li>Runs small, take one size bigger than normal</li><li>Designed for a slim fit&nbsp;</li><li>80% Nylon, 20% Spandex</li><li>Model is 179 cm/5&#39;10.5&quot; and is wearing a size S</li><li>Delicate cycle in cold water with like colors. No bleach. Iron on medium. Hang to dry.</li></ul>","<ul><li>Runs small, take one size bigger than normal</li><li>Designed for a slim fit&nbsp;</li><li>80% Nylon, 20% Spandex</li><li>Model is 179 cm/5&#39;10.5&quot; and is wearing a size S</li><li>Delicate cycle in cold water with like colors. No bleach. Iron on medium. Hang to dry.</li></ul>"
6880195182638,thea-90s-bikini-top-2,MERGE,"
<p>The Thea bikini top is a timeless poolside staple. Made from matte swim fabric, it's both stretchy and shaping with slender straps that can be fastened around the neck. It has gently ruched triangle cups for minimal coverage and secures with a self-tie at the back. The ties are finished with gold tip ends.</p>
<p>Style with Eterne's <a href=""https://eterne.com/products/thea-90s-bikini-bottom-2"">Thea Bikini Bottom</a> or <a href=""https://eterne.com/products/esme-maxi-sarong-1"">Esme Maxi Sarong</a>.</p>",Swim,REPLACE,"<ul><li>Runs small, take one size bigger than normal</li><li>Designed for a slim fit&nbsp;</li><li>80% Nylon, 20% Spandex</li><li>Model is 179 cm/5&#39;10.5&quot; and is wearing a size S</li><li>Delicate cycle in cold water with like colors. No bleach. Iron on medium. Hang to dry.</li></ul>","<ul><li>Runs small, take one size bigger than normal</li><li>Designed for a slim fit&nbsp;</li><li>80% Nylon, 20% Spandex</li><li>Model is 179 cm/5&#39;10.5&quot; and is wearing a size S</li><li>Delicate cycle in cold water with like colors. No bleach. Iron on medium. Hang to dry.</li></ul>"
6880195215406,thea-90s-bikini-bottom,MERGE,"
<p>The Thea bikini bottom will have you strutting confidently along the seashore. Made from matte swim fabric that's stretchy and shaping, they have a low-coverage silhouette that can be adjusted to fit via slender ties at the sides.</p>
<p>Style with Eterne's <a href=""https://eterne.com/products/thea-90s-bikini-top"">Thea Bikini Top</a> and <a href=""https://eterne.com/products/esme-maxi-sarong"">Esme Maxi Sarong</a>.</p>",Swim,REPLACE,"<ul><li>Fits true to size, take your normal size</li><li>Designed for a slim fit&nbsp;</li><li>80% Nylon, 20% Spandex</li><li>Model is 179 cm/5&#39;10.5&quot; and is wearing a size S</li><li>Delicate cycle in cold water with like colors. No bleach. Iron on medium. Hang to dry.</li></ul>","<ul><li>Fits true to size, take your normal size</li><li>Designed for a slim fit&nbsp;</li><li>80% Nylon, 20% Spandex</li><li>Model is 179 cm/5&#39;10.5&quot; and is wearing a size S</li><li>Delicate cycle in cold water with like colors. No bleach. Iron on medium. Hang to dry.</li></ul>"
6880195248174,thea-90s-bikini-bottom-1,MERGE,"
<p>The Thea bikini bottom will have you strutting confidently along the seashore. Made from matte swim fabric that's stretchy and shaping, they have a low-coverage silhouette that can be adjusted to fit via slender ties at the sides.</p>
<p>Style with Eterne's <a href=""https://eterne.com/products/thea-90s-bikini-top-1"">Thea Bikini Top</a> and <a href=""https://eterne.com/products/esme-maxi-sarong-2"">Esme Maxi Sarong</a>.</p>",Swim,REPLACE,"<ul><li>Fits true to size, take your normal size</li><li>Designed for a slim fit&nbsp;</li><li>80% Nylon, 20% Spandex</li><li>Model is 179 cm/5&#39;10.5&quot; and is wearing a size S</li><li>Delicate cycle in cold water with like colors. No bleach. Iron on medium. Hang to dry.</li></ul>","<ul><li>Fits true to size, take your normal size</li><li>Designed for a slim fit&nbsp;</li><li>80% Nylon, 20% Spandex</li><li>Model is 179 cm/5&#39;10.5&quot; and is wearing a size S</li><li>Delicate cycle in cold water with like colors. No bleach. Iron on medium. Hang to dry.</li></ul>"
6880195280942,thea-90s-bikini-bottom-2,MERGE,"
<p>The Thea bikini bottom will have you strutting confidently along the seashore. Made from matte swim fabric that's stretchy and shaping, they have a low-coverage silhouette that can be adjusted to fit via slender ties at the sides.</p>
<p>Style with Eterne's <a href=""https://eterne.com/products/thea-90s-bikini-top-2"">Thea Bikini Top</a> and <a href=""https://eterne.com/products/esme-maxi-sarong-1"">Esme Maxi Sarong</a>.</p>",Swim,REPLACE,"<ul><li>Fits true to size, take your normal size</li><li>Designed for a slim fit&nbsp;</li><li>80% Nylon, 20% Spandex</li><li>Model is 179 cm/5&#39;10.5&quot; and is wearing a size S</li><li>Delicate cycle in cold water with like colors. No bleach. Iron on medium. Hang to dry.</li></ul>","<ul><li>Fits true to size, take your normal size</li><li>Designed for a slim fit&nbsp;</li><li>80% Nylon, 20% Spandex</li><li>Model is 179 cm/5&#39;10.5&quot; and is wearing a size S</li><li>Delicate cycle in cold water with like colors. No bleach. Iron on medium. Hang to dry.</li></ul>"
6880195313710,esme-maxi-sarong,MERGE,"
<p>The Esme maxi sarong is made from lightweight cotton and has a naturally crinkle finish, so you can take it straight from your luggage and head to the beach. Tie it around to sculpt your waist or knot it around your chest, styling it as a maxi dress.</p>
<p>Style with Eterne's <a href=""https://eterne.com/products/thea-90s-bikini-top"">Thea Bikini Top</a> and <a href=""https://eterne.com/products/thea-90s-bikini-bottom"">Bikini Bottom</a>.</p>",Swim,REPLACE,"<ul><li>Fits true to size, take your normal size.</li><li>Designed for a slim fit&nbsp;</li><li>100% cotton</li><li>Model is 179 cm/5&#39;10.5&quot; and is wearing a size O/S</li><li>Delicate cycle in cold water with like colors. No bleach. Iron on medium. Hang to dry.</li></ul>","<ul><li>Fits true to size, take your normal size.</li><li>Designed for a slim fit&nbsp;</li><li>100% cotton</li><li>Model is 179 cm/5&#39;10.5&quot; and is wearing a size O/S</li><li>Delicate cycle in cold water with like colors. No bleach. Iron on medium. Hang to dry.</li></ul>"
6880195346478,esme-maxi-sarong-1,MERGE,"
<p>The Esme maxi sarong is made from lightweight cotton and has a naturally crinkle finish, so you can take it straight from your luggage and head to the beach. Tie it around to sculpt your waist or knot it around your chest, styling it as a maxi dress.</p>
<p>Style with Eterne's <a href=""https://eterne.com/products/thea-90s-bikini-top-2"">Thea Bikini Top</a> and <a href=""https://eterne.com/products/thea-90s-bikini-bottom-2"">Bikini Bottom</a>.</p>",Swim,REPLACE,"<ul><li>Fits true to size, take your normal size.</li><li>Designed for a slim fit&nbsp;</li><li>100% cotton</li><li>Model is 179 cm/5&#39;10.5&quot; and is wearing a size S</li><li>Delicate cycle in cold water with like colors. No bleach. Iron on medium. Hang to dry.</li></ul>","<ul><li>Fits true to size, take your normal size.</li><li>Designed for a slim fit&nbsp;</li><li>100% cotton</li><li>Model is 179 cm/5&#39;10.5&quot; and is wearing a size S</li><li>Delicate cycle in cold water with like colors. No bleach. Iron on medium. Hang to dry.</li></ul>"
6880195379246,esme-maxi-sarong-2,MERGE,"
<p>The Esme maxi sarong is made from lightweight cotton and has a naturally crinkle finish, so you can take it straight from your luggage and head to the beach. Tie it around to sculpt your waist or knot it around your chest, styling it as a maxi dress.</p>
<p>Style with Eterne's <a href=""https://eterne.com/products/thea-90s-bikini-top-1"">Thea Bikini Top</a> and <a href=""https://eterne.com/products/thea-90s-bikini-bottom-1"">Bikini Bottom</a>.</p>",Swim,REPLACE,"<ul><li>Fits true to size, take your normal size.</li><li>Designed for a slim fit&nbsp;</li><li>100% cotton</li><li>Model is 179 cm/5&#39;10.5&quot; and is wearing a size S</li><li>Delicate cycle in cold water with like colors. No bleach. Iron on medium. Hang to dry.</li></ul>","<ul><li>Fits true to size, take your normal size.</li><li>Designed for a slim fit&nbsp;</li><li>100% cotton</li><li>Model is 179 cm/5&#39;10.5&quot; and is wearing a size S</li><li>Delicate cycle in cold water with like colors. No bleach. Iron on medium. Hang to dry.</li></ul>"
6880502186030,willow-pant,MERGE,"
<p>Cut from 100% cotton to a relaxed silhouette with flowing loose-cut legs and a comfy drawstring waist. </p>
<p>Style with Éterne's <a href=""https://eterne.com/collections/soleil/products/jolene-button-down-top"">Jolene</a> button down top to complete the look.</p>",Swim,REPLACE,"<ul><li>Fits true to size, take your normal size</li><li>Designed for a slim fit</li><li>100% cotton</li><li>Model is 179 cm/5&#39;10.5&quot; and is wearing a size S</li><li>Inseam 33 &frac14;&nbsp;</li><li><span style=""font-size:11pt;font-family:Arial;color:#454545;background-color:transparent;font-weight:400;font-style:normal;font-variant:normal;text-decoration:none;vertical-align:baseline;white-space:pre;white-space:pre-wrap;"">Delicate cycle in cold water. No bleach. Iron on medium. Hang to dry.</span></li></ul>","<ul><li>Fits true to size, take your normal size</li><li>Designed for a slim fit</li><li>100% cotton</li><li>Model is 179 cm/5&#39;10.5&quot; and is wearing a size S</li><li>Inseam 33 &frac14;&nbsp;</li><li><span style=""font-size:11pt;font-family:Arial;color:#454545;background-color:transparent;font-weight:400;font-style:normal;font-variant:normal;text-decoration:none;vertical-align:baseline;white-space:pre;white-space:pre-wrap;"">Delicate cycle in cold water. No bleach. Iron on medium. Hang to dry.</span></li></ul>"
6880502218798,willow-pant-1,MERGE,"
<p>Cut from 100% cotton to a relaxed silhouette with flowing loose-cut legs and a comfy drawstring waist. </p>
<p>Style with Éterne's <a href=""https://eterne.com/collections/soleil/products/jolene-button-down-top-1"">Jolene</a> button down top to complete the look.</p>",Swim,REPLACE,"<ul><li>Fits true to size, take your normal size</li><li>Designed for a slim fit</li><li>100% cotton</li><li>Model is 179 cm/5&#39;10.5&quot; and is wearing a size S</li><li>Inseam 33 &frac14;&nbsp;</li><li><span style=""font-size:11pt;font-family:Arial;color:#454545;background-color:transparent;font-weight:400;font-style:normal;font-variant:normal;text-decoration:none;vertical-align:baseline;white-space:pre;white-space:pre-wrap;"">Delicate cycle in cold water. No bleach. Iron on medium. Hang to dry.</span></li></ul>","<ul><li>Fits true to size, take your normal size</li><li>Designed for a slim fit</li><li>100% cotton</li><li>Model is 179 cm/5&#39;10.5&quot; and is wearing a size S</li><li>Inseam 33 &frac14;&nbsp;</li><li><span style=""font-size:11pt;font-family:Arial;color:#454545;background-color:transparent;font-weight:400;font-style:normal;font-variant:normal;text-decoration:none;vertical-align:baseline;white-space:pre;white-space:pre-wrap;"">Delicate cycle in cold water. No bleach. Iron on medium. Hang to dry.</span></li></ul>"
6880502251566,willow-pant-2,MERGE,"
<p>Cut from 100% cotton to a relaxed silhouette with flowing loose-cut legs and a comfy drawstring waist. </p>
<p>Style with Éterne's <a href=""https://eterne.com/products/willow-pant-2"">Jolene</a> button down top to complete the look.</p>","Bottoms, Swim",REPLACE,"<ul><li>Fits true to size, take your normal size</li><li>Designed for a slim fit</li><li>100% cotton</li><li>Model is 179 cm/5&#39;10.5&quot; and is wearing a size S</li><li>Inseam 33 &frac14;&nbsp;</li><li><span style=""font-size:11pt;font-family:Arial;color:#454545;background-color:transparent;font-weight:400;font-style:normal;font-variant:normal;text-decoration:none;vertical-align:baseline;white-space:pre;white-space:pre-wrap;"">Delicate cycle in cold water. No bleach. Iron on medium. Hang to dry.</span></li></ul>","<ul><li>Fits true to size, take your normal size</li><li>Designed for a slim fit</li><li>100% cotton</li><li>Model is 179 cm/5&#39;10.5&quot; and is wearing a size S</li><li>Inseam 33 &frac14;&nbsp;</li><li><span style=""font-size:11pt;font-family:Arial;color:#454545;background-color:transparent;font-weight:400;font-style:normal;font-variant:normal;text-decoration:none;vertical-align:baseline;white-space:pre;white-space:pre-wrap;"">Delicate cycle in cold water. No bleach. Iron on medium. Hang to dry.</span></li></ul>"
6880502284334,lennon-robe,MERGE,"
<p>Made from lightweight cotton, the Lennon Robe is cut for a relaxed fit with a tie belt to cinch the shape. Designed with pockets and long sleeves.</p>
<p>Style with Eterne's <a href=""https://eterne.com/collections/soleil/products/amelia-halter-one-piece"">Amelia</a> or <a href=""https://eterne.com/collections/soleil/products/bella-tank-one-piece"">Bella</a> one piece swimsuits.</p>",Swim,REPLACE,"<ul><li>Fits true to size, take your normal size</li><li>Designed for a slim fit</li><li>100% cotton</li><li>Model is 179 cm/5&#39;10.5&quot; and is wearing a size S</li><li>Inseam 33 &frac14;&nbsp;</li><li><span style=""font-size:11pt;font-family:Arial;color:#454545;background-color:transparent;font-weight:400;font-style:normal;font-variant:normal;text-decoration:none;vertical-align:baseline;white-space:pre;white-space:pre-wrap;"">Delicate cycle in cold water. No bleach. Iron on medium. Hang to dry.</span></li></ul>","<ul><li>Fits true to size, take your normal size</li><li>Designed for a slim fit</li><li>100% cotton</li><li>Model is 179 cm/5&#39;10.5&quot; and is wearing a size S</li><li>Inseam 33 &frac14;&nbsp;</li><li><span style=""font-size:11pt;font-family:Arial;color:#454545;background-color:transparent;font-weight:400;font-style:normal;font-variant:normal;text-decoration:none;vertical-align:baseline;white-space:pre;white-space:pre-wrap;"">Delicate cycle in cold water. No bleach. Iron on medium. Hang to dry.</span></li></ul>"
6880502317102,lennon-robe-1,MERGE,"
<p>Made from lightweight cotton, the Lennon Robe is cut for a relaxed fit with a tie belt to cinch the shape. Designed with pockets and long sleeves.</p>
<p>Style with Eterne's <a href=""https://eterne.com/collections/soleil/products/amelia-halter-one-piece"">Amelia</a> or <a href=""https://eterne.com/collections/soleil/products/bella-tank-one-piece-1"">Bella</a> one piece swimsuits.</p>",Swim,REPLACE,"<ul><li>Fits true to size, take your normal size</li><li>Designed for a slim fit</li><li>100% cotton</li><li>Model is 179 cm/5&#39;10.5&quot; and is wearing a size S</li><li>Inseam 33 &frac14;&nbsp;</li><li><span style=""font-size:11pt;font-family:Arial;color:#454545;background-color:transparent;font-weight:400;font-style:normal;font-variant:normal;text-decoration:none;vertical-align:baseline;white-space:pre;white-space:pre-wrap;"">Delicate cycle in cold water. No bleach. Iron on medium. Hang to dry.</span></li></ul>","<ul><li>Fits true to size, take your normal size</li><li>Designed for a slim fit</li><li>100% cotton</li><li>Model is 179 cm/5&#39;10.5&quot; and is wearing a size S</li><li>Inseam 33 &frac14;&nbsp;</li><li><span style=""font-size:11pt;font-family:Arial;color:#454545;background-color:transparent;font-weight:400;font-style:normal;font-variant:normal;text-decoration:none;vertical-align:baseline;white-space:pre;white-space:pre-wrap;"">Delicate cycle in cold water. No bleach. Iron on medium. Hang to dry.</span></li></ul>"
6880502349870,lennon-robe-2,MERGE,"
<p>Made from lightweight cotton, the Lennon Robe is cut for a relaxed fit with a tie belt to cinch the shape. Designed with pockets and long sleeves.</p>
<p>Style with Eterne's <a href=""https://eterne.com/collections/soleil/products/amelia-halter-one-piece-2"">Amelia</a> or <a href=""https://eterne.com/collections/soleil/products/bella-tank-one-piece-2"">Bella</a> one piece swimsuits.</p>",Swim,REPLACE,"<ul><li>Fits true to size, take your normal size</li><li>Designed for a slim fit</li><li>100% cotton</li><li>Model is 179 cm/5&#39;10.5&quot; and is wearing a size S</li><li>Inseam 33 &frac14;&nbsp;</li><li><span style=""font-size:11pt;font-family:Arial;color:#454545;background-color:transparent;font-weight:400;font-style:normal;font-variant:normal;text-decoration:none;vertical-align:baseline;white-space:pre;white-space:pre-wrap;"">Delicate cycle in cold water. No bleach. Iron on medium. Hang to dry.</span></li></ul>","<ul><li>Fits true to size, take your normal size</li><li>Designed for a slim fit</li><li>100% cotton</li><li>Model is 179 cm/5&#39;10.5&quot; and is wearing a size S</li><li>Inseam 33 &frac14;&nbsp;</li><li><span style=""font-size:11pt;font-family:Arial;color:#454545;background-color:transparent;font-weight:400;font-style:normal;font-variant:normal;text-decoration:none;vertical-align:baseline;white-space:pre;white-space:pre-wrap;"">Delicate cycle in cold water. No bleach. Iron on medium. Hang to dry.</span></li></ul>"
6884500176942,georgia-maxi-dress,MERGE,"
<p>Cut from an ultra thin Italian matte stretch jersey, our Georgia dress is ultra-flattering with its maxi length and front button closure.</p>",,REPLACE,"<ul><li>This style runs small, take one size bigger than normal</li><li>Designed for a close fit&nbsp;</li><li>76% Viscose, 19% Nylon, 5% Elastane</li><li>Model is 177 cm/5&#39;10&quot; and is wearing a size S</li><li>Dry clean only</li></ul>","<ul><li>This style runs small, take one size bigger than normal</li><li>Designed for a close fit&nbsp;</li><li>76% Viscose, 19% Nylon, 5% Elastane</li><li>Model is 177 cm/5&#39;10&quot; and is wearing a size S</li><li>Dry clean only</li></ul>"
6884500209710,charlie-top,MERGE,,Tops,REPLACE,"<ul><li>Fits true to size, take your normal size</li><li>Designed for a close fit&nbsp;</li><li>76% Viscose, 19% Nylon, 5% Elastane</li><li>Model is 177 cm/5&#39;10&quot; and is wearing a size S</li><li>Dry clean only</li></ul>","<ul><li>Fits true to size, take your normal size</li><li>Designed for a close fit&nbsp;</li><li>76% Viscose, 19% Nylon, 5% Elastane</li><li>Model is 177 cm/5&#39;10&quot; and is wearing a size S</li><li>Dry clean only</li></ul>"
6884500242478,sloane-dress,MERGE,"
<p>Cut from an ultra thin Italian matte stretch jersey, our Sloane dress is ultra-flattering with its mini length and front button closure.</p>",Dresses,REPLACE,"<ul><li>This style runs small, take one size bigger than normal</li><li>Designed for a close fit&nbsp;</li><li>76% Viscose, 19% Nylon, 5% Elastane</li><li>Model is 177 cm/5&#39;10&quot; and is wearing a size S</li><li>Dry clean only</li></ul>","<ul><li>This style runs small, take one size bigger than normal</li><li>Designed for a close fit&nbsp;</li><li>76% Viscose, 19% Nylon, 5% Elastane</li><li>Model is 177 cm/5&#39;10&quot; and is wearing a size S</li><li>Dry clean only</li></ul>"
6884500275246,romee-top,MERGE,,Tops,REPLACE,"<ul><li>Fits true to size, take your normal size</li><li>Designed for a close fit&nbsp;</li><li>76% Viscose, 19% Nylon, 5% Elastane</li><li>Model is 177 cm/5&#39;10&quot; and is wearing a size S</li><li>Dry clean only</li></ul>","<ul><li>Fits true to size, take your normal size</li><li>Designed for a close fit&nbsp;</li><li>76% Viscose, 19% Nylon, 5% Elastane</li><li>Model is 177 cm/5&#39;10&quot; and is wearing a size S</li><li>Dry clean only</li></ul>"
6884500308014,chloe-top,MERGE,"
<p>Cut from an ultra thin Italian matte stretch jersey, our Chloé top is the perfect day-to-night essential.</p>
Style with your favorite pair of jeans, leather pants or make it a set with <a href=""https://eterne.com/products/emma-skirt"">Éterne's Emma skirt</a>.",Tops,REPLACE,"<ul><li>Fits true to size, take your normal size</li><li>Designed for a close fit&nbsp;</li><li>76% Viscose, 19% Nylon, 5% Elastane</li><li>Model is 177 cm/5&#39;10&quot; and is wearing a size S</li><li>Dry clean only</li></ul>","<ul><li>Fits true to size, take your normal size</li><li>Designed for a close fit&nbsp;</li><li>76% Viscose, 19% Nylon, 5% Elastane</li><li>Model is 177 cm/5&#39;10&quot; and is wearing a size S</li><li>Dry clean only</li></ul>"
6884500340782,simone-top,MERGE,"
<p>Cut from an ultra thin Italian matte stretch jersey, our Simone top is the perfect day-to-night essential.</p>
<p>Style with your favorite pair of jeans, leather pants or make it a set with <a href=""https://eterne.com/products/emma-skirt"">Éterne's Emma skirt</a>.</p>",Tops,REPLACE,"<ul><li>Fits true to size, take your normal size</li><li>Designed for a close fit&nbsp;</li><li>76% Viscose, 19% Nylon, 5% Elastane</li><li>Model is 177 cm/5&#39;10&quot; and is wearing a size S</li><li>Dry clean only</li></ul>","<ul><li>Fits true to size, take your normal size</li><li>Designed for a close fit&nbsp;</li><li>76% Viscose, 19% Nylon, 5% Elastane</li><li>Model is 177 cm/5&#39;10&quot; and is wearing a size S</li><li>Dry clean only</li></ul>"
6884500373550,emma-skirt,MERGE,"
<p>Cut from an ultra thin Italian matte stretch jersey, our Emma maxi skirt is the perfect day-to-night essential.</p>
<p>Style with <a href=""https://eterne.com/products/cropped-scoop-neck-tank-ivory"">Éterne's cropped scoop neck tank</a>, or make it a set with <a href=""https://eterne.com/products/charlie-top"">Éterne's Charlie top</a>.</p>",Bottoms,REPLACE,"<ul><li>Fits true to size, take your normal size</li><li>Designed for a close fit&nbsp;</li><li>76% Viscose, 19% Nylon, 5% Elastane</li><li>Model is 177 cm/5&#39;10&quot; and is wearing a size S</li><li>Dry clean only</li></ul>","<ul><li>Fits true to size, take your normal size</li><li>Designed for a close fit&nbsp;</li><li>76% Viscose, 19% Nylon, 5% Elastane</li><li>Model is 177 cm/5&#39;10&quot; and is wearing a size S</li><li>Dry clean only</li></ul>"
6891031068718,tank-dress-mini-chocolate,MERGE,"
<div>
<p dir=""ltr""><span>Éterne's tank mini dress is crafted from a butter soft ribbed cotton and modal blend, offering a slim fit and a mini length—a versatile essential for everyday wear.</span></p>
</div>
<p><span>Style with your favorite oversized blazer and a pair of knee high boots, or over your bikini as the perfect summer coverup.</span></p>
<div></div>","Dresses, Mini",REPLACE,"<ul><li>Fits true to size, take your normal size</li><li>Designed for a slim fit&nbsp;</li><li>48% Cotton 48% Modal 4% Spandex</li><li>Model is 177 cm/5&#39;10&quot; and is wearing a size S</li><li>Machine wash cold. Non-chlorine bleach. Tumble dry low. Cool iron. Do not dry clean.&nbsp;</li></ul>","<ul><li>Fits true to size, take your normal size</li><li>Designed for a slim fit&nbsp;</li><li>48% Cotton 48% Modal 4% Spandex</li><li>Model is 177 cm/5&#39;10&quot; and is wearing a size S</li><li>Machine wash cold. Non-chlorine bleach. Tumble dry low. Cool iron. Do not dry clean.&nbsp;</li></ul>"
6891031101486,terry-raglan-cutoff-top,MERGE,"
<p><meta charset=""utf-8""><span>Cut from a butter soft French terry, our Raglan Cutoff Top is a modern take on a vintage favorite. This classic ""V"" crewneck features a slight cropped length, comfortably loose body and cutoff raglan sleeves that instantly give it a lived-in feel.</span></p>
<p>Style with your favorite pair of jeans or make it a set with Éterne's <a href=""https://eterne.com/products/terry-boyfriend-short"">Terry Raglan Boyfriend Short</a>.</p>","Tops, Bottoms",REPLACE,"<ul><li>Fits true to size, take your normal size</li><li>Designed for a slim fit&nbsp;</li><li>77% Cotton 23% Modal</li><li>Model is 179 cm/5&#39;10.5&quot; and is wearing a size S</li><li>Machine wash cold with like colors. Non-chlorine bleach if needed. Tumble dry low. Cool iron. Do not dry clean.&nbsp;</li></ul>","<ul><li>Fits true to size, take your normal size</li><li>Designed for a slim fit&nbsp;</li><li>77% Cotton 23% Modal</li><li>Model is 179 cm/5&#39;10.5&quot; and is wearing a size S</li><li>Machine wash cold with like colors. Non-chlorine bleach if needed. Tumble dry low. Cool iron. Do not dry clean.&nbsp;</li></ul>"
6891031134254,terry-raglan-cutoff-top-1,MERGE,"
<p><meta charset=""utf-8""><span>Cut from a butter soft French terry, our Raglan Cutoff Top is a modern take on a vintage favorite. This classic ""V"" crewneck features a slight cropped length, comfortably loose body and cutoff raglan sleeves that instantly give it a lived-in feel. </span></p>
<p>Style with your favorite pair of jeans or make it a set with Éterne's <a href=""https://eterne.com/products/terry-boyfriend-short-1"">Terry Raglan Boyfriend Short</a>.</p>","Tops, Bottoms",REPLACE,"<ul><li>Fits true to size, take your normal size</li><li>Designed for a slim fit&nbsp;</li><li>77% Cotton 23% Modal</li><li>Model is 179 cm/5&#39;10.5&quot; and is wearing a size S</li><li>Machine wash cold with like colors. Non-chlorine bleach if needed. Tumble dry low. Cool iron. Do not dry clean.&nbsp;</li></ul>","<ul><li>Fits true to size, take your normal size</li><li>Designed for a slim fit&nbsp;</li><li>77% Cotton 23% Modal</li><li>Model is 179 cm/5&#39;10.5&quot; and is wearing a size S</li><li>Machine wash cold with like colors. Non-chlorine bleach if needed. Tumble dry low. Cool iron. Do not dry clean.&nbsp;</li></ul>"
6891031167022,terry-boyfriend-short,MERGE,"
<p><meta charset=""utf-8""><span>Cut from a butter soft French terry, our Boyfriend Short features a loose and comfortable fit, relaxed waistband for a flattering silhouette. Style details include an elastized waistband, side slash pockets and raw hems. </span></p>
<p>Style with your favorite tank, white tee or make it a set with Éterne's <a href=""https://eterne.com/products/terry-raglan-cutoff-top"">Terry Raglan Cutoff Top</a>.</p>",Bottoms,REPLACE,"<ul><li>Fits true to size, take your normal size</li><li>Designed for a slim fit&nbsp;</li><li>77% Cotton 23% Modal</li><li>Model is 179 cm/5&#39;10.5&quot; and is wearing a size S</li><li>Machine wash cold with like colors. Non-chlorine bleach if needed. Tumble dry low. Cool iron. Do not dry clean.&nbsp;</li></ul>","<ul><li>Fits true to size, take your normal size</li><li>Designed for a slim fit&nbsp;</li><li>77% Cotton 23% Modal</li><li>Model is 179 cm/5&#39;10.5&quot; and is wearing a size S</li><li>Machine wash cold with like colors. Non-chlorine bleach if needed. Tumble dry low. Cool iron. Do not dry clean.&nbsp;</li></ul>"
6891031199790,terry-boyfriend-short-1,MERGE,"
<p><meta charset=""utf-8""><span>Éterne’s terry boyfriend short is crafted from a butter soft french terry cotton and modal blend,
offering a relaxed fit and a unisex look—a versatile essential for everyday wear. </span></p>
<p>Style with your favorite tank, white tee or make it a set with Éterne's <a href=""https://eterne.com/products/terry-raglan-cutoff-top-1"">Terry Raglan Cutoff Top</a>.</p>",Bottoms,REPLACE,"<ul><li>Fits true to size, take your normal size</li><li>Designed for a slim fit&nbsp;</li><li>77% Cotton 23% Modal</li><li>Model is 179 cm/5&#39;10.5&quot; and is wearing a size S</li><li>Machine wash cold with like colors. Non-chlorine bleach if needed. Tumble dry low. Cool iron. Do not dry clean.&nbsp;</li></ul>","<ul><li>Fits true to size, take your normal size</li><li>Designed for a slim fit&nbsp;</li><li>77% Cotton 23% Modal</li><li>Model is 179 cm/5&#39;10.5&quot; and is wearing a size S</li><li>Machine wash cold with like colors. Non-chlorine bleach if needed. Tumble dry low. Cool iron. Do not dry clean.&nbsp;</li></ul>"
6895716728878,ines,MERGE,,Knitwear,REPLACE,"<ul><li>Fits true to size, take your normal size</li><li>Designed for a slim fit&nbsp;</li><li>100% Cashmere</li><li>Model is 177 cm/5&#39;10&quot; and is wearing a size S</li><li>&nbsp;Dry clean only</li></ul>","<ul><li>Fits true to size, take your normal size</li><li>Designed for a slim fit&nbsp;</li><li>100% Cashmere</li><li>Model is 177 cm/5&#39;10&quot; and is wearing a size S</li><li>&nbsp;Dry clean only</li></ul>"
6895716761646,poppy,MERGE,,Knitwear,REPLACE,"<ul><li>Fits true to size, take your normal size</li><li>Designed for a slim fit&nbsp;</li><li>100% Cashmere</li><li>Model is 177 cm/5&#39;10&quot; and is wearing a size S</li><li>Dry clean only</li></ul>","<ul><li>Fits true to size, take your normal size</li><li>Designed for a slim fit&nbsp;</li><li>100% Cashmere</li><li>Model is 177 cm/5&#39;10&quot; and is wearing a size S</li><li>Dry clean only</li></ul>"
6895716794414,cheyenne,MERGE,,Knitwear,REPLACE,"<ul><li>Fits true to size, take your normal size</li><li>Designed for an oversized fit&nbsp;</li><li>100% Cashmere</li><li>Model is 177 cm/5&#39;10&quot; and is wearing a size S</li><li>Dry clean only</li></ul>","<ul><li>Fits true to size, take your normal size</li><li>Designed for an oversized fit&nbsp;</li><li>100% Cashmere</li><li>Model is 177 cm/5&#39;10&quot; and is wearing a size S</li><li>Dry clean only</li></ul>"
6895716827182,emma-skirt-1,MERGE,"
<p>Our classic maxi skirt reimagined in super soft, featherweight cashmere. The ultimate day to night piece upgraded for comfort and luxury.<br></p>
<p>Style with Éterne's <a href=""https://eterne.com/products/ines"">Ines Racerback Tank</a>, <a href=""https://eterne.com/products/cheyenne"">Cheyenne Sweater</a>, <a href=""https://eterne.com/products/poppy"">Poppy Cardigan</a>, or <a href=""https://eterne.com/products/james-sweater-millet"">James Sweater</a>.</p>","Bottoms, Knitwear",REPLACE,"<ul><li>Fits true to size, take your normal size</li><li>Designed for a slim fit&nbsp;</li><li>100% Cashmere</li><li>Model is 177 cm/5&#39;10&quot; and is wearing a size S</li><li>Dry clean only</li></ul>","<ul><li>Fits true to size, take your normal size</li><li>Designed for a slim fit&nbsp;</li><li>100% Cashmere</li><li>Model is 177 cm/5&#39;10&quot; and is wearing a size S</li><li>Dry clean only</li></ul>"
6895716859950,james-sweater-millet,MERGE,"
Cut from a medium weight, butter soft cashmere, our James sweater is the perfect everyday essential. <br><br>Style with your favorite pair of jeans or make it a set with Éterne's <a href=""https://eterne.com/collections/cashmere/products/emma-skirt-1"">Emma Cashmere Skirt</a>.",Knitwear,REPLACE,"<ul><li>Fits true to size, take your normal size</li><li>Designed for a loose comfortable fit&nbsp;</li><li>100% Cashmere</li><li>Model is 177 cm/5&#39;10&quot; and is wearing a size S</li><li>Dry clean only</li></ul>","<ul><li>Fits true to size, take your normal size</li><li>Designed for a loose comfortable fit&nbsp;</li><li>100% Cashmere</li><li>Model is 177 cm/5&#39;10&quot; and is wearing a size S</li><li>Dry clean only</li></ul>"
6895716892718,francis-top,MERGE,"
<p>Cut from a lightweight, butter soft cashmere, our Francis sweater features a slight cropped length with a comfortably fitted body. The Francis is<span> </span>the perfect day to night essential. </p>
<p>Style with your favorite pair of jeans or make it a set with Éterne's <a href=""https://eterne.com/collections/cashmere/products/emma-skirt-1"">Emma Cashmere Skirt.</a></p>",Knitwear,REPLACE,"<ul><li>Runs small, size up</li><li>Designed for a slim fit&nbsp;</li><li>100% Cashmere</li><li>Model is 177 cm/5&#39;10&quot; and is wearing a size S</li><li>Dry clean only</li></ul>","<ul><li>Runs small, size up</li><li>Designed for a slim fit&nbsp;</li><li>100% Cashmere</li><li>Model is 177 cm/5&#39;10&quot; and is wearing a size S</li><li>Dry clean only</li></ul>"
6895719153710,ines-1,MERGE,,Knitwear,REPLACE,"<ul><li>Fits true to size, take your normal size</li><li>Designed for a slim fit&nbsp;</li><li>100% Cashmere</li><li>Model is 177 cm/5&#39;10&quot; and is wearing a size S</li><li>&nbsp;Dry clean only</li></ul>","<ul><li>Fits true to size, take your normal size</li><li>Designed for a slim fit&nbsp;</li><li>100% Cashmere</li><li>Model is 177 cm/5&#39;10&quot; and is wearing a size S</li><li>&nbsp;Dry clean only</li></ul>"
6895719219246,ines-2,MERGE,,,REPLACE,"<ul><li>Fits true to size, take your normal size</li><li>Designed for a slim fit&nbsp;</li><li>100% Cashmere</li><li>Model is 177 cm/5&#39;10&quot; and is wearing a size S</li><li>&nbsp;Dry clean only</li></ul>","<ul><li>Fits true to size, take your normal size</li><li>Designed for a slim fit&nbsp;</li><li>100% Cashmere</li><li>Model is 177 cm/5&#39;10&quot; and is wearing a size S</li><li>&nbsp;Dry clean only</li></ul>"
6895719284782,blaise,MERGE,,,REPLACE,<ul>undefined,<ul>undefined
6895719317550,blaise-1,MERGE,,,REPLACE,<ul>undefined,<ul>undefined
6895719383086,blaise-2,MERGE,,,REPLACE,<ul>undefined,<ul>undefined
6895719415854,jamie,MERGE,,,REPLACE,<ul>undefined,<ul>undefined
6895719481390,jamie-1,MERGE,,,REPLACE,<ul>undefined,<ul>undefined
6895719514158,jamie-2,MERGE,,,REPLACE,<ul>undefined,<ul>undefined
6895719579694,poppy-1,MERGE,,Knitwear,REPLACE,"<ul><li>Fits true to size, take your normal size</li><li>Designed for a slim fit&nbsp;</li><li>100% Cashmere</li><li>Model is 177 cm/5&#39;10&quot; and is wearing a size S</li><li>Dry clean only</li></ul>","<ul><li>Fits true to size, take your normal size</li><li>Designed for a slim fit&nbsp;</li><li>100% Cashmere</li><li>Model is 177 cm/5&#39;10&quot; and is wearing a size S</li><li>Dry clean only</li></ul>"
6895719612462,poppy-2,MERGE,,,REPLACE,"<ul><li>Fits true to size, take your normal size</li><li>Designed for a slim fit&nbsp;</li><li>100% Cashmere</li><li>Model is 177 cm/5&#39;10&quot; and is wearing a size S</li><li>Dry clean only</li></ul>","<ul><li>Fits true to size, take your normal size</li><li>Designed for a slim fit&nbsp;</li><li>100% Cashmere</li><li>Model is 177 cm/5&#39;10&quot; and is wearing a size S</li><li>Dry clean only</li></ul>"
6895719645230,cheyenne-1,MERGE,,Knitwear,REPLACE,"<ul><li>Fits true to size, take your normal size</li><li>Designed for an oversized fit&nbsp;</li><li>100% Cashmere</li><li>Model is 177 cm/5&#39;10&quot; and is wearing a size S</li><li>Dry clean only</li></ul>","<ul><li>Fits true to size, take your normal size</li><li>Designed for an oversized fit&nbsp;</li><li>100% Cashmere</li><li>Model is 177 cm/5&#39;10&quot; and is wearing a size S</li><li>Dry clean only</li></ul>"
6895719677998,cheyenne-2,MERGE,,,REPLACE,"<ul><li>Fits true to size, take your normal size</li><li>Designed for an oversized fit&nbsp;</li><li>100% Cashmere</li><li>Model is 177 cm/5&#39;10&quot; and is wearing a size S</li><li>Dry clean only</li></ul>","<ul><li>Fits true to size, take your normal size</li><li>Designed for an oversized fit&nbsp;</li><li>100% Cashmere</li><li>Model is 177 cm/5&#39;10&quot; and is wearing a size S</li><li>Dry clean only</li></ul>"
6895719710766,emma-skirt-2,MERGE,"
<p>Our classic maxi skirt reimagined in super soft, featherweight cashmere. The ultimate day to night piece upgraded for comfort and luxury.<br></p>
<p>Style with Éterne's <a href=""https://eterne.com/products/willa"">Willa Bra</a>, <a href=""https://eterne.com/products/ines-1"">Ines Racerback Tank</a>, <a href=""https://eterne.com/products/cheyenne-1"">Cheyenne Sweater</a> or <a href=""https://eterne.com/products/ines-1"">Poppy Cardigan</a>.</p>","Bottoms, Knitwear",REPLACE,"<ul><li>Fits true to size, take your normal size</li><li>Designed for a slim fit&nbsp;</li><li>100% Cashmere</li><li>Model is 177 cm/5&#39;10&quot; and is wearing a size S</li><li>Dry clean only</li></ul>","<ul><li>Fits true to size, take your normal size</li><li>Designed for a slim fit&nbsp;</li><li>100% Cashmere</li><li>Model is 177 cm/5&#39;10&quot; and is wearing a size S</li><li>Dry clean only</li></ul>"
6895719743534,emma-skirt-3,MERGE,"
<p>Our classic maxi skirt reimagined in super soft, featherweight cashmere. The ultimate day to night piece upgraded for comfort and luxury.<br></p>
<p>Style with Éterne's Ines Racerback Top.</p>",,REPLACE,"<ul><li>Fits true to size, take your normal size</li><li>Designed for a slim fit&nbsp;</li><li>100% Cashmere</li><li>Model is 177 cm/5&#39;10&quot; and is wearing a size S</li><li>&nbsp;Dry clean only</li></ul>","<ul><li>Fits true to size, take your normal size</li><li>Designed for a slim fit&nbsp;</li><li>100% Cashmere</li><li>Model is 177 cm/5&#39;10&quot; and is wearing a size S</li><li>&nbsp;Dry clean only</li></ul>"
6895719776302,emma-skirt-4,MERGE,"
<p>Our classic maxi skirt reimagined in super soft, featherweight cashmere. The ultimate day to night piece upgraded for comfort and luxury.<br></p>
<p>Style with Éterne's <a href=""https://eterne.com/products/willa-1"">Willa Bra</a>, <a href=""https://eterne.com/products/francis-3"">Francis Sweater</a>, and <a href=""https://eterne.com/products/cropped-scoop-neck-tank-ivory"">Cropped Scoop Neck Tank Ivory</a>.</p>","Bottoms, Knitwear",REPLACE,"<ul><li>Fits true to size, take your normal size</li><li>Designed for a slim fit&nbsp;</li><li>100% Cashmere</li><li>Model is 177 cm/5&#39;10&quot; and is wearing a size S</li><li>Dry clean only</li></ul>","<ul><li>Fits true to size, take your normal size</li><li>Designed for a slim fit&nbsp;</li><li>100% Cashmere</li><li>Model is 177 cm/5&#39;10&quot; and is wearing a size S</li><li>Dry clean only</li></ul>"
6901652881454,ls-baby-tee-black,MERGE,"
<p>Cut from a lightweight cotton and modal blend, our long sleeve baby tee features a shrunken slim fit and a thin-lined crewneck. This t-shirt is a perfect everyday essential. </p>
<p>Style with your favorite pair of jeans, leather pants, layered under an oversized blazer, or paired with <a href=""https://eterne.com/collections/bottoms/products/lounge-pant-black"">Éterne's lounge pants</a> as a set. </p>",T-shirts,REPLACE,"<ul><li>Fits true to size, take your normal size</li><li>Designed for a slim fit&nbsp;</li><li>50% Cotton 50% Modal&nbsp;</li><li>Model is 177 cm/5&#39;10&quot; and is wearing a size S</li><li>Machine wash cold. Non-chlorine bleach. Tumble dry low. Cool iron. Do not dry clean.&nbsp;</li></ul>","<ul><li>Fits true to size, take your normal size</li><li>Designed for a slim fit&nbsp;</li><li>50% Cotton 50% Modal&nbsp;</li><li>Model is 177 cm/5&#39;10&quot; and is wearing a size S</li><li>Machine wash cold. Non-chlorine bleach. Tumble dry low. Cool iron. Do not dry clean.&nbsp;</li></ul>"
6901652914222,ls-baby-tee-ivory,MERGE,"
<p>Cut from a lightweight cotton and modal blend, our long sleeve baby tee features a shrunken slim fit and a thin-lined crewneck. This t-shirt is a perfect everyday essential. </p>
<p>Style with your favorite pair of jeans, leather pants, layered under an oversized blazer, or paired with <a href=""https://eterne.com/collections/bottoms/products/lounge-pant-ivory"">Éterne's lounge pants</a> as a set. </p>",T-shirts,REPLACE,"<ul><li>Fits true to size, take your normal size</li><li>Designed for a slim fit&nbsp;</li><li>50% Cotton 50% Modal&nbsp;</li><li>Model is 177 cm/5&#39;10&quot; and is wearing a size S</li><li>Machine wash cold. Non-chlorine bleach. Tumble dry low. Cool iron. Do not dry clean.&nbsp;</li></ul>","<ul><li>Fits true to size, take your normal size</li><li>Designed for a slim fit&nbsp;</li><li>50% Cotton 50% Modal&nbsp;</li><li>Model is 177 cm/5&#39;10&quot; and is wearing a size S</li><li>Machine wash cold. Non-chlorine bleach. Tumble dry low. Cool iron. Do not dry clean.&nbsp;</li></ul>"
6901652946990,ls-baby-tee-heather-grey,MERGE,"
<p>Cut from a lightweight cotton and modal blend, our long sleeve baby tee features a shrunken slim fit and a thin-lined crewneck. This t-shirt is a perfect everyday essential. </p>
<p>Style with your favorite pair of jeans, leather pants, layered under an oversized blazer, or paired with <a href=""https://eterne.com/collections/bottoms/products/lounge-pant-heather-grey"">Éterne's lounge pants</a> as a set. </p>",T-shirts,REPLACE,"<ul><li>Fits true to size, take your normal size</li><li>Designed for a slim fit&nbsp;</li><li>50% Cotton 50% Modal&nbsp;</li><li>Model is 177 cm/5&#39;10&quot; and is wearing a size S</li><li>Machine wash cold. Non-chlorine bleach. Tumble dry low. Cool iron. Do not dry clean.&nbsp;</li></ul>","<ul><li>Fits true to size, take your normal size</li><li>Designed for a slim fit&nbsp;</li><li>50% Cotton 50% Modal&nbsp;</li><li>Model is 177 cm/5&#39;10&quot; and is wearing a size S</li><li>Machine wash cold. Non-chlorine bleach. Tumble dry low. Cool iron. Do not dry clean.&nbsp;</li></ul>"
6902013132846,long-sleeve-turtleneck-dress-maxi-chocolate,MERGE,"
Cut from a butter soft ribbed cotton and modal blend, our maxi turtleneck dress is form-fitting, ultra flattering and lightweight. This maxi dress is the perfect day to night essential.<br><br>Style with your favorite oversized blazer and a pair of knee high boots.","Dresses, Maxi",REPLACE,"<ul><li>Fits true to size, take your normal size</li><li>Designed for a slim fit&nbsp;</li><li>48% Cotton 48% Modal 4% Spandex</li><li>Model is 177 cm/5&#39;10&quot; and is wearing a size S</li><li>Machine wash cold. Non-chlorine bleach. Tumble dry low. Cool iron. Do not dry clean.&nbsp;</li></ul>","<ul><li>Fits true to size, take your normal size</li><li>Designed for a slim fit&nbsp;</li><li>48% Cotton 48% Modal 4% Spandex</li><li>Model is 177 cm/5&#39;10&quot; and is wearing a size S</li><li>Machine wash cold. Non-chlorine bleach. Tumble dry low. Cool iron. Do not dry clean.&nbsp;</li></ul>"
6902013165614,ls-raglan-sweatshirt,MERGE,"
<p>Cut from a butter soft cotton French terry, our long sleeve Raglan sweatshirt is a modern take on a vintage favorite. This cropped sweatshirt features a raw edge V slit neckline, a comfortable loose body and <meta charset=""utf-8""><span data-mce-fragment=""1"">Éterne's signature extra long sleeves.</span></p>
<p>Style with your favorite pair of jeans or make it a set with <a href=""https://eterne.com/collections/terry/products/terry-boyfriend-short"">Éterne's Terry Boyfriend Short</a>.</p>",,REPLACE,"<ul><li>Fits true to size, take your normal size</li><li>Designed for a loose fit&nbsp;</li><li>French Terry</li><li>77% Cotton 23% Modal</li><li>Model is 177 cm/5&#39;10&quot; and is wearing a size S</li><li>Machine wash cold with like colors. Do not bleach. Tumble dry low. Cool iron, if needed or dry clean.&nbsp;</li></ul>","<ul><li>Fits true to size, take your normal size</li><li>Designed for a loose fit&nbsp;</li><li>French Terry</li><li>77% Cotton 23% Modal</li><li>Model is 177 cm/5&#39;10&quot; and is wearing a size S</li><li>Machine wash cold with like colors. Do not bleach. Tumble dry low. Cool iron, if needed or dry clean.&nbsp;</li></ul>"
6902013198382,ls-raglan-sweatshirt-1,MERGE,"
<p>Cut from a butter soft cotton French terry, our long sleeve Raglan sweatshirt is a modern take on a vintage favorite. This cropped sweatshirt features a raw edge V slit neckline, a comfortable loose body and <meta charset=""utf-8""><span data-mce-fragment=""1"">Éterne's signature extra long sleeves.</span></p>
<p>Style with your favorite pair of jeans or make it a set with <a href=""https://eterne.com/collections/terry/products/terry-boyfriend-short-1"">Éterne's Terry Boyfriend Short</a>.</p>",,REPLACE,"<ul><li>Fits true to size, take your normal size</li><li>Designed for a loose fit&nbsp;</li><li>French Terry</li><li>77% Cotton 23% Modal</li><li>Model is 177 cm/5&#39;10&quot; and is wearing a size S</li><li>Machine wash cold with like colors. Non-chlorine bleach, if needed. Tumble dry low. Cool iron. Do not dry clean.&nbsp;</li></ul>","<ul><li>Fits true to size, take your normal size</li><li>Designed for a loose fit&nbsp;</li><li>French Terry</li><li>77% Cotton 23% Modal</li><li>Model is 177 cm/5&#39;10&quot; and is wearing a size S</li><li>Machine wash cold with like colors. Non-chlorine bleach, if needed. Tumble dry low. Cool iron. Do not dry clean.&nbsp;</li></ul>"
6902013263918,ls-raglan-sweatshirt-2,MERGE,"
<p>Cut from a butter soft cotton French terry, our long sleeve Raglan sweatshirt is a modern take on a vintage favorite. This cropped sweatshirt features a raw edge V slit neckline, a comfortable loose body and <meta charset=""utf-8""><span data-mce-fragment=""1"">Éterne's signature extra long sleeves.</span></p>
<p>Style with your favorite pair of jeans or make it a set with <a href=""https://eterne.com/collections/terry/products/terry-boyfriend-short"">Éterne's Terry Boyfriend Short</a>.</p>",,REPLACE,"<ul><li>Fits true to size, take your normal size</li><li>Designed for a loose fit&nbsp;</li><li>French Terry</li><li>77% Cotton 23% Modal</li><li>Model is 177 cm/5&#39;10&quot; and is wearing a size S</li><li>Machine wash cold with like colors. Non-chlorine bleach, if needed. Tumble dry low. Cool iron. Do not dry clean.&nbsp;</li></ul>","<ul><li>Fits true to size, take your normal size</li><li>Designed for a loose fit&nbsp;</li><li>French Terry</li><li>77% Cotton 23% Modal</li><li>Model is 177 cm/5&#39;10&quot; and is wearing a size S</li><li>Machine wash cold with like colors. Non-chlorine bleach, if needed. Tumble dry low. Cool iron. Do not dry clean.&nbsp;</li></ul>"
6904431149102,high-rise-legging,MERGE,"
High waisted and cut to flatter, these soft jersey leggings are the perfect combination of luxury and comfort.<br><br>Style with your favorite tank or white tee or make it a set with <a href=""https://eterne.com/products/sports-bra"">Éterne's Soft Jersey Sports Bra</a>.
<p> </p>",Bottoms,REPLACE,"<ul><li>Fits true to size, take your normal size</li><li>89% Modal / 11% Lycra&nbsp;</li><li>Model is 177 cm/5&#39;10&quot; and is wearing a size S</li><li>Machine wash cold. Non-chlorine bleach. Tumble dry low. Cool iron.</li></ul>","<ul><li>Fits true to size, take your normal size</li><li>89% Modal / 11% Lycra&nbsp;</li><li>Model is 177 cm/5&#39;10&quot; and is wearing a size S</li><li>Machine wash cold. Non-chlorine bleach. Tumble dry low. Cool iron.</li></ul>"
6904431181870,boy-short,MERGE,"
Full coverage meets a flattering, feminine cut - our soft jersey boy short is a lounge essential.<br><br>Style with your favorite tank or white tee or make it a set with <a href=""https://eterne.com/products/sports-bra"">Éterne's Soft Jersey Sports Bra</a>.
<p> </p>",Intimates,REPLACE,"<ul><li>Fits true to size, take your normal size</li><li>89% Modal / 11% Lycra&nbsp;</li><li>Model is 177 cm/5&#39;10&quot; and is wearing a size S</li><li>Machine wash cold. Non-chlorine bleach. Tumble dry low. Cool iron.</li></ul>","<ul><li>Fits true to size, take your normal size</li><li>89% Modal / 11% Lycra&nbsp;</li><li>Model is 177 cm/5&#39;10&quot; and is wearing a size S</li><li>Machine wash cold. Non-chlorine bleach. Tumble dry low. Cool iron.</li></ul>"
6904431214638,sports-bra,MERGE,"
<p>Perfect for working out and lounging, this sports bra is comfortable and versatile. A racerback silhouette made from soft and stretchy soft jersey.</p>
<p>Pair with <a href=""https://eterne.com/products/high-rise-legging"">Éterne's Soft Jersey High Waisted Legging or </a><a href=""https://eterne.com/products/boy-short"">Soft Jersey High Waisted Boy Short. </a></p>","Intimates, Bra",REPLACE,"<ul><li>Fits true to size, take your normal size</li><li>89% Modal / 11% Lycra</li><li>Model is 177 cm/5&#39;10&quot; and is wearing a size S</li><li>Machine wash cold. Non-chlorine bleach. Tumble dry low. Cool iron.&nbsp;</li></ul>","<ul><li>Fits true to size, take your normal size</li><li>89% Modal / 11% Lycra</li><li>Model is 177 cm/5&#39;10&quot; and is wearing a size S</li><li>Machine wash cold. Non-chlorine bleach. Tumble dry low. Cool iron.&nbsp;</li></ul>"
6905015402542,square-neck-maxi-dress,MERGE,"
<p>Éterne's square neck maxi dress is crafted from a butter soft ribbed cotton and modal blend, offering a slim fit and a maxi length—a versatile essential for everyday wear.<br></p>
<p>Style with your favorite oversized blazer or a pair of high knee boots.</p>","Dresses, Maxi",REPLACE,"<ul><li>Fits true to size, take your normal size</li><li>Designed for a slim fit&nbsp;</li><li>48% Cotton 48% Modal 4% Spandex</li><li>Model is 177 cm/5&#39;10&quot; and is wearing a size S</li><li>Machine wash cold. Non-chlorine bleach. Tumble dry low. Cool iron. Do not dry clean.&nbsp;</li></ul>","<ul><li>Fits true to size, take your normal size</li><li>Designed for a slim fit&nbsp;</li><li>48% Cotton 48% Modal 4% Spandex</li><li>Model is 177 cm/5&#39;10&quot; and is wearing a size S</li><li>Machine wash cold. Non-chlorine bleach. Tumble dry low. Cool iron. Do not dry clean.&nbsp;</li></ul>"
6905015435310,square-neck-maxi-dress-1,MERGE,"
<p>Éterne's square neck maxi dress is crafted from a butter soft ribbed cotton and modal blend, offering a slim fit and a maxi length—a versatile essential for everyday wear.<br></p>
<p>Style with your favorite oversized blazer or a pair of high knee boots.</p>","Dresses, Maxi",REPLACE,"<ul><li>Fits true to size, take your normal size</li><li>Designed for a slim fit&nbsp;</li><li>48% Cotton 48% Modal 4% Spandex</li><li>Model is 177 cm/5&#39;10&quot; and is wearing a size S</li><li>Machine wash cold. Non-chlorine bleach. Tumble dry low. Cool iron. Do not dry clean.&nbsp;</li></ul>","<ul><li>Fits true to size, take your normal size</li><li>Designed for a slim fit&nbsp;</li><li>48% Cotton 48% Modal 4% Spandex</li><li>Model is 177 cm/5&#39;10&quot; and is wearing a size S</li><li>Machine wash cold. Non-chlorine bleach. Tumble dry low. Cool iron. Do not dry clean.&nbsp;</li></ul>"
6905015500846,square-neck-maxi-dress-2,MERGE,"
<p>Éterne's square neck maxi dress is crafted from a butter soft ribbed cotton and modal blend, offering a slim fit and a maxi length—a versatile essential for everyday wear.<br></p>
<p>Style with your favorite oversized blazer or a pair of high knee boots.</p>","Dresses, Maxi",REPLACE,"<ul><li>Fits true to size, take your normal size</li><li>Designed for a slim fit&nbsp;</li><li>48% Cotton 48% Modal 4% Spandex</li><li>Model is 177 cm/5&#39;10&quot; and is wearing a size S</li><li>Machine wash cold. Non-chlorine bleach. Tumble dry low. Cool iron. Do not dry clean.&nbsp;</li></ul>","<ul><li>Fits true to size, take your normal size</li><li>Designed for a slim fit&nbsp;</li><li>48% Cotton 48% Modal 4% Spandex</li><li>Model is 177 cm/5&#39;10&quot; and is wearing a size S</li><li>Machine wash cold. Non-chlorine bleach. Tumble dry low. Cool iron. Do not dry clean.&nbsp;</li></ul>"
6905015533614,square-neck-mini-dress-black,MERGE,"
<p>Éterne's square neck mini dress is crafted from a butter soft ribbed cotton and modal blend, offering a slim fit and a mini length—a versatile essential for everyday wear.<br></p>
<p>Style with your favorite oversized blazer or a pair of high knee boots.</p>","Dresses, Mini",REPLACE,"<ul><li>Fits true to size, take your normal size</li><li>Designed for a slim fit&nbsp;</li><li>48% Cotton 48% Modal 4% Spandex</li><li>Model is 177 cm/5&#39;10&quot; and is wearing a size S</li><li>Machine wash cold. Non-chlorine bleach. Tumble dry low. Cool iron. Do not dry clean.&nbsp;</li></ul>","<ul><li>Fits true to size, take your normal size</li><li>Designed for a slim fit&nbsp;</li><li>48% Cotton 48% Modal 4% Spandex</li><li>Model is 177 cm/5&#39;10&quot; and is wearing a size S</li><li>Machine wash cold. Non-chlorine bleach. Tumble dry low. Cool iron. Do not dry clean.&nbsp;</li></ul>"
6905015566382,square-neck-mini-dress-cream,MERGE,"
<p>Éterne's square neck mini dress is crafted from a butter soft ribbed cotton and modal blend, offering a slim fit and a mini length—a versatile essential for everyday wear.<br></p>
<p>Style with your favorite oversized blazer or a pair of high knee boots.</p>","Dresses, Mini",REPLACE,"<ul><li>Fits true to size, take your normal size</li><li>Designed for a slim fit&nbsp;</li><li>48% Cotton 48% Modal 4% Spandex</li><li>Model is 177 cm/5&#39;10&quot; and is wearing a size S</li><li>Machine wash cold. Non-chlorine bleach. Tumble dry low. Cool iron. Do not dry clean.&nbsp;</li></ul>","<ul><li>Fits true to size, take your normal size</li><li>Designed for a slim fit&nbsp;</li><li>48% Cotton 48% Modal 4% Spandex</li><li>Model is 177 cm/5&#39;10&quot; and is wearing a size S</li><li>Machine wash cold. Non-chlorine bleach. Tumble dry low. Cool iron. Do not dry clean.&nbsp;</li></ul>"
6905015599150,square-neck-mini-dress-2,MERGE,"
<p>Éterne's square neck mini dress is crafted from a butter soft ribbed cotton and modal blend, offering a slim fit and a mini length—a versatile essential for everyday wear.<br></p>
<p>Style with your favorite oversized blazer or a pair of high knee boots.</p>","Dresses, Mini",REPLACE,"<ul><li>Fits true to size, take your normal size</li><li>Designed for a slim fit&nbsp;</li><li>48% Cotton 48% Modal 4% Spandex</li><li>Model is 177 cm/5&#39;10&quot; and is wearing a size S</li><li>Machine wash cold. Non-chlorine bleach. Tumble dry low. Cool iron. Do not dry clean.&nbsp;</li></ul>","<ul><li>Fits true to size, take your normal size</li><li>Designed for a slim fit&nbsp;</li><li>48% Cotton 48% Modal 4% Spandex</li><li>Model is 177 cm/5&#39;10&quot; and is wearing a size S</li><li>Machine wash cold. Non-chlorine bleach. Tumble dry low. Cool iron. Do not dry clean.&nbsp;</li></ul>"
6905015631918,henley-onesie,MERGE,"
<p>Cut from a butter soft rib cotton and modal blend, our Henley Onesie features a semi-relaxed body with fit henley button detail at neckline. This style is designed for comfort.  </p>",,REPLACE,"<ul><li>Fits true to size, take your normal size</li><li>Designed for a semi-relaxed fit</li><li>48% cotton, 48% modal, 4% spandex</li><li>Model is 177 cm/5&#39;10&quot; and is wearing a size S</li><li>Machine wash cold with like colors. Non-chlorine bleach if needed. Tumble dry low. Cool iron. &nbsp;Do not dry clean.</li></ul>","<ul><li>Fits true to size, take your normal size</li><li>Designed for a semi-relaxed fit</li><li>48% cotton, 48% modal, 4% spandex</li><li>Model is 177 cm/5&#39;10&quot; and is wearing a size S</li><li>Machine wash cold with like colors. Non-chlorine bleach if needed. Tumble dry low. Cool iron. &nbsp;Do not dry clean.</li></ul>"
6905015697454,ls-raglan-sweatshirt-3,MERGE,"
<p>Cut from a butter soft French terry, our raglan long sleeve sweatshirt is a modern take on a vintage favorite. This classic ""V"" crewneck features a slight cropped length, comfortably loose body and raglan sleeves that instantly give it a lived-in feel.</p>
<p>Style with your favorite pair of jeans or make it a set with Éterne's <a href=""https://eterne.com/products/terry-boyfriend-short-2"">Terry Boyfriend Short</a>.</p>",,REPLACE,"<ul><li>Fits true to size, take your normal size</li><li>Designed for a loose fit&nbsp;</li><li>French Terry</li><li>77% Cotton 23% Modal</li><li>Model is 177 cm/5&#39;10&quot; and is wearing a size S</li><li>Machine wash cold with like colors. Do not bleach. Tumble dry low. Cool iron, if needed or dry clean.&nbsp;</li></ul>","<ul><li>Fits true to size, take your normal size</li><li>Designed for a loose fit&nbsp;</li><li>French Terry</li><li>77% Cotton 23% Modal</li><li>Model is 177 cm/5&#39;10&quot; and is wearing a size S</li><li>Machine wash cold with like colors. Do not bleach. Tumble dry low. Cool iron, if needed or dry clean.&nbsp;</li></ul>"
6905015730222,cropped-half-zip-sweatshirt,MERGE,"
<p>Cut from a butter soft cotton French terry, our cropped half zip sweatshirt is a modern take on a vintage favorite. This cropped sweatshirt features a half zip neckline and a comfortable loose body.</p>
<p>Style with your favorite pair of jeans or make it a set with <a href=""https://eterne.com/collections/terry/products/terry-boyfriend-short"">Éterne's Terry Boyfriend Short</a>, <a href=""https://eterne.com/collections/terry/products/classic-sweatpant-heather-grey"">Classic Sweatpants</a>, <a href=""https://eterne.com/collections/terry/products/straight-leg-sweatpant-heather-grey"">Straight Leg Sweatpants </a>or <a href=""https://eterne.com/collections/bottoms/products/short-biker"">Short Biker Short</a>.</p>",,REPLACE,"<ul><li>Fits true to size, take your normal size</li><li>Designed for a loose fit&nbsp;</li><li>French Terry</li><li>77% Cotton 23% Modal</li><li>Model is 177 cm/5&#39;10&quot; and is wearing a size S</li><li>Machine wash cold with like colors. Do not bleach. Tumble dry low. Cool iron, if needed or dry clean.&nbsp;</li></ul>","<ul><li>Fits true to size, take your normal size</li><li>Designed for a loose fit&nbsp;</li><li>French Terry</li><li>77% Cotton 23% Modal</li><li>Model is 177 cm/5&#39;10&quot; and is wearing a size S</li><li>Machine wash cold with like colors. Do not bleach. Tumble dry low. Cool iron, if needed or dry clean.&nbsp;</li></ul>"
6905015762990,cropped-half-zip-sweatshirt-1,MERGE,"
<p>Cut from a butter soft cotton French terry, our cropped half zip sweatshirt is a modern take on a vintage favorite. This cropped sweatshirt features a half zip neckline and a comfortable loose body.</p>
<p>Style with your favorite pair of jeans or make it a set with <a href=""https://eterne.com/collections/terry/products/terry-boyfriend-short"">Éterne's Terry Boyfriend Short</a>, <a href=""https://eterne.com/collections/terry/products/classic-sweatpant-black"">Classic Sweatpants</a>, <a href=""https://eterne.com/collections/terry/products/straight-leg-sweatpant-black"">Straight Leg Sweatpants</a> or <a href=""https://eterne.com/collections/bottoms/products/short-biker"">Short Biker Short</a>.</p>",,REPLACE,"<ul><li>Fits true to size, take your normal size</li><li>Designed for a loose fit&nbsp;</li><li>French Terry</li><li>77% Cotton 23% Modal</li><li>Model is 177 cm/5&#39;10&quot; and is wearing a size S</li><li>Machine wash cold with like colors. Do not bleach. Tumble dry low. Cool iron, if needed or dry clean.&nbsp;</li></ul>","<ul><li>Fits true to size, take your normal size</li><li>Designed for a loose fit&nbsp;</li><li>French Terry</li><li>77% Cotton 23% Modal</li><li>Model is 177 cm/5&#39;10&quot; and is wearing a size S</li><li>Machine wash cold with like colors. Do not bleach. Tumble dry low. Cool iron, if needed or dry clean.&nbsp;</li></ul>"
6905015795758,cropped-half-zip-sweatshirt-2,MERGE,"
<p>Cut from a butter soft cotton French terry, our cropped half zip sweatshirt is a modern take on a vintage favorite. This cropped sweatshirt features a half zip neckline and a comfortable loose body.</p>
<p>Style with your favorite pair of jeans or make it a set with <a href=""https://eterne.com/collections/terry/products/terry-boyfriend-short-1"">Éterne's Terry Boyfriend Short</a>, <a href=""https://eterne.com/collections/terry/products/classic-sweatpant-cream"">Classic Sweatpants</a>, <a href=""https://eterne.com/collections/terry/products/straight-leg-sweatpant-cream"">Straight Leg Sweatpants</a> or <a href=""https://eterne.com/collections/bottoms/products/short-biker"">Short Biker Short</a>.</p>",,REPLACE,"<ul><li>Fits true to size, take your normal size</li><li>Designed for a loose fit&nbsp;</li><li>French Terry</li><li>77% Cotton 23% Modal</li><li>Model is 177 cm/5&#39;10&quot; and is wearing a size S</li><li>Machine wash cold with like colors. Do not bleach. Tumble dry low. Cool iron, if needed or dry clean.&nbsp;</li></ul>","<ul><li>Fits true to size, take your normal size</li><li>Designed for a loose fit&nbsp;</li><li>French Terry</li><li>77% Cotton 23% Modal</li><li>Model is 177 cm/5&#39;10&quot; and is wearing a size S</li><li>Machine wash cold with like colors. Do not bleach. Tumble dry low. Cool iron, if needed or dry clean.&nbsp;</li></ul>"
6905015828526,emma-skirt-6,MERGE,"
<p>Our classic maxi skirt reimagined in super soft, featherweight cashmere. The ultimate day to night piece upgraded for comfort and luxury.<br></p>
<p>Style with Éterne's <a href=""https://eterne.com/collections/cashmere/products/willa-2"">Willa Bra</a>, <a href=""https://eterne.com/products/cropped-scoop-neck-tank-ivory"">Cropped Scoop Neck Tank Ivory</a>, and <a href=""https://eterne.com/collections/cashmere/products/james-sweater-oatmeal"">James Sweater</a>.</p>","Bottoms, Knitwear",REPLACE,"<ul><li>Fits true to size, take your normal size</li><li>Designed for a slim fit&nbsp;</li><li>100% Cashmere</li><li>Model is 177 cm/5&#39;10&quot; and is wearing a size S</li><li>Dry clean only</li><li>Use flat lay image as color reference</li></ul>","<ul><li>Fits true to size, take your normal size</li><li>Designed for a slim fit&nbsp;</li><li>100% Cashmere</li><li>Model is 177 cm/5&#39;10&quot; and is wearing a size S</li><li>Dry clean only</li><li>Use flat lay image as color reference</li></ul>"
6905015861294,brady,MERGE,"
Cut from a medium weight, butter soft cashmere, our Brady sweater features a relaxed oversized body with polo detail. <br><br>Style with your favorite pair of jeans or make it a set with Éterne's <a href=""https://eterne.com/products/emma-skirt-4"">Emma Cashmere Skirt</a>, <a href=""https://eterne.com/collections/bottoms/products/short-biker"">Short Biker Short</a> or ,<a href=""https://eterne.com/collections/terry/products/classic-sweatpant-heather-brown"">Classic Sweatpant</a>.",Knitwear,REPLACE,"<ul><li>Fits true to size, take your normal size</li><li>Designed for a loose fit&nbsp;</li><li>100% Cashmere</li><li>Model is 177 cm/5&#39;10&quot; and is wearing a size XS/S</li><li>Dry clean only</li></ul>","<ul><li>Fits true to size, take your normal size</li><li>Designed for a loose fit&nbsp;</li><li>100% Cashmere</li><li>Model is 177 cm/5&#39;10&quot; and is wearing a size XS/S</li><li>Dry clean only</li></ul>"
6905015894062,brady-1,MERGE,"
<p>Cut from a medium weight, butter soft cashmere, our Brady sweater features a relaxed oversized body with polo detail. <br><br>Style with your favorite pair of jeans or make it a set with Éterne's <a href=""https://eterne.com/products/emma-skirt-6"">Emma Cashmere Skirt</a>, <a href=""https://eterne.com/collections/bottoms/products/short-biker"">Short Biker Short</a> or <a href=""https://eterne.com/collections/terry/products/classic-sweatpant-cream"">Classic Sweatpant</a>.</p>",Knitwear,REPLACE,"<ul><li>Fits true to size, take your normal size</li><li>Designed for a loose fit&nbsp;</li><li>100% Cashmere</li><li>Model is 177 cm/5&#39;10&quot; and is wearing a size XS/S</li><li>Dry clean only</li><li>Use flat lay image as color reference</li></ul>","<ul><li>Fits true to size, take your normal size</li><li>Designed for a loose fit&nbsp;</li><li>100% Cashmere</li><li>Model is 177 cm/5&#39;10&quot; and is wearing a size XS/S</li><li>Dry clean only</li><li>Use flat lay image as color reference</li></ul>"
6905015926830,willa,MERGE,"
<p>Cut from our lightweight butter soft cashmere, the Willa bra features a flattering neckline and a soft underband for light support.<br></p>
<p>Style with Éterne's <a href=""https://eterne.com/products/emma-skirt-2"">Emma Skirt Cashmere</a> and <a href=""https://eterne.com/products/theodore"">Theodore Cardigan</a>.</p>",Knitwear,REPLACE,"<ul><li>Fits true to size, take your normal size</li><li>Designed for a light, everyday support</li><li>100% Cashmere</li><li>Model is 177 cm/5&#39;10&quot; and is wearing a size S</li><li>Dry clean only</li></ul>","<ul><li>Fits true to size, take your normal size</li><li>Designed for a light, everyday support</li><li>100% Cashmere</li><li>Model is 177 cm/5&#39;10&quot; and is wearing a size S</li><li>Dry clean only</li></ul>"
6905015992366,willa-1,MERGE,"
<p>Cut from our lightweight butter soft cashmere, the Willa bra features a flattering neckline and a soft underband for light support.<br></p>
<p>Style with Éterne's <a href=""https://eterne.com/products/emma-skirt-4"">Emma Skirt Cashmere</a> and <a href=""https://eterne.com/products/theodore-3"">Theodore Cardigan</a>.</p>",Knitwear,REPLACE,"<ul><li>Fits true to size, take your normal size</li><li>Designed for a light, everyday support</li><li>100% Cashmere</li><li>Model is 177 cm/5&#39;10&quot; and is wearing a size S</li><li>Dry clean only</li></ul>","<ul><li>Fits true to size, take your normal size</li><li>Designed for a light, everyday support</li><li>100% Cashmere</li><li>Model is 177 cm/5&#39;10&quot; and is wearing a size S</li><li>Dry clean only</li></ul>"
6905016025134,willa-2,MERGE,"
<p>Cut from our lightweight butter soft cashmere, the Willa bra features a flattering neckline and a soft underband for light support.<br></p>
<p>Style with Éterne's <a href=""https://eterne.com/collections/cashmere/products/emma-skirt-6"">Emma Skirt Cashmere</a>.</p>",Knitwear,REPLACE,"<ul><li>Fits true to size, take your normal size</li><li>Designed for a light, everyday support</li><li>100% Cashmere</li><li>Model is 177 cm/5&#39;10&quot; and is wearing a size S</li><li>Dry clean only</li><li>Use flat lay image as color reference</li></ul>","<ul><li>Fits true to size, take your normal size</li><li>Designed for a light, everyday support</li><li>100% Cashmere</li><li>Model is 177 cm/5&#39;10&quot; and is wearing a size S</li><li>Dry clean only</li><li>Use flat lay image as color reference</li></ul>"
6905016057902,lenny,MERGE,"
<p>Cut from a lightweight, butter soft cashmere, our Lenny V neck sweater vest features a cropped length with a comfortably fitted body.</p>
<p>Style with Éterne's <a href=""https://eterne.com/collections/cashmere/products/emma-skirt-2"">Emma Cashmere Skirt.</a></p>",Knitwear,REPLACE,"<ul><li>Fits true to size, take your normal size</li><li>Designed for a slim fit&nbsp;</li><li>100% Cashmere</li><li>Model is 177 cm/5&#39;10&quot; and is wearing a size S</li><li>&nbsp;Dry clean only</li></ul>","<ul><li>Fits true to size, take your normal size</li><li>Designed for a slim fit&nbsp;</li><li>100% Cashmere</li><li>Model is 177 cm/5&#39;10&quot; and is wearing a size S</li><li>&nbsp;Dry clean only</li></ul>"
6905016090670,lenny-1,MERGE,"
<p>Cut from a lightweight, butter soft cashmere, our Lenny V neck sweater vest features a cropped length with a comfortably fitted body.</p>
<p>Style with Éterne's <a href=""https://eterne.com/collections/cashmere/products/emma-skirt-6"">Emma Cashmere Skirt.</a></p>",Knitwear,REPLACE,"<ul><li>Fits true to size, take your normal size</li><li>Designed for a slim fit&nbsp;</li><li>100% Cashmere</li><li>Model is 177 cm/5&#39;10&quot; and is wearing a size S</li><li>&nbsp;Dry clean only</li><li>Use flat lay image as color reference</li><br></ul>","<ul><li>Fits true to size, take your normal size</li><li>Designed for a slim fit&nbsp;</li><li>100% Cashmere</li><li>Model is 177 cm/5&#39;10&quot; and is wearing a size S</li><li>&nbsp;Dry clean only</li><li>Use flat lay image as color reference</li><br></ul>"
6905016123438,james-sweater-oatmeal,MERGE,"
Cut from a medium weight, butter soft cashmere, our James sweater is the perfect everyday essential. <br><br>Style with your favorite pair of jeans or make it a set with Éterne's <a href=""https://eterne.com/products/emma-skirt-6"">Emma Cashmere Skirt</a>.",Knitwear,REPLACE,"<ul><li>Fits true to size, take your normal size</li><li>Designed for a loose comfortable fit&nbsp;</li><li>100% Cashmere</li><li>Model is 177 cm/5&#39;10&quot; and is wearing a size S</li><li>Dry clean only</li><li>Use flat lay image as color reference</li></ul>","<ul><li>Fits true to size, take your normal size</li><li>Designed for a loose comfortable fit&nbsp;</li><li>100% Cashmere</li><li>Model is 177 cm/5&#39;10&quot; and is wearing a size S</li><li>Dry clean only</li><li>Use flat lay image as color reference</li></ul>"
6905016156206,francis-top-1,MERGE,"
<p>Cut from a lightweight, butter soft cashmere, our Francis sweater features a slight cropped length with a comfortably fitted body. The Francis is<span> </span>the perfect day to night essential. </p>
<p>Style with your favorite pair of jeans or make it a set with Éterne's <a href=""https://eterne.com/collections/cashmere/products/emma-skirt-6"">Emma Cashmere Skirt.</a></p>",Knitwear,REPLACE,"<ul><li>Runs small, size up</li><li>Designed for a slim fit&nbsp;</li><li>100% Cashmere</li><li>Model is 177 cm/5&#39;10&quot; and is wearing a size S</li><li>Dry clean only</li><li>Use flat lay image as color reference</li></ul>","<ul><li>Runs small, size up</li><li>Designed for a slim fit&nbsp;</li><li>100% Cashmere</li><li>Model is 177 cm/5&#39;10&quot; and is wearing a size S</li><li>Dry clean only</li><li>Use flat lay image as color reference</li></ul>"
6928616751150,terry-boyfriend-short-2,MERGE,"
<p><meta charset=""utf-8""><span>Éterne’s terry boyfriend short is crafted from a butter soft french terry cotton and modal blend,
offering a relaxed fit and a unisex look—a versatile essential for everyday wear. </span></p>
<p>Style with your favorite tank, white tee or make it a set with Éterne's <a href=""https://eterne.com/products/ls-raglan-sweatshirt-3"">Long Sleeve Raglan Sweatshirt</a>.</p>",Bottoms,REPLACE,"<ul><li>Fits true to size, take your normal size</li><li>Designed for a slim fit&nbsp;</li><li>77% Cotton 23% Modal</li><li>Model is 179 cm/5&#39;10.5&quot; and is wearing a size S</li><li>Machine wash cold with like colors. Non-chlorine bleach if needed. Tumble dry low. Cool iron. Do not dry clean.&nbsp;</li></ul>","<ul><li>Fits true to size, take your normal size</li><li>Designed for a slim fit&nbsp;</li><li>77% Cotton 23% Modal</li><li>Model is 179 cm/5&#39;10.5&quot; and is wearing a size S</li><li>Machine wash cold with like colors. Non-chlorine bleach if needed. Tumble dry low. Cool iron. Do not dry clean.&nbsp;</li></ul>"
6939291811886,test-product-for-searchspring,MERGE,,,REPLACE,<ul>undefined,<ul>undefined
6944845889582,classic-sweatpant-clay,MERGE,"
Cut from a butter soft French terry, our classic leg sweatpant features a loose and comfortable fit, relaxed elastic waistband and Éterne's signature extra long inseam for a flattering silhouette.<br><br>Style with your favorite tank or white tee or make it a set with <a href=""https://eterne.com/products/oversized-crewneck-sweatshirt-clay"">Éterne's Oversized Crewneck Sweatshirt</a>.
<p> </p>",Bottoms,REPLACE,"<ul><li>Fits true to size, take your normal size</li><li>Designed for a loose fit</li><li>French Terry</li><li>77% Cotton 23% Modal</li><li>Model is 177 cm/5&#39;10&quot; and is wearing a size S</li><li>Machine wash cold with like colors. Do not bleach. Tumble dry low. Cool iron, if needed or dry clean.&nbsp;</li></ul>","<ul><li>Fits true to size, take your normal size</li><li>Designed for a loose fit</li><li>French Terry</li><li>77% Cotton 23% Modal</li><li>Model is 177 cm/5&#39;10&quot; and is wearing a size S</li><li>Machine wash cold with like colors. Do not bleach. Tumble dry low. Cool iron, if needed or dry clean.&nbsp;</li></ul>"
6944845922350,straight-leg-sweatpant-clay,MERGE,"
<p>Cut from a butter soft French terry, our straight leg sweatpant features a loose and comfortable fit, relaxed waistband and Éterne's signature extra long inseam for a flattering silhouette.</p>
<p>Style with your favorite tank or white tee or make it a set with Éterne's <a href=""https://eterne.com/products/ls-raglan-sweatshirt-4"">Long Sleeve Raglan Sweatshirt</a>.</p>",Bottoms,REPLACE,<ul>undefined,<ul>undefined
6944845955118,shrunken-raglan-sweatshirt-clay,MERGE,"
<p>Cut from a butter soft French terry, our shrunken raglan sweatshirt is a modern take on a vintage favorite. This classic crewneck features a slight cropped length, comfortably fitted body and raglan sleeves that instantly give it a lived-in feel.</p>
<p>Style with your favorite pair of jeans or make it a set with Éterne's <a href=""https://eterne.com/products/classic-sweatpant-clay"">Classic Sweatpant</a>.</p>",,REPLACE,"<ul><li>Runs small, size up</li><li>Designed for a slim fit&nbsp;</li><li>French Terry</li><li>50% Cotton 50% Modal</li><li>Model is 177 cm/5&#39;10&quot; and is wearing a size S</li><li>Machine wash cold with like colors. Do not bleach. Tumble dry low. Cool iron, if needed or dry clean.&nbsp;</li></ul>","<ul><li>Runs small, size up</li><li>Designed for a slim fit&nbsp;</li><li>French Terry</li><li>50% Cotton 50% Modal</li><li>Model is 177 cm/5&#39;10&quot; and is wearing a size S</li><li>Machine wash cold with like colors. Do not bleach. Tumble dry low. Cool iron, if needed or dry clean.&nbsp;</li></ul>"
6944845987886,oversized-crewneck-sweatshirt-clay,MERGE,"
Cut from a butter soft French terry, our oversized crewneck sweatshirt is a modern take on a vintage favorite. This classic crewneck features a loose, oversized comfortable fit with dropped shoulders and cuffs at the sleeves and waistband. <br><br>Style with your favorite pair of jeans or make it a set with <a href=""https://eterne.com/products/classic-sweatpant-clay"">Éterne's Classic Sweatpant</a>.
<p> </p>",,REPLACE,"<ul><li>Fits true to size, take your normal size</li><li>Designed for a loose fit&nbsp;</li><li>French Terry</li><li>77% Cotton 23% Modal</li><li>Model is 177 cm/5&#39;10&quot; and is wearing a size S</li><li>Machine wash cold with like colors. Do not bleach. Tumble dry low. Cool iron, if needed or dry clean.&nbsp;</li></ul>","<ul><li>Fits true to size, take your normal size</li><li>Designed for a loose fit&nbsp;</li><li>French Terry</li><li>77% Cotton 23% Modal</li><li>Model is 177 cm/5&#39;10&quot; and is wearing a size S</li><li>Machine wash cold with like colors. Do not bleach. Tumble dry low. Cool iron, if needed or dry clean.&nbsp;</li></ul>"
6944846020654,terry-raglan-cutoff-top-2,MERGE,"
<p><meta charset=""utf-8""><span>Cut from a butter soft French terry, our Raglan Cutoff Top is a modern take on a vintage favorite. This classic ""V"" crewneck features a slight cropped length, comfortably loose body and cutoff raglan sleeves that instantly give it a lived-in feel. </span></p>
<p>Style with your favorite pair of jeans or make it a set with Éterne's <a href=""https://eterne.com/products/terry-boyfriend-short-3"">Terry Raglan Boyfriend Short</a>.</p>",Tops,REPLACE,"<ul><li>Fits true to size, take your normal size</li><li>Designed for a slim fit&nbsp;</li><li>77% Cotton 23% Modal</li><li>Model is 179 cm/5&#39;10.5&quot; and is wearing a size S</li><li>Machine wash cold with like colors. Non-chlorine bleach if needed. Tumble dry low. Cool iron. Do not dry clean.&nbsp;</li></ul>","<ul><li>Fits true to size, take your normal size</li><li>Designed for a slim fit&nbsp;</li><li>77% Cotton 23% Modal</li><li>Model is 179 cm/5&#39;10.5&quot; and is wearing a size S</li><li>Machine wash cold with like colors. Non-chlorine bleach if needed. Tumble dry low. Cool iron. Do not dry clean.&nbsp;</li></ul>"
6944846053422,terry-boyfriend-short-3,MERGE,"
<p><meta charset=""utf-8""><span>Éterne’s terry boyfriend short is crafted from a butter soft french terry cotton and modal blend,
offering a relaxed fit and a unisex look—a versatile essential for everyday wear. </span></p>
<p>Style with your favorite tank, white tee or make it a set with Éterne's <a href=""https://eterne.com/products/terry-raglan-cutoff-top-2"">Terry Raglan Cutoff Top</a>.</p>",Bottoms,REPLACE,"<ul><li>Fits true to size, take your normal size</li><li>Designed for a slim fit&nbsp;</li><li>77% Cotton 23% Modal</li><li>Model is 179 cm/5&#39;10.5&quot; and is wearing a size S</li><li>Machine wash cold with like colors. Non-chlorine bleach if needed. Tumble dry low. Cool iron. Do not dry clean.&nbsp;</li></ul>","<ul><li>Fits true to size, take your normal size</li><li>Designed for a slim fit&nbsp;</li><li>77% Cotton 23% Modal</li><li>Model is 179 cm/5&#39;10.5&quot; and is wearing a size S</li><li>Machine wash cold with like colors. Non-chlorine bleach if needed. Tumble dry low. Cool iron. Do not dry clean.&nbsp;</li></ul>"
6945082179630,ls-raglan-sweatshirt-4,MERGE,"
<p>Cut from a butter soft cotton French terry, our long sleeve Raglan sweatshirt is a modern take on a vintage favorite. This cropped sweatshirt features a raw edge V slit neckline, a comfortable loose body and <meta charset=""utf-8""><span data-mce-fragment=""1"">Éterne's signature extra long sleeves.</span></p>
<p>Style with your favorite pair of jeans or make it a set with <a href=""https://eterne.com/products/straight-leg-sweatpant-clay"">Éterne's Straight Leg Sweatpant</a>.</p>",,REPLACE,"<ul><li>Fits true to size, take your normal size</li><li>Designed for a loose fit&nbsp;</li><li>French Terry</li><li>77% Cotton 23% Modal</li><li>Model is 177 cm/5&#39;10&quot; and is wearing a size S</li><li>Machine wash cold with like colors. Do not bleach. Tumble dry low. Cool iron, if needed or dry clean.&nbsp;</li></ul>","<ul><li>Fits true to size, take your normal size</li><li>Designed for a loose fit&nbsp;</li><li>French Terry</li><li>77% Cotton 23% Modal</li><li>Model is 177 cm/5&#39;10&quot; and is wearing a size S</li><li>Machine wash cold with like colors. Do not bleach. Tumble dry low. Cool iron, if needed or dry clean.&nbsp;</li></ul>"
6945236615214,oversized-polo-sweatshirt,MERGE,"
Cut from a butter soft cotton French terry, our oversized polo sweatshirt is a modern take on a vintage favorite. This sweatshirt features a relaxed, oversized body with polo detail. <br><br>Style with your favorite pair of jeans or make it a set with <a href=""https://eterne.com/collections/terry/products/terry-boyfriend-short-1"">Éterne's Terry Boyfriend Short</a><a href=""https://eterne.com/products/classic-sweatpant-heather-grey"">, </a><a href=""https://eterne.com/collections/terry/products/classic-sweatpant-cream"">Classic Sweatpant</a>, <a href=""https://eterne.com/collections/terry/products/straight-leg-sweatpant-cream"">Straight Leg Sweatpants</a> and <a href=""https://eterne.com/collections/bottoms/products/short-biker"">Short Biker Short</a>.
<p> </p>",,REPLACE,"<ul><li>Fits true to size, take your normal size</li><li>Designed for a loose fit&nbsp;</li><li>French Terry</li><li>77% Cotton 23% Modal</li><li>Model is 177 cm/5&#39;10&quot; and is wearing a size S</li><li>Machine wash cold with like colors. Do not bleach. Tumble dry low. Cool iron, if need or dry clean.</li></ul>","<ul><li>Fits true to size, take your normal size</li><li>Designed for a loose fit&nbsp;</li><li>French Terry</li><li>77% Cotton 23% Modal</li><li>Model is 177 cm/5&#39;10&quot; and is wearing a size S</li><li>Machine wash cold with like colors. Do not bleach. Tumble dry low. Cool iron, if need or dry clean.</li></ul>"
6945236647982,oversized-polo-sweatshirt-1,MERGE,"
Cut from a butter soft cotton French terry, our oversized polo sweatshirt is a modern take on a vintage favorite. This sweatshirt features a relaxed, oversized body with polo detail. <br><br>Style with your favorite pair of jeans or make it a set with <a href=""https://eterne.com/products/classic-sweatpant-heather-grey"">Éterne's </a><a href=""https://eterne.com/collections/terry/products/terry-boyfriend-short"">Terry Boyfriend Short</a><a href=""https://eterne.com/products/classic-sweatpant-heather-grey"">, </a><a href=""https://eterne.com/collections/terry/products/classic-sweatpant-heather-grey"">Classic Sweatpant</a>, <a href=""https://eterne.com/collections/terry/products/straight-leg-sweatpant-heather-grey"">Straight Leg Sweatpants</a> and <a href=""https://eterne.com/collections/bottoms/products/short-biker"">Short Biker Short</a>.
<p> </p>",,REPLACE,"<ul><li>Fits true to size, take your normal size</li><li>Designed for a loose fit&nbsp;</li><li>French Terry</li><li>77% Cotton 23% Modal</li><li>Model is 177 cm/5&#39;10&quot; and is wearing a size S</li><li>Machine wash cold with like colors. Do not bleach. Tumble dry low. Cool iron, if need or dry clean.</li></ul>","<ul><li>Fits true to size, take your normal size</li><li>Designed for a loose fit&nbsp;</li><li>French Terry</li><li>77% Cotton 23% Modal</li><li>Model is 177 cm/5&#39;10&quot; and is wearing a size S</li><li>Machine wash cold with like colors. Do not bleach. Tumble dry low. Cool iron, if need or dry clean.</li></ul>"
6945236680750,luna,MERGE,"
<p>Our Luna mini skirt is cut from lightweight, butter soft stretch cashmere. <br></p>
<p>Style with Éterne's <a href=""https://eterne.com/products/paige"">Paige Vest</a>, <a href=""https://eterne.com/collections/cashmere/products/francis"">Francis Sweater</a>, <a href=""https://eterne.com/collections/cashmere/products/james"">James Sweater</a>, <a href=""https://eterne.com/collections/cashmere/products/poppy-1"">Poppy Cardigan</a>, <a href=""https://eterne.com/collections/cashmere/products/cheyenne-1"">Cheyenne Sweater</a>, or <a href=""https://eterne.com/collections/cashmere/products/ines-1"">Ines Tank</a>.</p>",Knitwear,REPLACE,<ul>undefined,<ul>undefined
6945236713518,luna-1,MERGE,"
<p>Our Luna mini skirt is cut from lightweight, butter soft stretch cashmere. <br></p>
<p>Style with Éterne's <a href=""https://eterne.com/products/paige"">Paige Vest</a>, <a href=""https://eterne.com/collections/cashmere/products/francis-top"">Francis Sweater</a>, <a href=""https://eterne.com/collections/cashmere/products/james-sweater-millet"">James Sweater</a>, <a href=""https://eterne.com/collections/cashmere/products/poppy"">Poppy Cardigan</a>, <a href=""https://eterne.com/collections/cashmere/products/cheyenne"">Cheyenne Sweater</a>, or <a href=""https://eterne.com/collections/cashmere/products/ines"">Ines Tank</a>.</p>",Knitwear,REPLACE,<ul>undefined,<ul>undefined
6945236746286,paige,MERGE,"
<p>Cut from a medium weight butter soft cashmere, our Paige vest features a cropped length and slim fit button up body.</p>
<p>Style with Éterne's <a href=""https://eterne.com/products/luna"">Luna Cashmere Skirt</a> and <a href=""https://eterne.com/collections/cashmere/products/emma-skirt-2"">Emma Cashmere Skirt.</a></p>",Knitwear,REPLACE,"<ul><li>Fits true to size, take your normal size</li><li>Designed for a slim fit&nbsp;</li><li>100% Cashmere</li><li>Model is 177 cm/5&#39;10&quot; and is wearing a size S</li><li>&nbsp;Dry clean only</li></ul>","<ul><li>Fits true to size, take your normal size</li><li>Designed for a slim fit&nbsp;</li><li>100% Cashmere</li><li>Model is 177 cm/5&#39;10&quot; and is wearing a size S</li><li>&nbsp;Dry clean only</li></ul>"
6945236779054,paige-1,MERGE,"
<p><meta charset=""utf-8""><span>C</span><span>ut from a medium weight butter soft cashmere, our Paige vest features a cropped length and slim fit button up body.</span></p>
<p>Style with Éterne's Luna Cashmere Skirt and <a href=""https://eterne.com/collections/cashmere/products/emma-skirt-2"">Emma Cashmere Skirt.</a></p>",Knitwear,REPLACE,"<ul><li>Fits true to size, take your normal size</li><li>Designed for a slim fit&nbsp;</li><li>100% Cashmere</li><li>Model is 177 cm/5&#39;10&quot; and is wearing a size S</li><li>&nbsp;Dry clean only</li></ul>","<ul><li>Fits true to size, take your normal size</li><li>Designed for a slim fit&nbsp;</li><li>100% Cashmere</li><li>Model is 177 cm/5&#39;10&quot; and is wearing a size S</li><li>&nbsp;Dry clean only</li></ul>"
6945236811822,clive,MERGE,"
Cut from a medium weight, butter soft cashmere, our Clive V-neck sweater is the perfect everyday essential. <br><br>Style with your favorite pair of jeans or make it a set with Éterne's <a href=""https://eterne.com/products/emma-skirt-2"">Emma Cashmere Skirt</a>.",Knitwear,REPLACE,"<ul><li>Fits true to size, take your normal size</li><li>Designed for a loose comfortable fit&nbsp;</li><li>100% Cashmere</li><li>Model is 177 cm/5&#39;10&quot; and is wearing a size XS/S</li><li>Dry clean only</li><li>Use flat lay images as color reference</li></ul>","<ul><li>Fits true to size, take your normal size</li><li>Designed for a loose comfortable fit&nbsp;</li><li>100% Cashmere</li><li>Model is 177 cm/5&#39;10&quot; and is wearing a size XS/S</li><li>Dry clean only</li><li>Use flat lay images as color reference</li></ul>"
6945236844590,clive-1,MERGE,"
Cut from a medium weight, butter soft cashmere, our Clive V-neck sweater is the perfect everyday essential. <br><br>Style with your favorite pair of jeans or make it a set with Éterne's <a href=""https://eterne.com/products/emma-skirt-1"">Emma Cashmere Skirt</a>.",Knitwear,REPLACE,"<ul><li>Fits true to size, take your normal size</li><li>Designed for a loose comfortable fit&nbsp;</li><li>100% Cashmere</li><li>Model is 177 cm/5&#39;10&quot; and is wearing a size XS/S</li><li>Dry clean only</li><li>Use flat lay images as color reference</li></ul>","<ul><li>Fits true to size, take your normal size</li><li>Designed for a loose comfortable fit&nbsp;</li><li>100% Cashmere</li><li>Model is 177 cm/5&#39;10&quot; and is wearing a size XS/S</li><li>Dry clean only</li><li>Use flat lay images as color reference</li></ul>"
6950602997806,long-sleeve-fitted-top-clay,MERGE,"
<p data-mce-fragment=""1"">Cut from a butter soft ribbed cotton and modal blend, our long sleeve fitted top is form-fitting, ultra flattering and lightweight. This top is the perfect everyday essential.<br></p>
<p data-mce-fragment=""1"">Style with your favorite pair of jeans, leather pants, or layered under an oversized blazer or under a pantsuit.</p>","Tops, T-shirts",REPLACE,"<ul><li>Fits true to size, take your normal size</li><li>Designed for a slim fit&nbsp;</li><li>48% Cotton 48% Modal 4% Spandex</li><li>Model is 177 cm/5&#39;10&quot; and is wearing a size S</li><li>Machine wash cold. Non-chlorine bleach. Tumble dry low. Cool iron. Do not dry clean.&nbsp;</li></ul>","<ul><li>Fits true to size, take your normal size</li><li>Designed for a slim fit&nbsp;</li><li>48% Cotton 48% Modal 4% Spandex</li><li>Model is 177 cm/5&#39;10&quot; and is wearing a size S</li><li>Machine wash cold. Non-chlorine bleach. Tumble dry low. Cool iron. Do not dry clean.&nbsp;</li></ul>"
6950603030574,tank-maxi-dress,MERGE,"
<p><span>Éterne's tank maxi dress is crafted from a butter soft ribbed cotton and modal blend, offering a slim fit and a maxi length—a versatile essential for everyday wear.</span></p>
<p><span>Style with your favorite oversized blazer and a pair of knee high boots, or over your bikini as the perfect summer cover-up.</span></p>","Dresses, Maxi",REPLACE,"<ul><li>Fits true to size, take your normal size</li><li>Designed for a slim fit&nbsp;</li><li>48% Cotton 48% Modal 4% Spandex</li><li>Model is 177 cm/5&#39;10&quot; and is wearing a size S</li><li>Machine wash cold. Non-chlorine bleach. Tumble dry low. Cool iron. Do not dry clean.&nbsp;</li></ul>","<ul><li>Fits true to size, take your normal size</li><li>Designed for a slim fit&nbsp;</li><li>48% Cotton 48% Modal 4% Spandex</li><li>Model is 177 cm/5&#39;10&quot; and is wearing a size S</li><li>Machine wash cold. Non-chlorine bleach. Tumble dry low. Cool iron. Do not dry clean.&nbsp;</li></ul>"
6950603063342,long-sleeve-crewneck-mini-dress,MERGE,"
<p>Éterne's long sleeve crewneck mini dress is crafted from a butter soft ribbed cotton and modal blend, offering a slim fit and a mini length—a versatile essential for everyday wear.<br></p>
<p>Style with your favorite oversized blazer or a pair of high knee boots.</p>","Dresses, Mini",REPLACE,"<ul><li>Fits true to size, take your normal size</li><li>Designed for a slim fit&nbsp;</li><li>48% Cotton 48% Modal 4% Spandex</li><li>Model is 177 cm/5&#39;10&quot; and is wearing a size S</li><li>Machine wash cold. Non-chlorine bleach. Tumble dry low. Cool iron. Do not dry clean.&nbsp;</li></ul>","<ul><li>Fits true to size, take your normal size</li><li>Designed for a slim fit&nbsp;</li><li>48% Cotton 48% Modal 4% Spandex</li><li>Model is 177 cm/5&#39;10&quot; and is wearing a size S</li><li>Machine wash cold. Non-chlorine bleach. Tumble dry low. Cool iron. Do not dry clean.&nbsp;</li></ul>"
6950603096110,long-sleeve-crewneck-maxi-dress,MERGE,"
<p>Éterne's long sleeve crewneck maxi dress is crafted from a butter soft ribbed cotton and modal blend, offering a slim fit and a maxi length—a versatile essential for everyday wear.</p>
<p>Style with your favorite oversized blazer and a pair of knee high boots.<br></p>","Dresses, Maxi",REPLACE,"<ul><li>Fits true to size, take your normal size</li><li>Designed for a slim fit&nbsp;</li><li>48% Cotton 48% Modal 4% Spandex</li><li>Model is 177 cm/5&#39;10&quot; and is wearing a size S</li><li>Machine wash cold. Non-chlorine bleach. Tumble dry low. Cool iron. Do not dry clean.&nbsp;</li></ul>","<ul><li>Fits true to size, take your normal size</li><li>Designed for a slim fit&nbsp;</li><li>48% Cotton 48% Modal 4% Spandex</li><li>Model is 177 cm/5&#39;10&quot; and is wearing a size S</li><li>Machine wash cold. Non-chlorine bleach. Tumble dry low. Cool iron. Do not dry clean.&nbsp;</li></ul>"
6950603128878,high-neck-fitted-tank-4,MERGE,"
<p><meta charset=""utf-8"">Éterne's high neck fitted tank is crafted from a butter soft ribbed cotton and modal blend, offering a slim fit and a full length<meta charset=""utf-8"">—a versatile essential for everyday wear.</p>
<p>Style with your favorite high-rise jeans, leather pants, or pair with Éterne's <a href=""https://eterne.com/products/classic-sweatpant-clay"">Classic Sweatpant</a> as a set. </p>",Tanks,REPLACE,"<ul><li>Fits true to size, take your normal size</li><li>Designed for a slim fit</li><li>48% Cotton, 48% Modal, 4% Spandex</li><li>Model is 177 cm/5&#39;10&quot; and is wearing a size S</li><li><span style=""font-size:11pt;font-family:Arial;color:#454545;background-color:transparent;font-weight:400;font-style:normal;font-variant:normal;text-decoration:none;vertical-align:baseline;white-space:pre;white-space:pre-wrap;"">Machine wash cold. Non-chlorine bleach. Tumble dry low. Cool iron. Do not dry clean.&nbsp;</span></li></ul>","<ul><li>Fits true to size, take your normal size</li><li>Designed for a slim fit</li><li>48% Cotton, 48% Modal, 4% Spandex</li><li>Model is 177 cm/5&#39;10&quot; and is wearing a size S</li><li><span style=""font-size:11pt;font-family:Arial;color:#454545;background-color:transparent;font-weight:400;font-style:normal;font-variant:normal;text-decoration:none;vertical-align:baseline;white-space:pre;white-space:pre-wrap;"">Machine wash cold. Non-chlorine bleach. Tumble dry low. Cool iron. Do not dry clean.&nbsp;</span></li></ul>"
6950603161646,emma-skirt-5,MERGE,"
<p>Our classic maxi skirt cut from a butter soft rib cotton and modal blend, the Emma Butter Rib skirt is form-fitting and lightweight.<br></p>
<p>Style with Éterne's <a href=""https://eterne.com/collections/t-shirt-styles/products/cropped-long-sleeve-fitted-top-black""> Cropped Long Sleeve Fitted Top</a> or <a href=""https://eterne.com/collections/t-shirt-styles/products/cropped-fitted-turtleneck-top-black"">Cropped Fitted Turtleneck Top</a>.</p>",Bottoms,REPLACE,"<ul><li>Fits true to size, take your normal size</li><li>Designed for a slim fit&nbsp;</li><li>48% Cotton, 48% Modal, 4% Spandex</li><li>Model is 177 cm/5&#39;10&quot; and is wearing a size S</li><li>Machine wash cold. Non-chlorine bleach. Tumble dry low. Do not dry clean.</li></ul>","<ul><li>Fits true to size, take your normal size</li><li>Designed for a slim fit&nbsp;</li><li>48% Cotton, 48% Modal, 4% Spandex</li><li>Model is 177 cm/5&#39;10&quot; and is wearing a size S</li><li>Machine wash cold. Non-chlorine bleach. Tumble dry low. Do not dry clean.</li></ul>"
6950603194414,emma-skirt-7,MERGE,"
<p>Our classic maxi skirt cut from a butter soft rib cotton and modal blend, the Emma Butter Rib skirt is form-fitting and lightweight.<br></p>
<p>Style with Éterne's <a href=""https://eterne.com/collections/t-shirt-styles/products/cropped-long-sleeve-fitted-top-cream""> Cropped Long Sleeve Fitted Top</a> or <a href=""https://eterne.com/collections/t-shirt-styles/products/cropped-fitted-turtleneck-top-cream"">Cropped Fitted Turtleneck Top</a>.</p>",Bottoms,REPLACE,"<ul><li>Fits true to size, take your normal size</li><li>Designed for a slim fit&nbsp;</li><li>48% Cotton, 48% Modal, 4% Spandex</li><li>Model is 177 cm/5&#39;10&quot; and is wearing a size S</li><li>Machine wash cold. Non-chlorine bleach. Tumble dry low. Do not dry clean.</li></ul>","<ul><li>Fits true to size, take your normal size</li><li>Designed for a slim fit&nbsp;</li><li>48% Cotton, 48% Modal, 4% Spandex</li><li>Model is 177 cm/5&#39;10&quot; and is wearing a size S</li><li>Machine wash cold. Non-chlorine bleach. Tumble dry low. Do not dry clean.</li></ul>"
6950603259950,emma-skirt-8,MERGE,"
<p>Our classic maxi skirt cut from a butter soft rib cotton and modal blend, the Emma Butter Rib skirt is form-fitting and lightweight.<br></p>
<p>Style with Éterne's <a href=""https://eterne.com/products/short-sleeve-baby-tee-earth""> Short Sleeve Baby Tee</a> or <a href=""https://eterne.com/products/high-neck-fitted-tank-5"">High Neck Fitted  Tank</a>.</p>",Bottoms,REPLACE,<ul>undefined,<ul>undefined
6950603292718,high-rise-legging-1,MERGE,"
High waisted and cut to flatter, these soft jersey leggings are the perfect combination of luxury and comfort.<br><br>Style with your favorite tank or white tee or make it a set with <a href=""https://eterne.com/products/sports-bra-1"">Éterne's Soft Jersey Sports Bra</a>.
<p> </p>",Bottoms,REPLACE,"<ul><li>Fits true to size, take your normal size</li><li>89% Modal / 11% Lycra&nbsp;</li><li>Model is 177 cm/5&#39;10&quot; and is wearing a size S</li><li>Machine wash cold. Non-chlorine bleach. Tumble dry low. Cool iron.</li></ul>","<ul><li>Fits true to size, take your normal size</li><li>89% Modal / 11% Lycra&nbsp;</li><li>Model is 177 cm/5&#39;10&quot; and is wearing a size S</li><li>Machine wash cold. Non-chlorine bleach. Tumble dry low. Cool iron.</li></ul>"
6950603325486,boy-short-1,MERGE,"
Full coverage meets a flattering, feminine cut - our soft jersey boy short is a lounge essential.<br><br>Style with your favorite tank or white tee or make it a set with <a href=""https://eterne.com/products/sports-bra-1"">Éterne's Soft Jersey Sports Bra</a>.
<p> </p>",Intimates,REPLACE,"<ul><li>Fits true to size, take your normal size</li><li>89% Modal / 11% Lycra&nbsp;</li><li>Model is 177 cm/5&#39;10&quot; and is wearing a size S</li><li>Machine wash cold. Non-chlorine bleach. Tumble dry low. Cool iron.</li></ul>","<ul><li>Fits true to size, take your normal size</li><li>89% Modal / 11% Lycra&nbsp;</li><li>Model is 177 cm/5&#39;10&quot; and is wearing a size S</li><li>Machine wash cold. Non-chlorine bleach. Tumble dry low. Cool iron.</li></ul>"
6950603358254,sports-bra-1,MERGE,"
<p>Perfect for working out and lounging, this sports bra is comfortable and versatile. A racerback silhouette made from soft and stretchy soft jersey.</p>
<p>Pair with <a href=""https://eterne.com/products/high-rise-legging-1"">Éterne's Soft Jersey High Waisted Legging or </a><a href=""https://eterne.com/products/boy-short-1"">Soft Jersey High Waisted Boy Short. </a></p>","Intimates, Bra",REPLACE,"<ul><li>Fits true to size, take your normal size</li><li>89% Modal / 11% Lycra</li><li>Model is 177 cm/5&#39;10&quot; and is wearing a size S</li><li>Machine wash cold. Non-chlorine bleach. Tumble dry low. Cool iron.&nbsp;</li></ul>","<ul><li>Fits true to size, take your normal size</li><li>89% Modal / 11% Lycra</li><li>Model is 177 cm/5&#39;10&quot; and is wearing a size S</li><li>Machine wash cold. Non-chlorine bleach. Tumble dry low. Cool iron.&nbsp;</li></ul>"
6950603391022,short-sleeve-baby-tee-clay,MERGE,"
<p>Éterne's short sleeve baby tee is crafted from a soft cotton and modal blend, offering a slim fit and slightly cropped length--a versatile essential for everyday wear. </p>
<p>Style with your favorite pair of jeans, leather pants, layered under an oversized blazer, or paired with <a href=""https://eterne.com/products/lounge-pant-clay"">Éterne's lounge pants</a> as a set. </p>",T-shirts,REPLACE,"<ul><li>Fits true to size, take your normal size</li><li>Designed for a slim fit&nbsp;</li><li>50% Cotton 50% Modal&nbsp;</li><li>Model is 177 cm/5&#39;10&quot; and is wearing a size S</li><li>Machine wash cold. Non-chlorine bleach. Tumble dry low. Cool iron. Do not dry clean.&nbsp;</li></ul>","<ul><li>Fits true to size, take your normal size</li><li>Designed for a slim fit&nbsp;</li><li>50% Cotton 50% Modal&nbsp;</li><li>Model is 177 cm/5&#39;10&quot; and is wearing a size S</li><li>Machine wash cold. Non-chlorine bleach. Tumble dry low. Cool iron. Do not dry clean.&nbsp;</li></ul>"
6950603423790,lounge-pant-clay,MERGE,"
<p>Éterne's lounge pant is crafted from a soft cotton and modal blend, offering a relaxed fit and a barely there feel--a versatile essential for everyday comfort.</p>

<p>Pair with <a href=""https://eterne.com/products/short-sleeve-baby-tee-clay"">Éterne's short sleeve baby tee</a> as a set.</p>",Bottoms,REPLACE,"<ul><li>Fits true to size, take your normal size</li><li>Designed for a loose fit</li><li>50% cotton, 50% modal</li><li>Model is 177 cm/5&#39;10&quot; and is wearing a size S</li><li>Inseam 33 &frac14;&nbsp;</li><li><span style=""font-size:11pt;font-family:Arial;color:#454545;background-color:transparent;font-weight:400;font-style:normal;font-variant:normal;text-decoration:none;vertical-align:baseline;white-space:pre;white-space:pre-wrap;"">Machine wash cold. Non-chlorine bleach. Tumble dry low. Cool iron. Do not dry clean.&nbsp;</span></li></ul>","<ul><li>Fits true to size, take your normal size</li><li>Designed for a loose fit</li><li>50% cotton, 50% modal</li><li>Model is 177 cm/5&#39;10&quot; and is wearing a size S</li><li>Inseam 33 &frac14;&nbsp;</li><li><span style=""font-size:11pt;font-family:Arial;color:#454545;background-color:transparent;font-weight:400;font-style:normal;font-variant:normal;text-decoration:none;vertical-align:baseline;white-space:pre;white-space:pre-wrap;"">Machine wash cold. Non-chlorine bleach. Tumble dry low. Cool iron. Do not dry clean.&nbsp;</span></li></ul>"
6955580981294,shrunken-hoodie-sweatshirt,MERGE,"
<p>Cut from a butter soft French terry, our Shrunken Hoodie sweatshirt is a modern take on a vintage favorite. This classic hoodie features a slight cropped length, comfortably fitted body and raglan sleeves.</p>
<p>Style with your favorite pair of jeans or make it a set with Éterne's <a href=""https://eterne.com/products/straight-leg-sweatpant-cream"">Straight Leg Sweatpant</a>.</p>",,REPLACE,"<ul><li>Runs small, size up</li><li>Designed for a slim fit&nbsp;</li><li>French Terry</li><li>77% Cotton 23% Modal</li><li>Model is 177 cm/5&#39;10&quot; and is wearing a size S</li><li>Machine wash cold with like colors. Do not bleach. Tumble dry low. Cool iron, if needed or dry clean.&nbsp;</li></ul>","<ul><li>Runs small, size up</li><li>Designed for a slim fit&nbsp;</li><li>French Terry</li><li>77% Cotton 23% Modal</li><li>Model is 177 cm/5&#39;10&quot; and is wearing a size S</li><li>Machine wash cold with like colors. Do not bleach. Tumble dry low. Cool iron, if needed or dry clean.&nbsp;</li></ul>"
6955581112366,shrunken-hoodie-sweatshirt-1,MERGE,"
<p>Cut from a butter soft French terry, our Shrunken Hoodie sweatshirt is a modern take on a vintage favorite. This classic hoodie features a slight cropped length, comfortably fitted body and raglan sleeves.</p>
<p>Style with your favorite pair of jeans or make it a set with Éterne's <a href=""https://eterne.com/products/straight-leg-sweatpant-heather-grey"">Straight Leg Sweatpant</a>.</p>",,REPLACE,"<ul><li>Runs small, size up</li><li>Designed for a slim fit&nbsp;</li><li>French Terry</li><li>77% Cotton 23% Modal</li><li>Model is 177 cm/5&#39;10&quot; and is wearing a size S</li><li>Machine wash cold with like colors. Do not bleach. Tumble dry low. Cool iron, if needed or dry clean.&nbsp;</li></ul>","<ul><li>Runs small, size up</li><li>Designed for a slim fit&nbsp;</li><li>French Terry</li><li>77% Cotton 23% Modal</li><li>Model is 177 cm/5&#39;10&quot; and is wearing a size S</li><li>Machine wash cold with like colors. Do not bleach. Tumble dry low. Cool iron, if needed or dry clean.&nbsp;</li></ul>"
6955581145134,shrunken-hoodie-sweatshirt-2,MERGE,"
<p>Cut from a butter soft French terry, our Shrunken Hoodie sweatshirt is a modern take on a vintage favorite. This classic hoodie features a slight cropped length, comfortably fitted body and raglan sleeves.</p>
<p>Style with your favorite pair of jeans or make it a set with Éterne's <a href=""https://eterne.com/products/straight-leg-sweatpant-black"">Straight Leg Sweatpant</a>.</p>",,REPLACE,"<ul><li>Runs small, size up</li><li>Designed for a slim fit&nbsp;</li><li>French Terry</li><li>77% Cotton 23% Modal</li><li>Model is 177 cm/5&#39;10&quot; and is wearing a size S</li><li>Machine wash cold with like colors. Do not bleach. Tumble dry low. Cool iron, if needed or dry clean.&nbsp;</li></ul>","<ul><li>Runs small, size up</li><li>Designed for a slim fit&nbsp;</li><li>French Terry</li><li>77% Cotton 23% Modal</li><li>Model is 177 cm/5&#39;10&quot; and is wearing a size S</li><li>Machine wash cold with like colors. Do not bleach. Tumble dry low. Cool iron, if needed or dry clean.&nbsp;</li></ul>"
6955581308974,terry-boyfriend-short-4,MERGE,"
<p><meta charset=""utf-8""><span>Éterne’s terry boyfriend short is crafted from a butter soft french terry cotton and modal blend,
offering a relaxed fit and a unisex look—a versatile essential for everyday wear. </span></p>
<p>Style with your favorite tank, white tee or make it a set with Éterne's <a href=""https://eterne.com/products/ls-raglan-sweatshirt"">Long Sleeve Raglan Sweatshirt</a>.</p>",Bottoms,REPLACE,"<ul><li>Fits true to size, take your normal size</li><li>Designed for a slim fit&nbsp;</li><li>77% Cotton 23% Modal</li><li>Model is 179 cm/5&#39;10.5&quot; and is wearing a size S</li><li>Machine wash cold with like colors. Non-chlorine bleach if needed. Tumble dry low. Cool iron. Do not dry clean.&nbsp;</li></ul>","<ul><li>Fits true to size, take your normal size</li><li>Designed for a slim fit&nbsp;</li><li>77% Cotton 23% Modal</li><li>Model is 179 cm/5&#39;10.5&quot; and is wearing a size S</li><li>Machine wash cold with like colors. Non-chlorine bleach if needed. Tumble dry low. Cool iron. Do not dry clean.&nbsp;</li></ul>"
6955581374510,fitted-tank,MERGE,"
<p>Cut from a lightweight cotton and modal blend, our fitted tank features a slighlty cropped and fitted body. This tank is the perfect everyday essential.</p>
<p>Style with your favorite high-rise jeans, leather pants, or pair with Éterne's <a href=""https://eterne.com/collections/bottoms/products/thermal-lounge-pant-black"">thermal lounge pant</a> as a set. </p>",Tanks,REPLACE,"<ul><li>Fits true to size, take your normal size</li><li>Designed for a slim fit</li><li>48% Cotton, 48% Modal, 4% Spandex</li><li>Model is 177 cm/5&#39;10&quot; and is wearing a size S</li><li><span style=""font-size:11pt;font-family:Arial;color:#454545;background-color:transparent;font-weight:400;font-style:normal;font-variant:normal;text-decoration:none;vertical-align:baseline;white-space:pre;white-space:pre-wrap;"">Machine wash cold. Non-chlorine bleach. Tumble dry low. Cool iron. Do not dry clean.&nbsp;</span></li></ul>","<ul><li>Fits true to size, take your normal size</li><li>Designed for a slim fit</li><li>48% Cotton, 48% Modal, 4% Spandex</li><li>Model is 177 cm/5&#39;10&quot; and is wearing a size S</li><li><span style=""font-size:11pt;font-family:Arial;color:#454545;background-color:transparent;font-weight:400;font-style:normal;font-variant:normal;text-decoration:none;vertical-align:baseline;white-space:pre;white-space:pre-wrap;"">Machine wash cold. Non-chlorine bleach. Tumble dry low. Cool iron. Do not dry clean.&nbsp;</span></li></ul>"
6955581407278,fitted-tank-1,MERGE,"
<p>Cut from a lightweight cotton and modal blend, our fitted tank features a slighlty cropped and fitted body. This tank is the perfect everyday essential.</p>
<p>Style with your favorite high-rise jeans, leather pants, or pair with Éterne's <a href=""https://eterne.com/collections/bottoms/products/thermal-lounge-pant-ivory"">thermal lounge pant</a> as a set. </p>",Tanks,REPLACE,"<ul><li>Fits true to size, take your normal size</li><li>Designed for a slim fit</li><li>48% Cotton, 48% Modal, 4% Spandex</li><li>Model is 177 cm/5&#39;10&quot; and is wearing a size S</li><li><span style=""font-size:11pt;font-family:Arial;color:#454545;background-color:transparent;font-weight:400;font-style:normal;font-variant:normal;text-decoration:none;vertical-align:baseline;white-space:pre;white-space:pre-wrap;"">Machine wash cold. Non-chlorine bleach. Tumble dry low. Cool iron. Do not dry clean.&nbsp;</span></li></ul>","<ul><li>Fits true to size, take your normal size</li><li>Designed for a slim fit</li><li>48% Cotton, 48% Modal, 4% Spandex</li><li>Model is 177 cm/5&#39;10&quot; and is wearing a size S</li><li><span style=""font-size:11pt;font-family:Arial;color:#454545;background-color:transparent;font-weight:400;font-style:normal;font-variant:normal;text-decoration:none;vertical-align:baseline;white-space:pre;white-space:pre-wrap;"">Machine wash cold. Non-chlorine bleach. Tumble dry low. Cool iron. Do not dry clean.&nbsp;</span></li></ul>"
6955581440046,fitted-tank-2,MERGE,"
<p>Cut from a lightweight cotton and modal blend, our fitted tank features a slighlty cropped and fitted body. This tank is the perfect everyday essential.</p>
<p>Style with your favorite high-rise jeans, leather pants, or pair with Éterne's <a href=""https://eterne.com/collections/bottoms/products/thermal-lounge-pant-heather-grey"">thermal lounge pant</a> as a set. </p>",Tanks,REPLACE,"<ul><li>Fits true to size, take your normal size</li><li>Designed for a slim fit</li><li>48% Cotton, 48% Modal, 4% Spandex</li><li>Model is 177 cm/5&#39;10&quot; and is wearing a size S</li><li><span style=""font-size:11pt;font-family:Arial;color:#454545;background-color:transparent;font-weight:400;font-style:normal;font-variant:normal;text-decoration:none;vertical-align:baseline;white-space:pre;white-space:pre-wrap;"">Machine wash cold. Non-chlorine bleach. Tumble dry low. Cool iron. Do not dry clean.&nbsp;</span></li></ul>","<ul><li>Fits true to size, take your normal size</li><li>Designed for a slim fit</li><li>48% Cotton, 48% Modal, 4% Spandex</li><li>Model is 177 cm/5&#39;10&quot; and is wearing a size S</li><li><span style=""font-size:11pt;font-family:Arial;color:#454545;background-color:transparent;font-weight:400;font-style:normal;font-variant:normal;text-decoration:none;vertical-align:baseline;white-space:pre;white-space:pre-wrap;"">Machine wash cold. Non-chlorine bleach. Tumble dry low. Cool iron. Do not dry clean.&nbsp;</span></li></ul>"
6955581472814,loose-tank,MERGE,"
<p>Éterne's loose tank is crafted from a soft cotton and modal blend, offering a relaxed fit and a unisex appeal--a versatile essential for everyday wear.</p>
<p><meta charset=""utf-8"">Style with your favorite pair of jeans, leather pants, layered under an oversized blazer, or pair with Éterne's <a href=""https://eterne.com/products/lounge-pant-black"">lounge pant</a> as a set.</p>",Tanks,REPLACE,"<ul><li>Fits true to size, take your normal size</li><li>Designed for a loose fit</li><li>50% Cotton, 50% Modal</li><li>Model is 177 cm/5&#39;10&quot; and is wearing a size S</li><li><span style=""font-size:11pt;font-family:Arial;color:#454545;background-color:transparent;font-weight:400;font-style:normal;font-variant:normal;text-decoration:none;vertical-align:baseline;white-space:pre;white-space:pre-wrap;"">Machine wash cold. Non-chlorine bleach. Tumble dry low. Cool iron. Do not dry clean.</span></li></ul>","<ul><li>Fits true to size, take your normal size</li><li>Designed for a loose fit</li><li>50% Cotton, 50% Modal</li><li>Model is 177 cm/5&#39;10&quot; and is wearing a size S</li><li><span style=""font-size:11pt;font-family:Arial;color:#454545;background-color:transparent;font-weight:400;font-style:normal;font-variant:normal;text-decoration:none;vertical-align:baseline;white-space:pre;white-space:pre-wrap;"">Machine wash cold. Non-chlorine bleach. Tumble dry low. Cool iron. Do not dry clean.</span></li></ul>"
6955581538350,loose-tank-1,MERGE,"
<p>Éterne's loose tank is crafted from a soft cotton and modal blend, offering a relaxed fit and a unisex appeal--a versatile essential for everyday wear.</p>
<p><meta charset=""utf-8"">Style with your favorite pair of jeans, leather pants, layered under an oversized blazer, or pair with Éterne's <a href=""https://eterne.com/products/lounge-pant-ivory"">lounge pant</a> as a set.</p>",Tanks,REPLACE,"<ul><li>Fits true to size, take your normal size</li><li>Designed for a loose fit</li><li>50% Cotton, 50% Modal</li><li>Model is 177 cm/5&#39;10&quot; and is wearing a size S</li><li><span style=""font-size:11pt;font-family:Arial;color:#454545;background-color:transparent;font-weight:400;font-style:normal;font-variant:normal;text-decoration:none;vertical-align:baseline;white-space:pre;white-space:pre-wrap;"">Machine wash cold. Non-chlorine bleach. Tumble dry low. Cool iron. Do not dry clean.</span></li></ul>","<ul><li>Fits true to size, take your normal size</li><li>Designed for a loose fit</li><li>50% Cotton, 50% Modal</li><li>Model is 177 cm/5&#39;10&quot; and is wearing a size S</li><li><span style=""font-size:11pt;font-family:Arial;color:#454545;background-color:transparent;font-weight:400;font-style:normal;font-variant:normal;text-decoration:none;vertical-align:baseline;white-space:pre;white-space:pre-wrap;"">Machine wash cold. Non-chlorine bleach. Tumble dry low. Cool iron. Do not dry clean.</span></li></ul>"
6955581636654,loose-tank-2,MERGE,"
<p>Éterne's loose tank is crafted from a soft cotton and modal blend, offering a relaxed fit and a unisex appeal--a versatile essential for everyday wear.</p>
<p><meta charset=""utf-8"">Style with your favorite pair of jeans, leather pants, layered under an oversized blazer, or pair with Éterne's <a href=""https://eterne.com/products/lounge-pant-heather-grey"">lounge pant</a> as a set.</p>",Tanks,REPLACE,"<ul><li>Fits true to size, take your normal size</li><li>Designed for a loose fit</li><li>50% Cotton, 50% Modal</li><li>Model is 177 cm/5&#39;10&quot; and is wearing a size S</li><li><span style=""font-size:11pt;font-family:Arial;color:#454545;background-color:transparent;font-weight:400;font-style:normal;font-variant:normal;text-decoration:none;vertical-align:baseline;white-space:pre;white-space:pre-wrap;"">Machine wash cold. Non-chlorine bleach. Tumble dry low. Cool iron. Do not dry clean.</span></li></ul>","<ul><li>Fits true to size, take your normal size</li><li>Designed for a loose fit</li><li>50% Cotton, 50% Modal</li><li>Model is 177 cm/5&#39;10&quot; and is wearing a size S</li><li><span style=""font-size:11pt;font-family:Arial;color:#454545;background-color:transparent;font-weight:400;font-style:normal;font-variant:normal;text-decoration:none;vertical-align:baseline;white-space:pre;white-space:pre-wrap;"">Machine wash cold. Non-chlorine bleach. Tumble dry low. Cool iron. Do not dry clean.</span></li></ul>"
6955581734958,loose-tank-3,MERGE,,,REPLACE,<ul>undefined,<ul>undefined
6965849096238,copy-of-90s-brief-black,MERGE,"
<p>Inspired by the iconic Nineties, our '90s brief features a flattering low waist, a versatile waistband that can be worn high or low, with a second-skin feel made from an ultra-soft lightweight modal blend. </p>
<p>Pair with <a href=""https://eterne.com/collections/bra-underwear/products/triangle-bra-black"">Éterne's triangle bra</a> as a set. </p>","Intimates, Underwear",REPLACE,"<ul><li>Fits true to size, take your normal size</li><li>89% Modal / 11% Lycra&nbsp;</li><li>Model is 177 cm/5&#39;10&quot; and is wearing a size S</li><li>Machine wash cold. Non-chlorine bleach. Tumble dry low. Cool iron.</li></ul>","<ul><li>Fits true to size, take your normal size</li><li>89% Modal / 11% Lycra&nbsp;</li><li>Model is 177 cm/5&#39;10&quot; and is wearing a size S</li><li>Machine wash cold. Non-chlorine bleach. Tumble dry low. Cool iron.</li></ul>"
6965922037806,halter-mini-dress,MERGE,"
<p>Éterne's halter mini dress is crafted from a butter soft ribbed cotton and modal blend, offering a slim fit and a mini length—a versatile essential for everyday wear.</p>
<p>Style with your favorite oversized blazer and a pair of knee high boots.<br></p>","Dresses, Mini",REPLACE,"<ul><li>Fits true to size, take your normal size</li><li>Designed for a slim fit&nbsp;</li><li>48% Cotton 48% Modal 4% Spandex</li><li>Model is 177 cm/5&#39;10&quot; and is wearing a size S</li><li>Machine wash cold. Non-chlorine bleach. Tumble dry low. Cool iron. Do not dry clean.&nbsp;</li></ul>","<ul><li>Fits true to size, take your normal size</li><li>Designed for a slim fit&nbsp;</li><li>48% Cotton 48% Modal 4% Spandex</li><li>Model is 177 cm/5&#39;10&quot; and is wearing a size S</li><li>Machine wash cold. Non-chlorine bleach. Tumble dry low. Cool iron. Do not dry clean.&nbsp;</li></ul>"
6965922267182,halter-mini-dress-1,MERGE,"
<p>Éterne's halter mini dress is crafted from a butter soft ribbed cotton and modal blend, offering a slim fit and a mini length—a versatile essential for everyday wear.</p>
<p>Style with your favorite oversized blazer and a pair of knee high boots.<br></p>","Dresses, Mini",REPLACE,"<ul><li>Fits true to size, take your normal size</li><li>Designed for a slim fit&nbsp;</li><li>48% Cotton 48% Modal 4% Spandex</li><li>Model is 177 cm/5&#39;10&quot; and is wearing a size S</li><li>Machine wash cold. Non-chlorine bleach. Tumble dry low. Cool iron. Do not dry clean.&nbsp;</li></ul>","<ul><li>Fits true to size, take your normal size</li><li>Designed for a slim fit&nbsp;</li><li>48% Cotton 48% Modal 4% Spandex</li><li>Model is 177 cm/5&#39;10&quot; and is wearing a size S</li><li>Machine wash cold. Non-chlorine bleach. Tumble dry low. Cool iron. Do not dry clean.&nbsp;</li></ul>"
6965922365486,halter-maxi-dress,MERGE,"
<p>Éterne's halter maxi dress is crafted from a butter soft ribbed cotton and modal blend, offering a slim fit and a maxi length—a versatile essential for everyday wear.</p>
<p>Style with your favorite oversized blazer and a pair of knee high boots.<br></p>","Dresses, Maxi",REPLACE,"<ul><li>Fits true to size, take your normal size</li><li>Designed for a slim fit&nbsp;</li><li>48% Cotton 48% Modal 4% Spandex</li><li>Model is 177 cm/5&#39;10&quot; and is wearing a size S</li><li>Machine wash cold. Non-chlorine bleach. Tumble dry low. Cool iron. Do not dry clean.&nbsp;</li></ul>","<ul><li>Fits true to size, take your normal size</li><li>Designed for a slim fit&nbsp;</li><li>48% Cotton 48% Modal 4% Spandex</li><li>Model is 177 cm/5&#39;10&quot; and is wearing a size S</li><li>Machine wash cold. Non-chlorine bleach. Tumble dry low. Cool iron. Do not dry clean.&nbsp;</li></ul>"
6965922562094,halter-maxi-dress-1,MERGE,"
<p>Éterne's halter maxi dress is crafted from a butter soft ribbed cotton and modal blend, offering a slim fit and a maxi length—a versatile essential for everyday wear.</p>
<p>Style with your favorite oversized blazer and a pair of knee high boots.<br></p>","Dresses, Maxi",REPLACE,"<ul><li>Fits true to size, take your normal size</li><li>Designed for a slim fit&nbsp;</li><li>48% Cotton 48% Modal 4% Spandex</li><li>Model is 177 cm/5&#39;10&quot; and is wearing a size S</li><li>Machine wash cold. Non-chlorine bleach. Tumble dry low. Cool iron. Do not dry clean.&nbsp;</li></ul>","<ul><li>Fits true to size, take your normal size</li><li>Designed for a slim fit&nbsp;</li><li>48% Cotton 48% Modal 4% Spandex</li><li>Model is 177 cm/5&#39;10&quot; and is wearing a size S</li><li>Machine wash cold. Non-chlorine bleach. Tumble dry low. Cool iron. Do not dry clean.&nbsp;</li></ul>"
6968842715182,test,MERGE,,,REPLACE,<ul>undefined,<ul>undefined
7009133133870,90s-tank,MERGE,"
<p>Éterne’s '90s tank is crafted from a soft jersey modal blend, offering a slim fit and a double lined fabric —a versatile essential for everyday wear.</p>
<p>Pair with <a href=""https://eterne.com/products/high-rise-legging"">Éterne's Soft Jersey High Waisted Legging or </a><a href=""https://eterne.com/products/boy-short"">Soft Jersey High Waisted Boy Short. </a></p>",Tanks,REPLACE,"<ul><li>Fits true to size, take your normal size</li><li>Designed for light, everyday support</li><li>96% Modal 4% Spandex</li><li>Model is 179 cm/5&#39;10&quot; and is wearing a size S</li><li>Machine wash cold with like colors. Do not bleach. Tumble dry low. Cool iron. Do not dry clean.</li></ul>","<ul><li>Fits true to size, take your normal size</li><li>Designed for light, everyday support</li><li>96% Modal 4% Spandex</li><li>Model is 179 cm/5&#39;10&quot; and is wearing a size S</li><li>Machine wash cold with like colors. Do not bleach. Tumble dry low. Cool iron. Do not dry clean.</li></ul>"
7009133264942,90s-tank-1,MERGE,"
<p>Éterne’s '90s tank is crafted from a soft jersey modal blend, offering a slim fit and a double lined fabric —a versatile essential for everyday wear.</p>
<p>Pair with <a href=""https://eterne.com/products/high-rise-legging-1"">Éterne's Soft Jersey High Waisted Legging or </a><a href=""https://eterne.com/products/boy-short-1"">Soft Jersey High Waisted Boy Short. </a></p>",Tanks,REPLACE,"<ul><li>Fits true to size, take your normal size</li><li>Designed for light, everyday support</li><li>96% Modal 4% Spandex</li><li>Model is 179 cm/5&#39;10&quot; and is wearing a size S</li><li>Machine wash cold with like colors. Do not bleach. Tumble dry low. Cool iron. Do not dry clean.</li></ul>","<ul><li>Fits true to size, take your normal size</li><li>Designed for light, everyday support</li><li>96% Modal 4% Spandex</li><li>Model is 179 cm/5&#39;10&quot; and is wearing a size S</li><li>Machine wash cold with like colors. Do not bleach. Tumble dry low. Cool iron. Do not dry clean.</li></ul>"
7013876793390,high-neck-fitted-tank-5,MERGE,"
<p><meta charset=""utf-8"">Éterne's high neck fitted tank is crafted from a butter soft ribbed cotton and modal blend, offering a slim fit and a full length --a versatile essential for everyday wear.</p>
<p>Style with your favorite high-rise jeans, leather pants, or pair with Éterne's <a href=""https://eterne.com/collections/bottoms/products/emma-skirt-8"">Emma Butter Rib skirt</a> as a set. </p>",Tanks,REPLACE,"<ul><li>Fits true to size, take your normal size</li><li>Designed for a slim fit</li><li>48% Cotton, 48% Modal, 4% Spandex</li><li>Model is 177 cm/5&#39;10&quot; and is wearing a size S</li><li><span style=""font-size:11pt;font-family:Arial;color:#454545;background-color:transparent;font-weight:400;font-style:normal;font-variant:normal;text-decoration:none;vertical-align:baseline;white-space:pre;white-space:pre-wrap;"">Machine wash cold. Non-chlorine bleach. Tumble dry low. Cool iron. Do not dry clean.&nbsp;</span></li></ul>","<ul><li>Fits true to size, take your normal size</li><li>Designed for a slim fit</li><li>48% Cotton, 48% Modal, 4% Spandex</li><li>Model is 177 cm/5&#39;10&quot; and is wearing a size S</li><li><span style=""font-size:11pt;font-family:Arial;color:#454545;background-color:transparent;font-weight:400;font-style:normal;font-variant:normal;text-decoration:none;vertical-align:baseline;white-space:pre;white-space:pre-wrap;"">Machine wash cold. Non-chlorine bleach. Tumble dry low. Cool iron. Do not dry clean.&nbsp;</span></li></ul>"
7013876957230,halter-top,MERGE,"
<p><meta charset=""utf-8"">Éterne’s cropped halter top is crafted from a butter soft ribbed cotton and modal blend, offering a slim fit and cropped length—a versatile essential for everyday wear.</p>
<p>Style with your favorite high-rise jeans, leather pants, or pair with Éterne's <a href=""https://eterne.com/collections/bottoms/products/emma-skirt-5"">Emma Butter Rib skirt</a> as a set. </p>",Tops,REPLACE,"<ul><li>Fits true to size, take your normal size</li><li>Designed for a slim fit&nbsp;</li><li>48% Cotton 48% Modal 4% Spandex</li><li>Model is 177 cm/5&#39;10&quot; and is wearing a size S</li>Machine wash cold. Non-chlorine bleach. Tumble dry low. Cool iron. Do not dry clean.</ul>","<ul><li>Fits true to size, take your normal size</li><li>Designed for a slim fit&nbsp;</li><li>48% Cotton 48% Modal 4% Spandex</li><li>Model is 177 cm/5&#39;10&quot; and is wearing a size S</li>Machine wash cold. Non-chlorine bleach. Tumble dry low. Cool iron. Do not dry clean.</ul>"
7013877022766,halter-top-1,MERGE,"
<p><meta charset=""utf-8"">Éterne’s cropped halter top is crafted from a butter soft ribbed cotton and modal blend, offering a slim fit and cropped length—a versatile essential for everyday wear.</p>
<p>Style with your favorite high-rise jeans, leather pants, or pair with Éterne's <a href=""https://eterne.com/collections/bottoms/products/emma-skirt-7"">Emma Butter Rib skirt</a> as a set. </p>",Tops,REPLACE,"<ul><li>Fits true to size, take your normal size</li><li>Designed for a slim fit&nbsp;</li><li>48% Cotton 48% Modal 4% Spandex</li><li>Model is 177 cm/5&#39;10&quot; and is wearing a size S</li>Machine wash cold. Non-chlorine bleach. Tumble dry low. Cool iron. Do not dry clean.</ul>","<ul><li>Fits true to size, take your normal size</li><li>Designed for a slim fit&nbsp;</li><li>48% Cotton 48% Modal 4% Spandex</li><li>Model is 177 cm/5&#39;10&quot; and is wearing a size S</li>Machine wash cold. Non-chlorine bleach. Tumble dry low. Cool iron. Do not dry clean.</ul>"
7013877153838,sleeveless-crewneck-sweatshirt,MERGE,"
<p><meta charset=""utf-8""><span>Éterne’s sleeveless crewneck top is crafted from a butter soft french terry cotton and modal blend, offering a slim fit and a cropped length—a versatile essential for everyday wear.</span></p>
<p>Style with your favorite pair of jeans or make it a set with Éterne's <a href=""https://eterne.com/products/terry-boyfriend-short"">Terry Raglan Boyfriend Short </a>, <a href=""https://eterne.com/products/classic-sweatpant-black"">Classic Sweatpant</a>, or <a href=""https://eterne.com/products/straight-leg-sweatpant-black"">Straight Leg Sweatpant</a>.</p>",Tops,REPLACE,"<ul><li>Fits true to size, take your normal size</li><li>Designed for a slim fit&nbsp;</li><li>French Terry</li><li>77% Cotton 23% Modal</li><li>Model is 177 cm/5&#39;10&quot; and is wearing a size S</li>Machine wash cold with like colors. Do not bleach. Tumble dry low. Cool iron, if needed or dry clean.</ul>","<ul><li>Fits true to size, take your normal size</li><li>Designed for a slim fit&nbsp;</li><li>French Terry</li><li>77% Cotton 23% Modal</li><li>Model is 177 cm/5&#39;10&quot; and is wearing a size S</li>Machine wash cold with like colors. Do not bleach. Tumble dry low. Cool iron, if needed or dry clean.</ul>"
7013877186606,tube-maxi-dress,MERGE,"
Éterne’s Tube maxi dress is crafted from a butter soft ribbed cotton and modal blend, offering a slim fit and a maxi length—a versatile essential for everyday wear.<br><br>Style with your favorite oversized blazer and a pair of knee high boots.","Dresses, Maxi",REPLACE,"<ul><li>Fits true to size, take your normal size</li><li>Designed for a slim fit&nbsp;</li><li>48% Cotton 48% Modal 4% Spandex</li><li>Model is 177 cm/5&#39;10&quot; and is wearing a size S</li><li>Machine wash cold. Non-chlorine bleach. Tumble dry low. Cool iron. Do not dry clean.&nbsp;</li></ul>","<ul><li>Fits true to size, take your normal size</li><li>Designed for a slim fit&nbsp;</li><li>48% Cotton 48% Modal 4% Spandex</li><li>Model is 177 cm/5&#39;10&quot; and is wearing a size S</li><li>Machine wash cold. Non-chlorine bleach. Tumble dry low. Cool iron. Do not dry clean.&nbsp;</li></ul>"
7013877219374,tube-maxi-dress-1,MERGE,"
Éterne’s Tube maxi dress is crafted from a butter soft ribbed cotton and modal blend, offering a slim fit and a maxi length—a versatile essential for everyday wear.<br><br>Style with your favorite oversized blazer and a pair of knee high boots.","Dresses, Maxi",REPLACE,"<ul><li>Fits true to size, take your normal size</li><li>Designed for a slim fit&nbsp;</li><li>48% Cotton 48% Modal 4% Spandex</li><li>Model is 177 cm/5&#39;10&quot; and is wearing a size S</li><li>Machine wash cold. Non-chlorine bleach. Tumble dry low. Cool iron. Do not dry clean.&nbsp;</li></ul>","<ul><li>Fits true to size, take your normal size</li><li>Designed for a slim fit&nbsp;</li><li>48% Cotton 48% Modal 4% Spandex</li><li>Model is 177 cm/5&#39;10&quot; and is wearing a size S</li><li>Machine wash cold. Non-chlorine bleach. Tumble dry low. Cool iron. Do not dry clean.&nbsp;</li></ul>"
7013877252142,tube-maxi-dress-2,MERGE,"
Éterne’s Tube maxi dress is crafted from a butter soft ribbed cotton and modal blend, offering a slim fit and a maxi length—a versatile essential for everyday wear.<br><br>Style with your favorite oversized blazer and a pair of knee high boots.","Dresses, Maxi",REPLACE,"<ul><li>Fits true to size, take your normal size</li><li>Designed for a slim fit&nbsp;</li><li>48% Cotton 48% Modal 4% Spandex</li><li>Model is 177 cm/5&#39;10&quot; and is wearing a size S</li><li>Machine wash cold. Non-chlorine bleach. Tumble dry low. Cool iron. Do not dry clean.&nbsp;</li></ul>","<ul><li>Fits true to size, take your normal size</li><li>Designed for a slim fit&nbsp;</li><li>48% Cotton 48% Modal 4% Spandex</li><li>Model is 177 cm/5&#39;10&quot; and is wearing a size S</li><li>Machine wash cold. Non-chlorine bleach. Tumble dry low. Cool iron. Do not dry clean.&nbsp;</li></ul>"
7013877383214,drawstring-short,MERGE,"
<p>Éterne’s drawstring short is crafted from a butter soft ribbed cotton and modal blend, offering a slim fit and a mini length—a versatile essential for everyday comfort.</p>
<p>Pair with Éterne's <a href=""https://eterne.com/products/square-neck-tank"">square neck tank </a>as a set.</p>",Bottoms,REPLACE,"<ul><li>Fits true to size, take your normal size.</li><li>Designed for a slim fit&nbsp;</li><li style=""line-height: 24px; margin: 0px; list-style: disc;"">48% Cotton, 48% Modal, 4% Spandex</li><li>Model is 179 cm/5&#39;10.5&quot; and is wearing a size S</li><li style=""line-height: 24px; margin: 0px; list-style: disc;"">Machine wash cold. Non-chlorine bleach. Tumble dry low. Cool iron. Do not dry clean.</li></ul>","<ul><li>Fits true to size, take your normal size.</li><li>Designed for a slim fit&nbsp;</li><li style=""line-height: 24px; margin: 0px; list-style: disc;"">48% Cotton, 48% Modal, 4% Spandex</li><li>Model is 179 cm/5&#39;10.5&quot; and is wearing a size S</li><li style=""line-height: 24px; margin: 0px; list-style: disc;"">Machine wash cold. Non-chlorine bleach. Tumble dry low. Cool iron. Do not dry clean.</li></ul>"
7013877448750,drawstring-short-1,MERGE,"
<p>Éterne’s drawstring short is crafted from a butter soft ribbed cotton and modal blend, offering a slim fit and a mini length—a versatile essential for everyday comfort.</p>
<p>Pair with Éterne's <a href=""https://eterne.com/products/square-neck-tank-1"">square neck tank </a>as a set.</p>",Bottoms,REPLACE,"<ul><li>Fits true to size, take your normal size.</li><li>Designed for a slim fit&nbsp;</li><li style=""line-height: 24px; margin: 0px; list-style: disc;"">48% Cotton, 48% Modal, 4% Spandex</li><li>Model is 179 cm/5&#39;10.5&quot; and is wearing a size S</li><li style=""line-height: 24px; margin: 0px; list-style: disc;"">Machine wash cold. Non-chlorine bleach. Tumble dry low. Cool iron. Do not dry clean.</li></ul>","<ul><li>Fits true to size, take your normal size.</li><li>Designed for a slim fit&nbsp;</li><li style=""line-height: 24px; margin: 0px; list-style: disc;"">48% Cotton, 48% Modal, 4% Spandex</li><li>Model is 179 cm/5&#39;10.5&quot; and is wearing a size S</li><li style=""line-height: 24px; margin: 0px; list-style: disc;"">Machine wash cold. Non-chlorine bleach. Tumble dry low. Cool iron. Do not dry clean.</li></ul>"
7013877514286,square-neck-tank,MERGE,"
<p>Éterne’s cropped square neck tank is crafted from a butter soft ribbed cotton and modal blend, offering a slim fit and a cropped length—a versatile essential for everyday wear.</p>
<p>Style with your favorite high-rise jeans, leather pants, or pair with Éterne's <a href=""https://eterne.com/products/drawstring-short"">drawstring shorts</a> as a set. </p>",Tanks,REPLACE,"<ul><li>Fits true to size, take your normal size</li><li>Designed for a slim fit</li><li>48% Cotton 48% Modal 4% Spandex</li><li>Model is 177 cm/5&#39;10&quot; and is wearing a size S</li><li>Machine wash cold. Non-chlorine bleach. Tumble dry low. Cool iron. Do not dry clean.&nbsp;</li></ul>","<ul><li>Fits true to size, take your normal size</li><li>Designed for a slim fit</li><li>48% Cotton 48% Modal 4% Spandex</li><li>Model is 177 cm/5&#39;10&quot; and is wearing a size S</li><li>Machine wash cold. Non-chlorine bleach. Tumble dry low. Cool iron. Do not dry clean.&nbsp;</li></ul>"
7013877579822,square-neck-tank-1,MERGE,"
<p>Éterne’s cropped square neck tank is crafted from a butter soft ribbed cotton and modal blend, offering a slim fit and a cropped length—a versatile essential for everyday wear.</p>
<p>Style with your favorite high-rise jeans, leather pants, or pair with Éterne's <a href=""https://eterne.com/products/drawstring-short-1"">drawstring shorts</a> as a set. </p>",Tanks,REPLACE,"<ul><li>Fits true to size, take your normal size</li><li>Designed for a slim fit</li><li>48% Cotton 48% Modal 4% Spandex</li><li>Model is 177 cm/5&#39;10&quot; and is wearing a size S</li><li>Machine wash cold. Non-chlorine bleach. Tumble dry low. Cool iron. Do not dry clean.&nbsp;</li></ul>","<ul><li>Fits true to size, take your normal size</li><li>Designed for a slim fit</li><li>48% Cotton 48% Modal 4% Spandex</li><li>Model is 177 cm/5&#39;10&quot; and is wearing a size S</li><li>Machine wash cold. Non-chlorine bleach. Tumble dry low. Cool iron. Do not dry clean.&nbsp;</li></ul>"
7013877645358,square-neck-maxi-dress-3,MERGE,"
<p>Éterne's square neck maxi dress is crafted from a butter soft ribbed cotton and modal blend, offering a slim fit and a maxi length—a versatile essential for everyday wear.<br></p>
<p>Style with your favorite oversized blazer or a pair of high knee boots.</p>","Dresses, Maxi",REPLACE,"<ul><li>Fits true to size, take your normal size</li><li>Designed for a slim fit&nbsp;</li><li>48% Cotton 48% Modal 4% Spandex</li><li>Model is 177 cm/5&#39;10&quot; and is wearing a size S</li><li>Machine wash cold. Non-chlorine bleach. Tumble dry low. Cool iron. Do not dry clean.&nbsp;</li></ul>","<ul><li>Fits true to size, take your normal size</li><li>Designed for a slim fit&nbsp;</li><li>48% Cotton 48% Modal 4% Spandex</li><li>Model is 177 cm/5&#39;10&quot; and is wearing a size S</li><li>Machine wash cold. Non-chlorine bleach. Tumble dry low. Cool iron. Do not dry clean.&nbsp;</li></ul>"
7013877678126,square-neck-mini-dress,MERGE,"
<p>Éterne's square neck mini dress is crafted from a butter soft ribbed cotton and modal blend, offering a slim fit and a mini length—a versatile essential for everyday wear.<br></p>
<p>Style with your favorite oversized blazer or a pair of high knee boots.</p>","Dresses, Mini",REPLACE,"<ul><li>Fits true to size, take your normal size</li><li>Designed for a slim fit&nbsp;</li><li>48% Cotton 48% Modal 4% Spandex</li><li>Model is 177 cm/5&#39;10&quot; and is wearing a size S</li><li>Machine wash cold. Non-chlorine bleach. Tumble dry low. Cool iron. Do not dry clean.&nbsp;</li></ul>","<ul><li>Fits true to size, take your normal size</li><li>Designed for a slim fit&nbsp;</li><li>48% Cotton 48% Modal 4% Spandex</li><li>Model is 177 cm/5&#39;10&quot; and is wearing a size S</li><li>Machine wash cold. Non-chlorine bleach. Tumble dry low. Cool iron. Do not dry clean.&nbsp;</li></ul>"
7015717797934,lounge-socks,MERGE,"
<p>Éterne’s lounge sock is crafted from a butter soft cotton blend, offering an ultra cozy fit and plush construction —a versatile essential for everyday comfort<br><br>Style with your favorite Éterne lounge set or French Terry set.</p>","Accessories, Socks",REPLACE,<ul><li>One size fits all</li><li>85% Cotton 14% Polyester 1% Spandex&nbsp;</li><li>Machine wash cold. Non-chlorine bleach. Tumble dry low. Cool iron. Do not dry clean.</li></ul>,<ul><li>One size fits all</li><li>85% Cotton 14% Polyester 1% Spandex&nbsp;</li><li>Machine wash cold. Non-chlorine bleach. Tumble dry low. Cool iron. Do not dry clean.</li></ul>
7015717830702,lounge-socks-1,MERGE,"
<p>Éterne’s lounge sock is crafted from a butter soft cotton blend, offering an ultra cozy fit and plush construction —a versatile essential for everyday comfort<br><br>Style with your favorite Éterne lounge set or French Terry set.</p>","Accessories, Socks",REPLACE,<ul><li>One size fits all</li><li>85% Cotton 14% Polyester 1% Spandex&nbsp;</li><li>Machine wash cold. Non-chlorine bleach. Tumble dry low. Cool iron. Do not dry clean.</li></ul>,<ul><li>One size fits all</li><li>85% Cotton 14% Polyester 1% Spandex&nbsp;</li><li>Machine wash cold. Non-chlorine bleach. Tumble dry low. Cool iron. Do not dry clean.</li></ul>
7015717863470,lounge-socks-2,MERGE,"
<p>Éterne’s lounge sock is crafted from a butter soft cotton blend, offering an ultra cozy fit and plush construction —a versatile essential for everyday comfort<br><br>Style with your favorite Éterne lounge set or French Terry set.</p>","Accessories, Socks",REPLACE,<ul><li>One size fits all</li><li>85% Cotton 14% Polyester 1% Spandex&nbsp;</li><li>Machine wash cold. Non-chlorine bleach. Tumble dry low. Cool iron. Do not dry clean.</li></ul>,<ul><li>One size fits all</li><li>85% Cotton 14% Polyester 1% Spandex&nbsp;</li><li>Machine wash cold. Non-chlorine bleach. Tumble dry low. Cool iron. Do not dry clean.</li></ul>
7015717896238,classis-rib-socks,MERGE,"
<p>Éterne’s classic ribbed sock is crafted from a butter soft cotton blend, offering an ultra cozy fit and a ribbed detail —a versatile essential for everyday wear.<br><br>Style with your favorite Éterne lounge set or French Terry set.</p>","Accessories, Socks",REPLACE,<ul><li>One size fits all</li><li>82% Cotton 17% Polyester 1% Spandex&nbsp;</li><li>Machine wash cold. Non-chlorine bleach. Tumble dry low. Cool iron. Do not dry clean.</li></ul>,<ul><li>One size fits all</li><li>82% Cotton 17% Polyester 1% Spandex&nbsp;</li><li>Machine wash cold. Non-chlorine bleach. Tumble dry low. Cool iron. Do not dry clean.</li></ul>
7015717929006,classis-rib-socks-1,MERGE,"
<p>Éterne’s classic ribbed sock is crafted from a butter soft cotton blend, offering an ultra cozy fit and a ribbed detail —a versatile essential for everyday wear.<br><br>Style with your favorite Éterne lounge set or French Terry set.</p>","Accessories, Socks",REPLACE,<ul><li>One size fits all</li><li>82% Cotton 17% Polyester 1% Spandex&nbsp;</li><li>Machine wash cold. Non-chlorine bleach. Tumble dry low. Cool iron. Do not dry clean.</li></ul>,<ul><li>One size fits all</li><li>82% Cotton 17% Polyester 1% Spandex&nbsp;</li><li>Machine wash cold. Non-chlorine bleach. Tumble dry low. Cool iron. Do not dry clean.</li></ul>
7015717994542,classis-rib-socks-2,MERGE,"
<p>Éterne’s classic ribbed sock is crafted from a butter soft cotton blend, offering an ultra cozy fit and a ribbed detail —a versatile essential for everyday wear.<br><br>Style with your favorite Éterne lounge set or French Terry set.</p>","Accessories, Socks",REPLACE,<ul><li>One size fits all</li><li>82% Cotton 17% Polyester 1% Spandex&nbsp;</li><li>Machine wash cold. Non-chlorine bleach. Tumble dry low. Cool iron. Do not dry clean.</li></ul>,<ul><li>One size fits all</li><li>82% Cotton 17% Polyester 1% Spandex&nbsp;</li><li>Machine wash cold. Non-chlorine bleach. Tumble dry low. Cool iron. Do not dry clean.</li></ul>
7018260693038,sleeveless-crewneck-sweatshirt-1,MERGE,"
<p><meta charset=""utf-8""><span>Éterne’s sleeveless crewneck top is crafted from a butter soft french terry cotton and modal blend, offering a slim fit and a cropped length—a versatile essential for everyday wear.</span></p>
<p>Style with your favorite pair of jeans or make it a set with Éterne's <a href=""https://eterne.com/products/terry-boyfriend-short-1"">Terry Raglan Boyfriend Short </a>, <a href=""https://eterne.com/products/classic-sweatpant-cream"">Classic Sweatpant</a>, or <a href=""https://eterne.com/products/straight-leg-sweatpant-cream"">Straight Leg Sweatpant</a>.</p>",Tops,REPLACE,"<ul><li>Fits true to size, take your normal size</li><li>Designed for a slim fit&nbsp;</li><li>French Terry</li><li>77% Cotton 23% Modal</li><li>Model is 177 cm/5&#39;10&quot; and is wearing a size S</li>Machine wash cold with like colors. Do not bleach. Tumble dry low. Cool iron, if needed or dry clean.</ul>","<ul><li>Fits true to size, take your normal size</li><li>Designed for a slim fit&nbsp;</li><li>French Terry</li><li>77% Cotton 23% Modal</li><li>Model is 177 cm/5&#39;10&quot; and is wearing a size S</li>Machine wash cold with like colors. Do not bleach. Tumble dry low. Cool iron, if needed or dry clean.</ul>"
7018260758574,sleeveless-crewneck-sweatshirt-2,MERGE,"
<p><meta charset=""utf-8""><span>Éterne’s sleeveless crewneck top is crafted from a butter soft french terry cotton and modal blend, offering a slim fit and a cropped length—a versatile essential for everyday wear.</span></p>
<p>Style with your favorite pair of jeans or make it a set with Éterne's <a href=""https://eterne.com/products/terry-boyfriend-short"">Terry Raglan Boyfriend Short </a>, <a href=""https://eterne.com/products/classic-sweatpant-black"">Classic Sweatpant</a>, or <a href=""https://eterne.com/products/straight-leg-sweatpant-black"">Straight Leg Sweatpant</a>.</p>",Tops,REPLACE,"<ul><li>Fits true to size, take your normal size</li><li>Designed for a slim fit&nbsp;</li><li>French Terry</li><li>77% Cotton 23% Modal</li><li>Model is 177 cm/5&#39;10&quot; and is wearing a size S</li>Machine wash cold with like colors. Do not bleach. Tumble dry low. Cool iron, if needed or dry clean.</ul>","<ul><li>Fits true to size, take your normal size</li><li>Designed for a slim fit&nbsp;</li><li>French Terry</li><li>77% Cotton 23% Modal</li><li>Model is 177 cm/5&#39;10&quot; and is wearing a size S</li>Machine wash cold with like colors. Do not bleach. Tumble dry low. Cool iron, if needed or dry clean.</ul>"
7018260791342,square-neck-tank-2,MERGE,"
<p>Éterne’s cropped square neck tank is crafted from a butter soft ribbed cotton and modal blend, offering a slim fit and a cropped length—a versatile essential for everyday wear.</p>
<p>Style with your favorite high-rise jeans, leather pants, or pair with Éterne's <a href=""https://eterne.com/products/drawstring-short-2"">drawstring shorts</a> as a set. </p>",Tanks,REPLACE,"<ul><li>Fits true to size, take your normal size</li><li>Designed for a slim fit</li><li>48% Cotton 48% Modal 4% Spandex</li><li>Model is 177 cm/5&#39;10&quot; and is wearing a size S</li><li>Machine wash cold. Non-chlorine bleach. Tumble dry low. Cool iron. Do not dry clean.&nbsp;</li></ul>","<ul><li>Fits true to size, take your normal size</li><li>Designed for a slim fit</li><li>48% Cotton 48% Modal 4% Spandex</li><li>Model is 177 cm/5&#39;10&quot; and is wearing a size S</li><li>Machine wash cold. Non-chlorine bleach. Tumble dry low. Cool iron. Do not dry clean.&nbsp;</li></ul>"
7018260856878,sawyer,MERGE,"
<p>Éterne’s Sawyer top is crafted from 100% ultra soft luxe cashmere,
offering a slim fit and a cropped length —a versatile essential for everyday wear.</p>
<p>Style with Éterne's <a href=""https://eterne.com/collections/cashmere/products/emma-skirt-2"">Emma Cashmere Skirt.</a></p>","Tops, Knitwear",REPLACE,"<ul><li>Fits true to size, take your normal size</li><li>Designed for a slim fit&nbsp;</li><li>100% Cashmere</li><li>Model is 177 cm/5&#39;10&quot; and is wearing a size S</li><li>&nbsp;Dry clean only</li></ul>","<ul><li>Fits true to size, take your normal size</li><li>Designed for a slim fit&nbsp;</li><li>100% Cashmere</li><li>Model is 177 cm/5&#39;10&quot; and is wearing a size S</li><li>&nbsp;Dry clean only</li></ul>"
7018260922414,sawyer-1,MERGE,"
<p>Éterne’s Sawyer top is crafted from 100% ultra soft luxe cashmere,
offering a slim fit and a cropped length —a versatile essential for everyday wear.</p>
<p>Style with Éterne's <a href=""https://eterne.com/collections/cashmere/products/emma-skirt-6"">Emma Cashmere Skirt.</a></p>","Tops, Knitwear",REPLACE,"<ul><li>Fits true to size, take your normal size</li><li>Designed for a slim fit&nbsp;</li><li>100% Cashmere</li><li>Model is 177 cm/5&#39;10&quot; and is wearing a size S</li><li>&nbsp;Dry clean only</li></ul>","<ul><li>Fits true to size, take your normal size</li><li>Designed for a slim fit&nbsp;</li><li>100% Cashmere</li><li>Model is 177 cm/5&#39;10&quot; and is wearing a size S</li><li>&nbsp;Dry clean only</li></ul>"
7018260955182,stevie,MERGE,"
<p>Éterne’s Stevie sweater is crafted from 100% ultra soft luxe cashmere, offering a slim fit and a cropped length —a versatile essential for everyday wear.</p>
<p>Style with Éterne's <a href=""https://eterne.com/collections/cashmere/products/emma-skirt-2"">Emma Cashmere Skirt.</a></p>","Tops, Knitwear",REPLACE,"<ul><li>Fits true to size, take your normal size</li><li>Designed for a slim fit&nbsp;</li><li>100% Cashmere</li><li>Model is 177 cm/5&#39;10&quot; and is wearing a size S</li><li>&nbsp;Dry clean only</li></ul>","<ul><li>Fits true to size, take your normal size</li><li>Designed for a slim fit&nbsp;</li><li>100% Cashmere</li><li>Model is 177 cm/5&#39;10&quot; and is wearing a size S</li><li>&nbsp;Dry clean only</li></ul>"
7018261020718,stevie-1,MERGE,"
<p>Éterne’s Stevie sweater is crafted from 100% ultra soft luxe cashmere, offering a slim fit and a cropped length —a versatile essential for everyday wear.</p>
<p>Style with Éterne's <a href=""https://eterne.com/collections/cashmere/products/emma-skirt-6"">Emma Cashmere Skirt.</a></p>","Tops, Knitwear",REPLACE,"<ul><li>Fits true to size, take your normal size</li><li>Designed for a slim fit&nbsp;</li><li>100% Cashmere</li><li>Model is 177 cm/5&#39;10&quot; and is wearing a size S</li><li>&nbsp;Dry clean only</li></ul>","<ul><li>Fits true to size, take your normal size</li><li>Designed for a slim fit&nbsp;</li><li>100% Cashmere</li><li>Model is 177 cm/5&#39;10&quot; and is wearing a size S</li><li>&nbsp;Dry clean only</li></ul>"
7024942645294,drawstring-short-2,MERGE,"
<p>Éterne’s drawstring short is crafted from a butter soft ribbed cotton and modal blend, offering a slim fit and a mini length—a versatile essential for everyday comfort.</p>
<p>Pair with Éterne's <a href=""https://eterne.com/products/square-neck-tank-2"">square neck tank </a>as a set.</p>",Bottoms,REPLACE,"<ul><li>Fits true to size, take your normal size.</li><li>Designed for a slim fit&nbsp;</li><li style=""line-height: 24px; margin: 0px; list-style: disc;"">48% Cotton, 48% Modal, 4% Spandex</li><li>Model is 179 cm/5&#39;10.5&quot; and is wearing a size S</li><li style=""line-height: 24px; margin: 0px; list-style: disc;"">Machine wash cold. Non-chlorine bleach. Tumble dry low. Cool iron. Do not dry clean.</li></ul>","<ul><li>Fits true to size, take your normal size.</li><li>Designed for a slim fit&nbsp;</li><li style=""line-height: 24px; margin: 0px; list-style: disc;"">48% Cotton, 48% Modal, 4% Spandex</li><li>Model is 179 cm/5&#39;10.5&quot; and is wearing a size S</li><li style=""line-height: 24px; margin: 0px; list-style: disc;"">Machine wash cold. Non-chlorine bleach. Tumble dry low. Cool iron. Do not dry clean.</li></ul>"
7024942907438,cropped-muscle-tank,MERGE,"
<p><meta charset=""utf-8"">Éterne’s cropped muscle tank is crafted from a soft cotton and modal blend, offering a relaxed fit and a cropped length —a versatile essential for everyday wear.</p>
<p>Style with your favorite high-rise jeans, leather pants, or pair with Éterne's <a href=""https://eterne.com/collections/bottoms/products/lounge-pant-heather-grey"">lounge pant</a> as a set. </p>",Tanks,REPLACE,"<ul><li>Fits true to size, take your normal size</li><li>Designed for a slim fit</li><li>48% Cotton, 48% Modal, 4% Spandex</li><li>Model is 177 cm/5&#39;10&quot; and is wearing a size S</li><li><span style=""font-size:11pt;font-family:Arial;color:#454545;background-color:transparent;font-weight:400;font-style:normal;font-variant:normal;text-decoration:none;vertical-align:baseline;white-space:pre;white-space:pre-wrap;"">Machine wash cold. Non-chlorine bleach. Tumble dry low. Cool iron. Do not dry clean.</span></li></ul>","<ul><li>Fits true to size, take your normal size</li><li>Designed for a slim fit</li><li>48% Cotton, 48% Modal, 4% Spandex</li><li>Model is 177 cm/5&#39;10&quot; and is wearing a size S</li><li><span style=""font-size:11pt;font-family:Arial;color:#454545;background-color:transparent;font-weight:400;font-style:normal;font-variant:normal;text-decoration:none;vertical-align:baseline;white-space:pre;white-space:pre-wrap;"">Machine wash cold. Non-chlorine bleach. Tumble dry low. Cool iron. Do not dry clean.</span></li></ul>"
7024943005742,cropped-muscle-tank-1,MERGE,"
<p><meta charset=""utf-8"">Éterne’s cropped muscle tank is crafted from a soft cotton and modal blend, offering a relaxed fit and a cropped length —a versatile essential for everyday wear.</p>
<p>Style with your favorite high-rise jeans, leather pants, or pair with Éterne's <a href=""https://eterne.com/collections/bottoms/products/lounge-pant-ivory"">lounge pant</a> as a set. </p>",Tanks,REPLACE,"<ul><li>Fits true to size, take your normal size</li><li>Designed for a slim fit</li><li>48% Cotton, 48% Modal, 4% Spandex</li><li>Model is 177 cm/5&#39;10&quot; and is wearing a size S</li><li><span style=""font-size:11pt;font-family:Arial;color:#454545;background-color:transparent;font-weight:400;font-style:normal;font-variant:normal;text-decoration:none;vertical-align:baseline;white-space:pre;white-space:pre-wrap;"">Machine wash cold. Non-chlorine bleach. Tumble dry low. Cool iron. Do not dry clean.</span></li></ul>","<ul><li>Fits true to size, take your normal size</li><li>Designed for a slim fit</li><li>48% Cotton, 48% Modal, 4% Spandex</li><li>Model is 177 cm/5&#39;10&quot; and is wearing a size S</li><li><span style=""font-size:11pt;font-family:Arial;color:#454545;background-color:transparent;font-weight:400;font-style:normal;font-variant:normal;text-decoration:none;vertical-align:baseline;white-space:pre;white-space:pre-wrap;"">Machine wash cold. Non-chlorine bleach. Tumble dry low. Cool iron. Do not dry clean.</span></li></ul>"
7024943071278,cropped-muscle-tank-2,MERGE,"
<p><meta charset=""utf-8"">Éterne’s cropped muscle tank is crafted from a soft cotton and modal blend, offering a relaxed fit and a cropped length —a versatile essential for everyday wear.</p>
<p>Style with your favorite high-rise jeans, leather pants, or pair with Éterne's <a href=""https://eterne.com/collections/bottoms/products/lounge-pant-black"">lounge pant</a> as a set. </p>",Tanks,REPLACE,"<ul><li>Fits true to size, take your normal size</li><li>Designed for a slim fit</li><li>48% Cotton, 48% Modal, 4% Spandex</li><li>Model is 177 cm/5&#39;10&quot; and is wearing a size S</li><li><span style=""font-size:11pt;font-family:Arial;color:#454545;background-color:transparent;font-weight:400;font-style:normal;font-variant:normal;text-decoration:none;vertical-align:baseline;white-space:pre;white-space:pre-wrap;"">Machine wash cold. Non-chlorine bleach. Tumble dry low. Cool iron. Do not dry clean.</span></li></ul>","<ul><li>Fits true to size, take your normal size</li><li>Designed for a slim fit</li><li>48% Cotton, 48% Modal, 4% Spandex</li><li>Model is 177 cm/5&#39;10&quot; and is wearing a size S</li><li><span style=""font-size:11pt;font-family:Arial;color:#454545;background-color:transparent;font-weight:400;font-style:normal;font-variant:normal;text-decoration:none;vertical-align:baseline;white-space:pre;white-space:pre-wrap;"">Machine wash cold. Non-chlorine bleach. Tumble dry low. Cool iron. Do not dry clean.</span></li></ul>"
7024943104046,ls-baby-tee,MERGE,,,REPLACE,<ul>undefined,<ul>undefined
7040302186542,tank-jumpsuit,MERGE,"
<p>Éterne’s tank jumpsuit is crafted from a butter soft ribbed cotton and modal blend, offering a slim fit and a full length—a versatile essential for everyday wear.</p>",Bodysuits,REPLACE,"<ul><li>Fits true to size, take your normal size</li><li>Designed for a slim fit</li><li>48% cotton, 48% modal, 4% spandex</li><li>Model is 177 cm/5&#39;10&quot; and is wearing a size S</li><li>Machine wash cold. Non-chlorine bleach if needed. Tumble dry low. Cool iron. &nbsp;Do not dry clean.</li></ul>","<ul><li>Fits true to size, take your normal size</li><li>Designed for a slim fit</li><li>48% cotton, 48% modal, 4% spandex</li><li>Model is 177 cm/5&#39;10&quot; and is wearing a size S</li><li>Machine wash cold. Non-chlorine bleach if needed. Tumble dry low. Cool iron. &nbsp;Do not dry clean.</li></ul>"
7040302284846,tank-jumpsuit-1,MERGE,"
<p>Éterne’s tank jumpsuit is crafted from a butter soft ribbed cotton and modal blend, offering a slim fit and a full length—a versatile essential for everyday wear</p>",Bodysuits,REPLACE,"<ul><li>Fits true to size, take your normal size</li><li>Designed for a slim fit</li><li>48% cotton, 48% modal, 4% spandex</li><li>Model is 177 cm/5&#39;10&quot; and is wearing a size S</li><li>Machine wash cold. Non-chlorine bleach if needed. Tumble dry low. Cool iron. &nbsp;Do not dry clean.</li></ul>","<ul><li>Fits true to size, take your normal size</li><li>Designed for a slim fit</li><li>48% cotton, 48% modal, 4% spandex</li><li>Model is 177 cm/5&#39;10&quot; and is wearing a size S</li><li>Machine wash cold. Non-chlorine bleach if needed. Tumble dry low. Cool iron. &nbsp;Do not dry clean.</li></ul>"
7059145588782,tank-romper-1,MERGE,"
<p>Éterne’s tank romper is crafted from a butter soft ribbed cotton and modal blend, offering a slim fit and a mini length—a versatile essential for everyday comfort. </p>",Bodysuits,REPLACE,"<ul><li>Fits true to size, take your normal size</li><li>Designed for a slim fit</li><li>48% cotton, 48% modal, 4% spandex</li><li>Model is 177 cm/5&#39;10&quot; and is wearing a size S</li><li>Machine wash cold. Non-chlorine bleach if needed. Tumble dry low. Cool iron. &nbsp;Do not dry clean.</li></ul>","<ul><li>Fits true to size, take your normal size</li><li>Designed for a slim fit</li><li>48% cotton, 48% modal, 4% spandex</li><li>Model is 177 cm/5&#39;10&quot; and is wearing a size S</li><li>Machine wash cold. Non-chlorine bleach if needed. Tumble dry low. Cool iron. &nbsp;Do not dry clean.</li></ul>"
