"ID","Handle","Command","Title","Body HTML","Tags","Tags Command","Category: ID","Category: Name","Category","Custom Collections","Smart Collections","Metafield: title_tag [string]","Metafield: description_tag [string]","Metafield: clever.cleverimages [json_string]","Metafield: clever.cleveroptionindex [integer]","Metafield: clever.is_clever_on [integer]","Metafield: product.short_description [string]","Metafield: clever.clevervariantcomboimages [json_string]","Metafield: mc-facebook.google_product_category [string]","Metafield: appikon_po.settings [json_string]","Metafield: arena.gift_start_date [string]","Metafield: arena.gift_end_date [string]","Metafield: arena.is_gift [string]"
"1755701674030","gift-card","MERGE","Backup - Digital Gift Card","Shopping for someone else but not sure what to give them? Give them the gift of choice with a shopeterne gift card. <br>Gift cards are delivered by email and contain instructions to redeem them at checkout. Our gift cards have no additional processing fees.","","REPLACE","5582","Gift Cards","Gift Cards","","shop, shop-2, shop-3","","","","","","","","","","","",""
"1755702165550","gift-card-1","MERGE","Gift Card","","loop","REPLACE","5582","Gift Cards","Gift Cards","migration","shop, discount-collection, shop-2, shop-3","","","","","","","","","","","",""
"4444925460526","short-sleeve-baby-tee-black","MERGE","Short Sleeve Baby Tee Black","<h6>WHY WE LOVE IT</h6>
<p>Cut from a lightweight cotton and modal blend, our short sleeve baby tee features a shrunken slim fit and a thin-lined crewneck. This t-shirt is a perfect everyday essential. </p>
<p>Style with your favorite pair of jeans, leather pants, layered under an oversized blazer, or paired with Éterne's lounge pants as a set. </p>","basics, essentials, loop, shirt, short sleeve, t-shirt, tee, tops:s/s, womens","REPLACE","174","Shirts & Tops","Apparel & Accessories > Clothing > Shirts & Tops","bestsellers, t-shirt-styles","shop, discount-collection, shop-2, shop-3, t-shirts","The Short Sleeve Baby Tee by Eterne","The Short Sleeve Baby Tee by Eterne. Available in black or off-white. Made with 50% cotton 50% modal.","{""XS"":[""0""],""S"":[""0""],""M"":[""0""],""L"":[""0""],""XL"":[""0""],""CleverCommon"":[""14065697456174"",""14065697325102"",""14065697357870"",""14065697390638"",""14065697423406""]}","0","1","<p><strong><br></strong></p><p><strong>Size &amp; Fit Information</strong></p><ul><li>Fits true to size, take your normal size</li><li>Designed for a slim fit&nbsp;</li><li>50% Cotton 50% Modal&nbsp;</li><li>Model is 177 cm/5&#39;10&quot; and is wearing a size S</li><li>Machine wash cold. Non-chlorine bleach. Tumble dry low. Cool iron. Do not dry clean.&nbsp;</li></ul>","{""XS"":[[""0""],[""31735516332078""]],""S"":[[""0""],[""31750636929070""]],""M"":[[""0""],[""31735516364846""]],""L"":[[""0""],[""31735516397614""]],""XL"":[[""0""],[""31750598492206""]],""CleverCommon"":[""0""],""undefined"":""14065697423406""}","212","","","",""
"4450630434862","long-sleeve-thermal-black","MERGE","Long Sleeve Thermal Black","<h6>WHY WE LOVE IT </h6>
<p>Cut from a lightweight cotton and modal blend, our long sleeve thermal features a slightly slim fit, classic crewneck, and Éterne's signature extra long sleeves. </p>
<p>Style with your favorite pair of jeans, leather pants, layered under an oversized blazer, or paired with Éterne's <a href=""https://eterne.com/products/thermal-lounge-pant-black"">thermal lounge pant</a> as a set. </p>","basics, essentials, loop, shirt, short sleeve, tee, womens","REPLACE","174","Shirts & Tops","Apparel & Accessories > Clothing > Shirts & Tops","thermals, t-shirt-styles, migration","shop, discount-collection, shop-2, shop-3","The Long Sleeve Thermal by Eterne","The Long Sleeve Thermal by Eterne. Available in black or off-white. Made with 48% cotton 48% model 4% spandex.","{""XS"":[""0""],""S"":[""0""],""M"":[""0""],""L"":[""0""],""XL"":[""0""],""CleverCommon"":[""14065392287790"",""14065392156718"",""14065392549934"",""14065392189486"",""14065392255022""]}","0","1","<p><strong><br></strong></p><p><strong>Size &amp; Fit Information</strong></p><ul><li>Fits true to size, take your normal size</li><li>Designed for a slightly slim fit</li><li>48% Cotton 48% modal 4% spandex</li><li>Machine wash cold. Non-chlorine bleach. Tumble dry low. Cool iron. Do not dry clean.&nbsp;</li></ul>","{""XS"":[[""0""],[""31763906166830""]],""S"":[[""0""],[""31763906199598""]],""M"":[[""0""],[""31763906232366""]],""L"":[[""0""],[""31763906265134""]],""XL"":[[""0""],[""31763906297902""]],""CleverCommon"":[""0""],""undefined"":""14065392255022""}","1604","","","",""
"4450630533166","cropped-long-sleeve-thermal-black","MERGE","Cropped Long Sleeve Thermal Black","<h6>WHY WE LOVE IT</h6>
<p>Cut from a lightweight cotton and modal blend, our cropped long sleeve thermal features a slightly slim fit, classic crewneck, and Éterne's signature extra long sleeves. </p>
<p>Style with your favorite pair of jeans, leather pants, layered under an oversized blazer, or paired with Éterne's <a href=""https://eterne.com/products/thermal-lounge-pant-black"">thermal lounge pant</a> as a set. </p>","archive, basics, crop, Final Sale, shirt, tee, thermal, womens","REPLACE","174","Shirts & Tops","Apparel & Accessories > Clothing > Shirts & Tops","thermals, t-shirt-styles, sale, migration","shop, discount-collection, shop-2, shop-3","The Cropped Long Sleeve Thermal by Eterne","The Cropped Long Sleeve Thermal by Eterne. Available in black or off-white. Made with 48% cotton 48% model 4% spandex","{""XS"":[""0""],""S"":[""0""],""M"":[""0""],""L"":[""0""],""XL"":[""0""],""CleverCommon"":[""14062261043246"",""14062261272622"",""14062261076014"",""14062261108782"",""14062263402542""]}","0","1","<p><br></p><p><strong><br></strong></p><p><strong>Size &amp; Fit Information</strong></p><ul><li>Fits true to size, take your normal size</li><li>Designed for a slightly slim fit&nbsp;</li><li>48% Cotton 48% Modal 4% Spandex</li><li>Model is 177 cm/5&#39;10&quot; and is wearing a size S</li><li>Machine wash cold. Non-chlorine bleach. Tumble dry low. Cool iron. Do not dry clean.&nbsp;</li></ul>","{""XS"":[[""0""],[""31763906756654""]],""S"":[[""0""],[""31763906789422""]],""M"":[[""0""],[""31763906822190""]],""L"":[[""0""],[""31763906854958""]],""XL"":[[""0""],[""31767192010798""]],""CleverCommon"":[""0""],""undefined"":""14062263402542""}","1604","","","",""
"4450630565934","short-sleeve-boyfriend-tee","MERGE","Short Sleeve Boyfriend T-Shirt Black","<h6>WHY WE LOVE IT</h6>
<p>Cut from a lightweight cotton and modal blend, our short sleeve boyfriend tee features a relaxed loose fit with an unfinished raw edge neckline detail. This t-shirt is the perfect everyday essential. </p>
<p>Style with your favorite pair of jeans, leather pants, layered under an oversized blazer, or paired with Éterne's lounge pants as a set. </p>","basics, essentials, loop, shirt, short sleeve, T-shirt, tee, tops:s/s, womens","REPLACE","174","Shirts & Tops","Apparel & Accessories > Clothing > Shirts & Tops","t-shirt-styles, migration","shop, discount-collection, shop-2, shop-3, t-shirts","The Short Sleeve Boyfriend Tee by Eterne","The Short Sleeve Boyfriend Tee by Eterne. Available in black or off-white. Made with 50% cotton 50% modal.","{""XS"":[""0""],""S"":[""0""],""M"":[""0""],""L"":[""0""],""XL"":[""0""],""CleverCommon"":[""14065790025774"",""14065789632558"",""14065790124078"",""14065789698094"",""14065789993006""]}","0","1","<p><strong><br></strong></p><p><strong>Size &amp; Fit Information</strong></p><ul><li>Fits true to size, take your normal size</li><li>Designed for a loose fit</li><li>50% Cotton 50% Modal&nbsp;</li><li>Model is 177 cm/5&#39;10&quot; and is wearing a size S</li><li>Machine wash cold. Non-chlorine bleach. Tumble dry low. Cool iron. Do not dry clean.&nbsp;</li></ul>","{""XS"":[[""0""],[""31763907444782""]],""S"":[[""0""],[""31763907477550""]],""M"":[[""0""],[""31763907510318""]],""L"":[[""0""],[""31763907543086""]],""XL"":[[""0""],[""31763907575854""]],""CleverCommon"":[""0""],""undefined"":""14065789993006""}","1604","","","",""
"4450630631470","long-sleeve-boyfriend-tee-black","MERGE","Long Sleeve Boyfriend T-Shirt Black","<h6>WHY WE LOVE IT</h6>
<p>Cut from lightweight cotton and modal blend, our long sleeve boyfriend tee features a relaxed loose fit, unfinished raw edge neckline detail along with Éterne's signature extra long sleeves. </p>
<p>Style with your favorite pair of jeans, leather pants, layered under an oversized blazer, or paired with Éterne's lounge pant as a set. </p>","basics, essentials, loop, shirt, short sleeve, T-shirt, tee, tops:l/s, womens","REPLACE","174","Shirts & Tops","Apparel & Accessories > Clothing > Shirts & Tops","t-shirt-styles, migration","shop, discount-collection, shop-2, shop-3, t-shirts","The Long Sleeve Boyfriend Tee by Eterne","The Long Sleeve Boyfriend Tee by Eterne. Available in black or off-white. Made with 50% cotton 50% modal.","{""XS"":[""0""],""S"":[""0""],""M"":[""0""],""L"":[""0""],""XL"":[""0""],""CleverCommon"":[""14065307582510"",""14065307287598"",""14065307320366"",""14065307353134"",""14065307549742""]}","0","1","<p><br></p><p><strong><br></strong></p><p><strong>Size &amp; Fit Information</strong></p><ul><li>Fits true to size, take your normal size</li><li>Designed for a loose fit</li><li>50% Cotton / 50% Modal&nbsp;</li><li>Model is 177 cm/5&#39;10&quot; and is wearing a size S</li><li>Machine wash cold. Non-chlorine bleach. Tumble dry low. Cool iron. Do not dry clean.&nbsp;</li></ul>","{""XS"":[[""0""],[""31763908296750""]],""S"":[[""0""],[""31763908329518""]],""M"":[[""0""],[""31763908362286""]],""L"":[[""0""],[""31763908395054""]],""XL"":[[""0""],[""31763908427822""]],""CleverCommon"":[""0""],""undefined"":""14065307549742""}","1604","","","",""
"4450630795310","rib-tank-ivory","MERGE","Rib Tank Ivory","<h6>WHY WE LOVE IT</h6>
<p>Cut from a lightweight cotton 100% rib fabric, our ribbed tank features a slim fit with its flattering thin tank straps and vintage-inspired neckline. </p>
<p>Style with your favorite pair of jeans, leather pants, layered under an oversized blazer or under a pantsuit. </p>","basics, essentials, loop, shirt, short sleeve, tank top, tank tops, tee, tops:tanks, womens","REPLACE","174","Shirts & Tops","Apparel & Accessories > Clothing > Shirts & Tops","tank-styles","shop, discount-collection, shop-2, shop-3, tank-tops","The Rib Tank by Éterne","The Rib Tank by Éterne. Cut from a lightweight cotton 100% rib fabric, our ribbed tank features a slim fit with its flattering thin tank straps and vintage-inspired neckline. Style with your favorite pair of jeans, leather pants, layered under an oversized blazer or under a pantsuit.","{""XS"":[""0""],""S"":[""0""],""M"":[""0""],""L"":[""0""],""XL"":[""0""],""CleverCommon"":[""14065550327854"",""14065549770798"",""14065550393390"",""14065549803566"",""14065550131246""]}","0","1","<p><strong><br></strong></p><p><strong>Size &amp; Fit Information</strong></p><ul><li>Fits true to size, take your normal size</li><li>Designed for a slim fit</li><li>100% cotton</li><li>Model is 177 cm/5&#39;10&quot; and is wearing a size S</li><li>Machine wash cold. Non-chlorine bleach. Tumble dry low. Cool iron. Do not dry clean.&nbsp;</li></ul>","{""XS"":[[""0""],[""31763908952110""]],""S"":[[""0""],[""31763908984878""]],""M"":[[""0""],[""31763909017646""]],""L"":[[""0""],[""31763909050414""]],""XL"":[[""0""],[""31763909083182""]],""CleverCommon"":[""0""],""undefined"":""14065550131246""}","212","","","",""
"4450630893614","cropped-rib-tank-black","MERGE","Cropped Rib Tank Black","<h6>WHY WE LOVE IT</h6>
<p>Cut from a lightweight 100% cotton rib fabric, our cropped ribbed tank features a slim fit with its flattering thin tank straps and vintage-inspired neckline. </p>
<p>Style with your favorite pair of jeans, leather pants, layered under an oversized blazer or under a pantsuit. </p>","basics, essentials, loop, shirt, short sleeve, tank top, tank tops, tee, tops:tanks, womens","REPLACE","174","Shirts & Tops","Apparel & Accessories > Clothing > Shirts & Tops","tank-styles, migration","shop, discount-collection, shop-2, shop-3, tank-tops","The Cropped Rib Tank by Eterne","The Cropped Rib Tank by Eterne. Available in heather grey, black, or off-white. Made with 100% cotton.","{""XS"":[""0""],""S"":[""0""],""M"":[""0""],""L"":[""0""],""XL"":[""0""],""CleverCommon"":[""14065198727214"",""14065196859438"",""14065196892206"",""14065196924974"",""14065197121582""]}","0","1","<p><strong><br></strong></p><p><strong>Size &amp; Fit Information</strong></p><ul><li>Fits true to size, take your normal size</li><li>Designed for a slim fit&nbsp;</li><li>100% cotton</li><li>Model is 177 cm/5&#39;10&quot; and is wearing a size S</li><li>Machine wash cold. Non-chlorine bleach. Tumble dry low. Cool dry. Do not dry clean.&nbsp;</li></ul>","{""XS"":[[""0""],[""31763909804078""]],""S"":[[""0""],[""31763909836846""]],""M"":[[""0""],[""31763909869614""]],""L"":[[""0""],[""31763909902382""]],""XL"":[[""0""],[""31763909935150""]],""CleverCommon"":[""0""],""undefined"":""14065197121582""}","212","","","",""
"4450631057454","boyfriend-tank-black","MERGE","Boyfriend Tank Black","<h6>WHY WE LOVE IT</h6>
<p>Cut from a lightweight cotton and modal blend, our boyfriend tank features a relaxed loose muscle-tank fit. Inspired by vintage men's tanks, this t-shirt is the perfect everyday essential. </p>
<p>Style with your favorite pair of jeans, leather pants, layered under an oversized blazer, or paired with Éterne's lounge pants as a set. </p>","archive, basics, essentials, loop, shirt, short sleeve, tank top, tank tops, tee, tops:tanks, womens","REPLACE","174","Shirts & Tops","Apparel & Accessories > Clothing > Shirts & Tops","tank-styles, migration","shop, discount-collection, shop-2, shop-3, tank-tops","The Boyfriend Tank by Eterne","The Boyfriend Tank by Eterne. Available in black or off-white. Made with 50% cotton 50% modal.","{""XS"":[""0""],""S"":[""0""],""M"":[""0""],""L"":[""0""],""XL"":[""0""],""CleverCommon"":[""14084259053614"",""14084259020846"",""14084258955310"",""14084258922542"",""14084258889774""]}","0","1","<p><strong><br></strong></p><p><strong>Size &amp; Fit Information</strong></p><ul><li>Fits true to size, take your normal size</li><li>Designed for a slightly loose fit</li><li>50% Cotton 50% Modal&nbsp;</li><li>Model is 177 cm/5&#39;10&quot; and is wearing a size S</li><li>Machine wash cold. Non-chlorine bleach. Tumble dry low. Cool iron. Do not dry clean.&nbsp;</li></ul>","{""XS"":[[""0""],[""31763911114798""]],""S"":[[""0""],[""31763911147566""]],""M"":[[""0""],[""31763911180334""]],""L"":[[""0""],[""31763911213102""]],""XL"":[[""0""],[""31763911245870""]],""CleverCommon"":[""0""],""undefined"":""14084258889774""}","212","{""productSettings"":""{\""4450631057454\"":{\""preOrderEnabled\"":false,\""quantityLimit\"":0,\""overallQuantityLimit\"":0,\""totalQuantityOrdered\"":0,\""buttonText\"":\""Preorder\"",\""buttonMessage\"":\""Estimated shipping March 22nd\"",\""buttonMessageVisibility\"":\""ALWAYS\"",\""cartCheckoutLabel\"":\"" \"",\""preOrderTimeEnable\"":false,\""dateStart\"":\""-1\"",\""dateStop\"":\""-1\"",\""discountValue\"":0.0,\""discountType\"":\""PERCENTAGE\"",\""showPriceOnCheckoutLabelOnCart\"":false,\""showFullPriceLabelOnCart\"":false,\""showSellingPlanLabelOnCart\"":false,\""showPurchaseOptions\"":true,\""showPurchaseOptionsOnSingleSellingPlan\"":false,\""orderTag\"":\""appikon-pre-order\"",\""comingSoonEnable\"":false,\""comingSoonHeader\"":\""Coming Soon\"",\""comingSoonMessage\"":\""Dropping on\"",\""comingSoonAvailableFrom\"":\""-1\"",\""showPreOrderLabelOnCollectionPage\"":true,\""collectionPagePreOrderLabelText\"":\""Preorder\"",\""collectionPagePreOrderLabelClass\"":\""\"",\""collectionPagePreOrderLabelCSS\"":\"".appikon-pre-order-button-message {\\nmargin-top: 16px;\\n}\"",\""preOrderClosedMessage\"":\""Sold Out\""}}"",""variantSettings"":""{\""31763911180334\"":{\""preOrderEnabled\"":false,\""quantityLimit\"":0,\""overallQuantityLimit\"":0,\""totalQuantityOrdered\"":0,\""buttonText\"":\""Preorder\"",\""buttonMessage\"":\""Estimated shipping March 22nd\"",\""buttonMessageVisibility\"":\""ALWAYS\"",\""cartCheckoutLabel\"":\"" \"",\""preOrderTimeEnable\"":false,\""dateStart\"":\""-1\"",\""dateStop\"":\""-1\"",\""discountValue\"":0.0,\""discountType\"":\""PERCENTAGE\"",\""showPriceOnCheckoutLabelOnCart\"":false,\""showFullPriceLabelOnCart\"":false,\""showSellingPlanLabelOnCart\"":false,\""showPurchaseOptions\"":true,\""showPurchaseOptionsOnSingleSellingPlan\"":false,\""orderTag\"":\""appikon-pre-order\"",\""comingSoonEnable\"":false,\""comingSoonHeader\"":\""Coming Soon\"",\""comingSoonMessage\"":\""Dropping on\"",\""comingSoonAvailableFrom\"":\""-1\"",\""showPreOrderLabelOnCollectionPage\"":true,\""collectionPagePreOrderLabelText\"":\""Preorder\"",\""collectionPagePreOrderLabelClass\"":\""\"",\""collectionPagePreOrderLabelCSS\"":\"".appikon-pre-order-button-message {\\nmargin-top: 16px;\\n}\"",\""preOrderClosedMessage\"":\""Sold Out\""},\""31763911213102\"":{\""preOrderEnabled\"":false,\""quantityLimit\"":0,\""overallQuantityLimit\"":0,\""totalQuantityOrdered\"":0,\""buttonText\"":\""Preorder\"",\""buttonMessage\"":\""Estimated shipping March 22nd\"",\""buttonMessageVisibility\"":\""ALWAYS\"",\""cartCheckoutLabel\"":\"" \"",\""preOrderTimeEnable\"":false,\""dateStart\"":\""-1\"",\""dateStop\"":\""-1\"",\""discountValue\"":0.0,\""discountType\"":\""PERCENTAGE\"",\""showPriceOnCheckoutLabelOnCart\"":false,\""showFullPriceLabelOnCart\"":false,\""showSellingPlanLabelOnCart\"":false,\""showPurchaseOptions\"":true,\""showPurchaseOptionsOnSingleSellingPlan\"":false,\""orderTag\"":\""appikon-pre-order\"",\""comingSoonEnable\"":false,\""comingSoonHeader\"":\""Coming Soon\"",\""comingSoonMessage\"":\""Dropping on\"",\""comingSoonAvailableFrom\"":\""-1\"",\""showPreOrderLabelOnCollectionPage\"":true,\""collectionPagePreOrderLabelText\"":\""Preorder\"",\""collectionPagePreOrderLabelClass\"":\""\"",\""collectionPagePreOrderLabelCSS\"":\"".appikon-pre-order-button-message {\\nmargin-top: 16px;\\n}\"",\""preOrderClosedMessage\"":\""Sold Out\""},\""31763911114798\"":{\""preOrderEnabled\"":false,\""quantityLimit\"":0,\""overallQuantityLimit\"":0,\""totalQuantityOrdered\"":0,\""buttonText\"":\""Preorder\"",\""buttonMessage\"":\""Estimated shipping March 22nd\"",\""buttonMessageVisibility\"":\""ALWAYS\"",\""cartCheckoutLabel\"":\"" \"",\""preOrderTimeEnable\"":false,\""dateStart\"":\""-1\"",\""dateStop\"":\""-1\"",\""discountValue\"":0.0,\""discountType\"":\""PERCENTAGE\"",\""showPriceOnCheckoutLabelOnCart\"":false,\""showFullPriceLabelOnCart\"":false,\""showSellingPlanLabelOnCart\"":false,\""showPurchaseOptions\"":true,\""showPurchaseOptionsOnSingleSellingPlan\"":false,\""orderTag\"":\""appikon-pre-order\"",\""comingSoonEnable\"":false,\""comingSoonHeader\"":\""Coming Soon\"",\""comingSoonMessage\"":\""Dropping on\"",\""comingSoonAvailableFrom\"":\""-1\"",\""showPreOrderLabelOnCollectionPage\"":true,\""collectionPagePreOrderLabelText\"":\""Preorder\"",\""collectionPagePreOrderLabelClass\"":\""\"",\""collectionPagePreOrderLabelCSS\"":\"".appikon-pre-order-button-message {\\nmargin-top: 16px;\\n}\"",\""preOrderClosedMessage\"":\""Sold Out\""},\""31763911147566\"":{\""preOrderEnabled\"":false,\""quantityLimit\"":0,\""overallQuantityLimit\"":0,\""totalQuantityOrdered\"":0,\""buttonText\"":\""Preorder\"",\""buttonMessage\"":\""Estimated shipping March 22nd\"",\""buttonMessageVisibility\"":\""ALWAYS\"",\""cartCheckoutLabel\"":\"" \"",\""preOrderTimeEnable\"":false,\""dateStart\"":\""-1\"",\""dateStop\"":\""-1\"",\""discountValue\"":0.0,\""discountType\"":\""PERCENTAGE\"",\""showPriceOnCheckoutLabelOnCart\"":false,\""showFullPriceLabelOnCart\"":false,\""showSellingPlanLabelOnCart\"":false,\""showPurchaseOptions\"":true,\""showPurchaseOptionsOnSingleSellingPlan\"":false,\""orderTag\"":\""appikon-pre-order\"",\""comingSoonEnable\"":false,\""comingSoonHeader\"":\""Coming Soon\"",\""comingSoonMessage\"":\""Dropping on\"",\""comingSoonAvailableFrom\"":\""-1\"",\""showPreOrderLabelOnCollectionPage\"":true,\""collectionPagePreOrderLabelText\"":\""Preorder\"",\""collectionPagePreOrderLabelClass\"":\""\"",\""collectionPagePreOrderLabelCSS\"":\"".appikon-pre-order-button-message {\\nmargin-top: 16px;\\n}\"",\""preOrderClosedMessage\"":\""Sold Out\""},\""31763911245870\"":{\""preOrderEnabled\"":false,\""quantityLimit\"":0,\""overallQuantityLimit\"":0,\""totalQuantityOrdered\"":0,\""buttonText\"":\""Preorder\"",\""buttonMessage\"":\""Estimated shipping March 22nd\"",\""buttonMessageVisibility\"":\""ALWAYS\"",\""cartCheckoutLabel\"":\"" \"",\""preOrderTimeEnable\"":false,\""dateStart\"":\""-1\"",\""dateStop\"":\""-1\"",\""discountValue\"":0.0,\""discountType\"":\""PERCENTAGE\"",\""showPriceOnCheckoutLabelOnCart\"":false,\""showFullPriceLabelOnCart\"":false,\""showSellingPlanLabelOnCart\"":false,\""showPurchaseOptions\"":true,\""showPurchaseOptionsOnSingleSellingPlan\"":false,\""orderTag\"":\""appikon-pre-order\"",\""comingSoonEnable\"":false,\""comingSoonHeader\"":\""Coming Soon\"",\""comingSoonMessage\"":\""Dropping on\"",\""comingSoonAvailableFrom\"":\""-1\"",\""showPreOrderLabelOnCollectionPage\"":true,\""collectionPagePreOrderLabelText\"":\""Preorder\"",\""collectionPagePreOrderLabelClass\"":\""\"",\""collectionPagePreOrderLabelCSS\"":\"".appikon-pre-order-button-message {\\nmargin-top: 16px;\\n}\"",\""preOrderClosedMessage\"":\""Sold Out\""}}""}","","",""
"4450631122990","cropped-boyfriend-tank-ivory","MERGE","Cropped Boyfriend Tank Ivory","<h6>WHY WE LOVE IT</h6>
<p>Cut from a lightweight cotton and modal blend, our cropped boyfriend tank features a relaxed loose muscle tank fit. Inspired by vintage men's tanks, this t-shirt is the perfect everyday essential. </p>
<p>Style with your favorite high-rise jeans, leather pants, layered under an oversized blazer, or paired with Éterne's lounge pants as a set. </p>","archive, basics, essentials, Final Sale, new_in: 2020-07-26, shirt, short sleeve, tank top, tank tops, tee, tops:tanks, womens","REPLACE","174","Shirts & Tops","Apparel & Accessories > Clothing > Shirts & Tops","tank-styles, sale, migration","shop, discount-collection, shop-2, shop-3, tank-tops","The Cropped Boyfriend Tank by Eterne","The Cropped Boyfriend Tank by Eterne. Available in black or ivory. Made with 50% cotton 50% modal.","{""OFFWHITE"":[""0""],""CleverCommon"":[""14062239121454"",""14062238924846"",""14062238957614"",""14062238990382"",""14062239023150""]}","0","1","<p><strong><br></strong></p><p><strong>Size &amp; Fit Information</strong></p><ul><li>Fits true to size, take your normal size</li><li>Designed for a slightly loose fit</li><li>50% Cotton 50% Modal&nbsp;</li><li>Model is 177 cm/5&#39;10&quot; and is wearing a size S</li><li>Machine wash cold. Non-chlorine bleach. Tumble dry low. Cool iron. Do not dry clean.&nbsp;</li></ul><p><strong>Final Sale</strong></p><ul><li>This item is FINAL SALE and not eligible for a refund, exchange, or store credit.</li></ul>","{""OFFWHITE"":[[""0""],[""31763911376942"",""31763911409710"",""31763911442478"",""31763911475246"",""31763911508014""]],""CleverCommon"":[""0""],""undefined"":""14062239023150""}","212","","","",""
"4461831028782","boyfriend-tank-ivory","MERGE","Boyfriend Tank Ivory","<h6>WHY WE LOVE IT</h6>
<p>Cut from a lightweight cotton and modal blend, our boyfriend tank features a relaxed loose muscle-tank fit. Inspired by vintage men's tanks, this t-shirt is the perfect everyday essential. </p>
<p>Style with your favorite pair of jeans, leather pants, layered under an oversized blazer, or paired with Éterne's lounge pants as a set. </p>","archive, basics, essentials, Final Sale, new_in: 2020-07-26, shirt, sleeveless, tank, tank top, tank tops, tee, tops:tanks, womens","REPLACE","174","Shirts & Tops","Apparel & Accessories > Clothing > Shirts & Tops","tank-styles, sale, migration","shop, discount-collection, shop-2, shop-3, tank-tops","The Boyfriend Tank by Eterne","The Boyfriend Tank by Eterne. Available in black or ivory. Made with 50% cotton 50% modal.","{""XS"":[""0""],""S"":[""0""],""M"":[""0""],""L"":[""0""],""XL"":[""0""],""CleverCommon"":[""14084255612974"",""14084256530478"",""14084256464942"",""14084256432174"",""14084256497710""]}","0","1","<p><strong><br></strong></p><p><strong>Size &amp; Fit Information</strong></p><ul><li>Fits true to size, take your normal size</li><li>Designed for a slightly loose fit</li><li>50% Cotton 50% Modal&nbsp;</li><li>Model is 177 cm/5&#39;10&quot; and is wearing a size S</li><li>Machine wash cold. Non-chlorine bleach. Tumble dry low. Cool iron. Do not dry clean.&nbsp;</li></ul>","{""XS"":[[""0""],[""31804630695982""]],""S"":[[""0""],[""31804630728750""]],""M"":[[""0""],[""31804630761518""]],""L"":[[""0""],[""31804630794286""]],""XL"":[[""0""],[""31804630827054""]],""CleverCommon"":[""0""],""undefined"":""14084256497710""}","212","","","",""
"4461832306734","cropped-boyfriend-tank-black","MERGE","Cropped Boyfriend Tank Black","<h6>WHY WE LOVE IT</h6>
<p>Cut from a lightweight cotton and modal blend, our cropped boyfriend tank features a relaxed loose muscle tank fit. Inspired by vintage men's tanks, this t-shirt is the perfect everyday essential. </p>
<p>Style with your favorite high-rise jeans, leather pants, layered under an oversized blazer, or paired with Éterne's lounge pants as a set. </p>","archive, Final Sale, new_in: 2020-07-26, tank, tank top, tank tops, tops:tanks","REPLACE","174","Shirts & Tops","Apparel & Accessories > Clothing > Shirts & Tops","tank-styles, sale, migration","shop, discount-collection, shop-2, shop-3, tank-tops","The Cropped Boyfriend Tank by Eterne","The Cropped Boyfriend Tank by Eterne. Available in black or off-white. Made with 50% cotton 50% modal.","{""OFFWHITE"":[""14026617126958"",""14013477453870"",""14013477486638"",""14013477519406"",""14013477552174""],""BLACK"":[""14026617028654"",""14013477584942"",""14013477617710"",""14013477650478"",""14013477683246""],""CleverCommon"":[""0""]}","0","1","<p><strong><br></strong></p><p><strong>Size &amp; Fit Information</strong></p><ul><li>Fits true to size, take your normal size</li><li>Designed for a slightly loose fit</li><li>50% Cotton 50% Modal&nbsp;</li><li>Model is 177 cm/5&#39;10&quot; and is wearing a size S</li><li>Machine wash cold. Non-chlorine bleach. Tumble dry low. Cool iron. Do not dry clean.&nbsp;</li></ul><p><strong>Final Sale</strong></p><ul><li>This item is FINAL SALE and not eligible for a refund, exchange, or store credit.</li></ul>","{""OFFWHITE"":[[""14026617126958"",""14013477453870"",""14013477486638"",""14013477519406"",""14013477552174""],[""31763911376942"",""31763911409710"",""31763911442478"",""31763911475246"",""31763911508014""]],""BLACK"":[[""14026617028654"",""14013477584942"",""14013477617710"",""14013477650478"",""14013477683246""],[""31763911540782"",""31763911573550"",""31763911606318"",""31763911639086"",""31763911671854""]],""CleverCommon"":[""0""]}","212","","","",""
"4461832863790","cropped-rib-tank-ivory","MERGE","Cropped Rib Tank Ivory","<h6>WHY WE LOVE IT</h6>
<p>Cut from a lightweight 100% cotton rib fabric, our cropped rib tank features a slim fit with its flattering thin tank straps and vintage-inspired neckline. </p>
<p>Style with your favorite pair of jeans, leather pants, layered under an oversized blazer or under a pantsuit. </p>","basics, essentials, loop, shirt, short sleeve, tank top, tank tops, tee, tops:tanks, womens","REPLACE","174","Shirts & Tops","Apparel & Accessories > Clothing > Shirts & Tops","tank-styles, migration","shop, discount-collection, shop-2, shop-3, tank-tops","The Cropped Rib Tank by Eterne","The Cropped Rib Tank by Eterne. Available in heather grey, black, or ivory. Made with 100% cotton.","{""OFFWHITE"":[""14026830774318"",""14013473292334"",""14013473325102"",""14013473357870"",""14013473390638""],""BLACK"":[""14026830741550"",""14013473423406"",""14013473456174"",""14013473488942"",""14013473521710""],""HEATHERGREY"":[""14026830807086"",""14013473554478"",""14013473587246"",""14013473620014"",""14013473652782""],""CleverCommon"":[""0""]}","0","1","<p><strong><br></strong></p><p><strong>Size &amp; Fit Information</strong></p><ul><li>Fits true to size, take your normal size</li><li>Designed for a slim fit&nbsp;</li><li>100% cotton</li><li>Model is 177 cm/5&#39;10&quot; and is wearing a size S</li><li>Machine wash cold. Non-chlorine bleach. Tumble dry low. Cool dry. Do not dry clean.&nbsp;</li></ul>","{""OFFWHITE"":[[""14026830774318"",""14013473292334"",""14013473325102"",""14013473357870"",""14013473390638""],[""31763909804078"",""31763909836846"",""31763909869614"",""31763909902382"",""31763909935150""]],""BLACK"":[[""14026830741550"",""14013473423406"",""14013473456174"",""14013473488942"",""14013473521710""],[""31763909967918"",""31763910000686"",""31763910033454"",""31763910066222"",""31763910098990""]],""HEATHERGREY"":[[""14026830807086"",""14013473554478"",""14013473587246"",""14013473620014"",""14013473652782""],[""31763910131758"",""31763910164526"",""31763910197294"",""31763910230062"",""31763910262830""]],""CleverCommon"":[""0""]}","212","","","",""
"4461832994862","cropped-rib-tank-heather-grey","MERGE","Cropped Rib Tank Heather Grey","<h6>WHY WE LOVE IT</h6>
<p>Cut from a lightweight 100% cotton rib fabric, our cropped ribbed tank features a slim fit with its flattering thin tank straps and vintage-inspired neckline. </p>
<p>Style with your favorite pair of jeans, leather pants, layered under an oversized blazer or under a pantsuit. </p>","basics, essentials, loop, shirt, short sleeve, tank top, tank tops, tee, tops:tanks, womens","REPLACE","174","Shirts & Tops","Apparel & Accessories > Clothing > Shirts & Tops","tank-styles, migration","shop, discount-collection, shop-2, shop-3, tank-tops","The Cropped Rib Tank by Eterne","The Cropped Rib Tank by Eterne. Available in heather grey, black, or off-white. Made with 100% cotton.","{""XS"":[""0""],""S"":[""0""],""M"":[""0""],""L"":[""0""],""XL"":[""0""],""CleverCommon"":[""14055550517294"",""14055550550062"",""14055550582830"",""14055550615598"",""14055550648366""]}","0","1","<p><strong><br></strong></p><p><strong>Size &amp; Fit Information</strong></p><ul><li>Fits true to size, take your normal size</li><li>Designed for a slim fit&nbsp;</li><li>100% cotton</li><li>Model is 177 cm/5&#39;10&quot; and is wearing a size S</li><li>Machine wash cold. Non-chlorine bleach. Tumble dry low. Cool dry. Do not dry clean.&nbsp;</li></ul>","{""XS"":[[""0""],[""31804660809774""]],""S"":[[""0""],[""31804660842542""]],""M"":[[""0""],[""31804660875310""]],""L"":[[""0""],[""31804660908078""]],""XL"":[[""0""],[""31804660940846""]],""CleverCommon"":[""0""],""undefined"":""14055550648366""}","212","","","",""
"4461833224238","long-sleeve-boyfriend-tee-ivory","MERGE","Long Sleeve Boyfriend T-Shirt Ivory","<h6>WHY WE LOVE IT</h6>
<p>Cut from lightweight cotton and modal blend, our long sleeve boyfriend tee features a relaxed loose fit, unfinished raw edge neckline detail along with Éterne's signature extra long sleeves. </p>
<p>Style with your favorite pair of jeans, leather pants, layered under an oversized blazer, or paired with Éterne's lounge pants as a set. </p>","basics, essentials, loop, shirt, short sleeve, T-shirt, tee, tops:l/s, womens","REPLACE","174","Shirts & Tops","Apparel & Accessories > Clothing > Shirts & Tops","t-shirt-styles, migration","shop, discount-collection, shop-2, shop-3, t-shirts","The Long Sleeve Boyfriend Tee by Éterne","The Long Sleeve Boyfriend Tee by Éterne. Available in black or ivory. Made with 50% cotton 50% modal.","{""XS"":[""0""],""S"":[""0""],""M"":[""0""],""L"":[""0""],""XL"":[""0""],""CleverCommon"":[""14065336483886"",""14065336254510"",""14065336287278"",""14065336320046"",""14065336352814""]}","0","1","<p><strong><br></strong></p><p><strong>Size &amp; Fit Information</strong></p><ul><li>Fits true to size, take your normal size</li><li>Designed for a loose fit</li><li>50% Cotton / 50% Modal&nbsp;</li><li>Model is 177 cm/5&#39;10&quot; and is wearing a size S</li><li>Machine wash cold. Non-chlorine bleach. Tumble dry low. Cool iron. Do not dry clean.&nbsp;</li></ul><p><strong>Final Sale</strong></p><ul><li>This item is FINAL SALE and not eligible for a refund, exchange, or store credit.</li></ul>","{""XS"":[[""0""],[""31804661989422""]],""S"":[[""0""],[""31804662022190""]],""M"":[[""0""],[""31804662054958""]],""L"":[[""0""],[""31804662087726""]],""XL"":[[""0""],[""31804662120494""]],""CleverCommon"":[""0""],""undefined"":""14065336352814""}","1604","","","",""
"4461833289774","long-sleeve-boyfriend-tee-heather-grey","MERGE","Long Sleeve Boyfriend T-Shirt Heather Grey","<h6>WHY WE LOVE IT</h6>
<p>Cut from lightweight cotton and modal blend, our long sleeve boyfriend tee features a relaxed loose fit, unfinished raw edge neckline detail along with Éterne's signature extra long sleeves. </p>
<p>Style with your favorite pair of jeans, leather pants, layered under an oversized blazer, or paired with Éterne's lounge pant as a set. </p>","basics, essentials, loop, shirt, short sleeve, T-shirt, tee, tops:l/s, womens","REPLACE","174","Shirts & Tops","Apparel & Accessories > Clothing > Shirts & Tops","t-shirt-styles, migration","shop, discount-collection, shop-2, shop-3, t-shirts","The Long Sleeve Boyfriend Tee by Eterne","The Long Sleeve Boyfriend Tee by Eterne. Available in black or off-white. Made with 50% cotton 50% modal.","{""OFFWHITE"":[""14013469556782"",""14013469589550"",""14013469622318"",""14013469655086"",""14026968105006""],""BLACK"":[""14013469687854"",""14013469720622"",""14013469753390"",""14026968137774""],""HEATHERGREY"":[""14013469818926"",""14013469851694"",""14013469884462"",""14013469786158"",""14026968072238""],""CleverCommon"":[""0""]}","0","1","<p><strong><br></strong></p><p><strong>Size &amp; Fit Information</strong></p><ul><li>Fits true to size, take your normal size</li><li>Designed for a loose fit</li><li>50% Cotton / 50% Modal&nbsp;</li><li>Model is 177 cm/5&#39;10&quot; and is wearing a size S</li><li>Machine wash cold. Non-chlorine bleach. Tumble dry low. Cool iron. Do not dry clean.&nbsp;</li></ul>","{""OFFWHITE"":[[""14013469556782"",""14013469589550"",""14013469622318"",""14013469655086"",""14026968105006""],[""31763908132910"",""31763908165678"",""31763908198446"",""31763908231214"",""31763908263982""]],""BLACK"":[[""14013469687854"",""14013469720622"",""14013469753390"",""14026968137774""],[""31763908296750"",""31763908329518"",""31763908362286"",""31763908395054"",""31763908427822""]],""HEATHERGREY"":[[""14013469818926"",""14013469851694"",""14013469884462"",""14013469786158"",""14026968072238""],[""31763908460590"",""31763908493358"",""31763908526126"",""31763908558894"",""31763908591662""]],""CleverCommon"":[""0""]}","1604","","","",""
"4461835059246","long-sleeve-thermal-ivory","MERGE","Long Sleeve Thermal Ivory","<h6>WHY WE LOVE IT</h6>
<p>Cut from a lightweight cotton and modal blend, our long sleeve thermal features a slightly slim fit, classic crewneck, and Éterne's signature extra long sleeves. </p>
<p>Style with your favorite pair of jeans, leather pants, layered under an oversized blazer, or paired with Éterne's <a href=""https://eterne.com/products/thermal-lounge-pant-ivory"">thermal lounge pant</a> as a set.</p>","basics, essentials, loop, shirt, short sleeve, tee, womens","REPLACE","174","Shirts & Tops","Apparel & Accessories > Clothing > Shirts & Tops","thermals, t-shirt-styles, migration","shop, discount-collection, shop-2, shop-3","The Long Sleeve Thermal by Éterne","The Long Sleeve Thermal by Éterne. Available in black or ivory. Made with 48% cotton 48% model 4% spandex.","{""Black"":[""14013464903726"",""14013464936494"",""14013464969262"",""14013465002030"",""14026747248686""],""OffWhite"":[""14013465034798"",""14013465067566"",""14013465100334"",""14013465133102"",""14026747379758""],""CleverCommon"":[""0""]}","0","1","<p><strong><br></strong></p><p><strong>Size &amp; Fit Information</strong></p><ul><li>Fits true to size, take your normal size</li><li>Designed for a slightly slim fit</li><li>48% Cotton 48% modal 4% spandex</li><li>Machine wash cold. Non-chlorine bleach. Tumble dry low. Cool iron. Do not dry clean.&nbsp;</li></ul>","{""Black"":[[""14013464903726"",""14013464936494"",""14013464969262"",""14013465002030"",""14026747248686""],[""31763906166830"",""31763906199598"",""31763906232366"",""31763906265134"",""31763906297902""]],""OffWhite"":[[""14013465034798"",""14013465067566"",""14013465100334"",""14013465133102"",""14026747379758""],[""31763906330670"",""31763906363438"",""31763906396206"",""31763906428974"",""31763906461742""]],""CleverCommon"":[""0""]}","1604","","","",""
"4462931705902","cropped-long-sleeve-thermal-ivory","MERGE","Cropped Long Sleeve Thermal Ivory","<h6>WHY WE LOVE IT</h6>
<p>Cut from a lightweight cotton and modal blend, our cropped long sleeve thermal features a slightly slim fit, classic crewneck, and Éterne's signature extra long sleeves. </p>
<p>Style with your favorite pair of jeans, leather pants, layered under an oversized blazer, or paired with Éterne's <a href=""https://eterne.com/products/thermal-lounge-pant-ivory"">thermal lounge pant</a> as a set. </p>","archive, basics, essentials, Final Sale, new_in: 2020-07-26, shirt, womens","REPLACE","174","Shirts & Tops","Apparel & Accessories > Clothing > Shirts & Tops","thermals, sale, migration","shop, discount-collection, shop-2, shop-3","The Cropped Long Sleeve Thermal by Eterne","The Cropped Long Sleeve Thermal by Eterne. Available in black or ivory. Made with 48% cotton 48% model 4% spandex","{""Black"":[""14062283915310"",""14062284144686"",""14062283948078"",""14062283980846""],""OffWhite"":[""14062284111918"",""14062284013614"",""14062284046382"",""14062284079150""],""CleverCommon"":[""0""]}","0","1","<p><br></p><p><strong><br></strong></p><p><strong>Size &amp; Fit Information</strong></p><ul><li>Fits true to size, take your normal size</li><li>Designed for a slightly slim fit&nbsp;</li><li>48% Cotton 48% Modal 4% Spandex</li><li>Model is 177 cm/5&#39;10&quot; and is wearing a size S</li><li>Machine wash cold. Non-chlorine bleach. Tumble dry low. Cool iron. Do not dry clean.&nbsp;</li></ul>","{""Black"":[[""14062283915310"",""14062284144686"",""14062283948078"",""14062283980846""],[""31809426423854"",""31809426456622"",""31809426489390"",""31809426522158"",""31809426554926""]],""OffWhite"":[[""14062284111918"",""14062284013614"",""14062284046382"",""14062284079150""],[""31809426587694"",""31809426620462"",""31809426653230"",""31809426685998"",""31809426718766""]],""CleverCommon"":[""0""]}","1604","","","",""
"4463295954990","the-rib-tank-black","MERGE","Rib Tank Black","<h6>WHY WE LOVE IT</h6>
<p>Cut from a lightweight cotton 100% rib fabric, our ribbed tank features a slim fit with its flattering thin tank straps and vintage-inspired neckline. </p>
<p>Style with your favorite pair of jeans, leather pants, layered under an oversized blazer or under a pantsuit. </p>","basics, essentials, loop, shirt, short sleeve, tank top, tank tops, tee, tops:tanks, womens","REPLACE","174","Shirts & Tops","Apparel & Accessories > Clothing > Shirts & Tops","tank-styles","shop, discount-collection, shop-2, shop-3, tank-tops","The Rib Tank by Éterne","The Rib Tank by Éterne. Cut from a lightweight cotton 100% rib fabric, our ribbed tank features a slim fit with its flattering thin tank straps and vintage-inspired neckline.  Style with your favorite pair of jeans, leather pants, layered under an oversized blazer or under a pantsuit.","{""OFFWHITE"":[""14026729226286"",""14013471490094"",""14013471522862"",""14013471555630"",""14013471621166""],""BLACK"":[""14026729291822"",""14013471653934"",""14013471686702"",""14013471719470"",""14013471785006""],""HEATHERGREY"":[""14026729259054"",""14013471817774"",""14013471850542"",""14013471916078"",""14013471981614""],""CleverCommon"":[""0""]}","0","1","<p><strong><br></strong></p><p><strong>Size &amp; Fit Information</strong></p><ul><li>Fits true to size, take your normal size</li><li>Designed for a slim fit</li><li>100% cotton</li><li>Model is 177 cm/5&#39;10&quot; and is wearing a size S</li><li>Machine wash cold. Non-chlorine bleach. Tumble dry low. Cool iron. Do not dry clean.&nbsp;</li></ul>","{""OFFWHITE"":[[""14026729226286"",""14013471490094"",""14013471522862"",""14013471555630"",""14013471621166""],[""31763908952110"",""31763908984878"",""31763909017646"",""31763909050414"",""31763909083182""]],""BLACK"":[[""14026729291822"",""14013471653934"",""14013471686702"",""14013471719470"",""14013471785006""],[""31763909115950"",""31763909148718"",""31763909181486"",""31763909214254"",""31763909247022""]],""HEATHERGREY"":[[""14026729259054"",""14013471817774"",""14013471850542"",""14013471916078"",""14013471981614""],[""31763909279790"",""31763909312558"",""31763909345326"",""31763909378094"",""31763909410862""]],""CleverCommon"":[""0""]}","212","","","",""
"4463299690542","the-rib-tank-heather-grey","MERGE","Rib Tank Heather Grey","<h6>WHY WE LOVE IT</h6>
<p>Cut from a lightweight cotton 100% rib fabric, our ribbed tank features a slim fit with its flattering thin tank straps and vintage-inspired neckline. </p>
<p>Style with your favorite pair of jeans, leather pants, layered under an oversized blazer or under a pantsuit. </p>","basics, essentials, loop, shirt, short sleeve, tank top, tank tops, tee, tops:tanks, womens","REPLACE","174","Shirts & Tops","Apparel & Accessories > Clothing > Shirts & Tops","tank-styles","shop, discount-collection, shop-2, shop-3, tank-tops","The Rib Tank by Éterne","The Rib Tank by Éterne. Cut from a lightweight cotton 100% rib fabric, our ribbed tank features a slim fit with its flattering thin tank straps and vintage-inspired neckline.  Style with your favorite pair of jeans, leather pants, layered under an oversized blazer or under a pantsuit.","{""OFFWHITE"":[""14026729226286"",""14013471490094"",""14013471522862"",""14013471555630"",""14013471621166""],""BLACK"":[""14026729291822"",""14013471653934"",""14013471686702"",""14013471719470"",""14013471785006""],""HEATHERGREY"":[""14026729259054"",""14013471817774"",""14013471850542"",""14013471916078"",""14013471981614""],""CleverCommon"":[""0""]}","0","1","<p><strong><br></strong></p><p><strong>Size &amp; Fit Information</strong></p><ul><li>Fits true to size, take your normal size</li><li>Designed for a slim fit</li><li>100% cotton</li><li>Model is 177 cm/5&#39;10&quot; and is wearing a size S</li><li>Machine wash cold. Non-chlorine bleach. Tumble dry low. Cool iron. Do not dry clean.&nbsp;</li></ul>","{""OFFWHITE"":[[""14026729226286"",""14013471490094"",""14013471522862"",""14013471555630"",""14013471621166""],[""31763908952110"",""31763908984878"",""31763909017646"",""31763909050414"",""31763909083182""]],""BLACK"":[[""14026729291822"",""14013471653934"",""14013471686702"",""14013471719470"",""14013471785006""],[""31763909115950"",""31763909148718"",""31763909181486"",""31763909214254"",""31763909247022""]],""HEATHERGREY"":[[""14026729259054"",""14013471817774"",""14013471850542"",""14013471916078"",""14013471981614""],[""31763909279790"",""31763909312558"",""31763909345326"",""31763909378094"",""31763909410862""]],""CleverCommon"":[""0""]}","212","","","",""
"4463300804654","short-sleeve-baby-ivory","MERGE","Short Sleeve Baby Tee Ivory","<h6>WHY WE LOVE IT</h6>
<p>Cut from a lightweight cotton and modal blend, our short sleeve baby tee features a shrunken slim fit and a thin-lined crewneck. This t-shirt is a perfect everyday essential. </p>
<p>Style with your favorite pair of jeans, leather pants, layered under an oversized blazer, or paired with Éterne's lounge pants as a set. </p>","basics, essentials, loop, shirt, short sleeve, T-shirt, tee, tops:s/s, womens","REPLACE","174","Shirts & Tops","Apparel & Accessories > Clothing > Shirts & Tops","bestsellers, t-shirt-styles, chloes-packing-list","shop, discount-collection, shop-2, shop-3, t-shirts","The Short Sleeve Baby Tee by Éterne","The Short Sleeve Baby Tee by Éterne. Available in black or ivory. Made with 50% cotton 50% modal.","{""XS"":[""0""],""S"":[""0""],""M"":[""0""],""L"":[""0""],""XL"":[""0""],""CleverCommon"":[""14065719509038"",""14065719574574"",""14065719640110"",""14065719705646"",""14065719738414""]}","0","1","<p><strong><br></strong></p><p><strong>Size &amp; Fit Information</strong></p><ul><li>Fits true to size, take your normal size</li><li>Designed for a slim fit&nbsp;</li><li>50% Cotton 50% Modal&nbsp;</li><li>Model is 177 cm/5&#39;10&quot; and is wearing a size S</li><li>Machine wash cold. Non-chlorine bleach. Tumble dry low. Cool iron. Do not dry clean.&nbsp;</li></ul>","{""XS"":[[""0""],[""31811148054574""]],""S"":[[""0""],[""31811148087342""]],""M"":[[""0""],[""31811148120110""]],""L"":[[""0""],[""31811148152878""]],""XL"":[[""0""],[""31811148185646""]],""CleverCommon"":[""0""],""undefined"":""14065719738414""}","212","","","",""
"4463303163950","the-short-sleeve-boyfriend-tee-ivory","MERGE","Short Sleeve Boyfriend T-Shirt Ivory","<h6>WHY WE LOVE IT</h6>
<p>Cut from a lightweight cotton and modal blend, our short sleeve boyfriend tee features a relaxed loose fit with an unfinished raw edge neckline detail. This t-shirt is the perfect everyday essential. </p>
<p>Style with your favorite pair of jeans, leather pants, layered under an oversized blazer, or paired with Éterne's lounge pants as a set. </p>","basics, essentials, loop, shirt, short sleeve, T-shirt, tee, tops:s/s, womens","REPLACE","174","Shirts & Tops","Apparel & Accessories > Clothing > Shirts & Tops","t-shirt-styles, migration","shop, discount-collection, shop-2, shop-3, t-shirts","The Short Sleeve Boyfriend Tee by Éterne","The Short Sleeve Boyfriend Tee by Éterne. Available in black or ivory. Made with 50% cotton 50% modal.","{""XS"":[""0""],""S"":[""0""],""M"":[""0""],""L"":[""0""],""XL"":[""0""],""CleverCommon"":[""14065797267502"",""14065797300270"",""14065797333038"",""14065797365806"",""14065797398574""]}","0","1","<p><strong><br></strong></p><p><strong>Size &amp; Fit Information</strong></p><ul><li>Fits true to size, take your normal size</li><li>Designed for a loose fit</li><li>50% Cotton 50% Modal&nbsp;</li><li>Model is 177 cm/5&#39;10&quot; and is wearing a size S</li><li>Machine wash cold. Non-chlorine bleach. Tumble dry low. Cool iron. Do not dry clean.&nbsp;</li></ul>","{""XS"":[[""0""],[""31811182592046""]],""S"":[[""0""],[""31811182690350""]],""M"":[[""0""],[""31811182723118""]],""L"":[[""0""],[""31811182821422""]],""XL"":[[""0""],[""31811182854190""]],""CleverCommon"":[""0""],""undefined"":""14065797398574""}","1604","","","",""
"4463303589934","the-short-sleeve-boyfriend-tee-g","MERGE","Short Sleeve Boyfriend T-Shirt Heather Grey","<h6>WHY WE LOVE IT</h6>
<p>Cut from a lightweight cotton and modal blend, our short sleeve boyfriend tee features a relaxed loose fit with an unfinished raw edge neckline detail. This t-shirt is the perfect everyday essential. </p>
<p>Style with your favorite pair of jeans, leather pants, layered under an oversized blazer, or paired with Éterne's lounge pants as a set. </p>","basics, essentials, loop, shirt, short sleeve, T-shirt, tee, tops:s/s, womens","REPLACE","174","Shirts & Tops","Apparel & Accessories > Clothing > Shirts & Tops","t-shirt-styles, migration","shop, discount-collection, shop-2, shop-3, t-shirts","The Short Sleeve Boyfriend Tee by Eterne","The Short Sleeve Boyfriend Tee by Eterne. Available in black or off-white. Made with 50% cotton 50% modal.","{""XS"":[""0""],""S"":[""0""],""M"":[""0""],""L"":[""0""],""XL"":[""0""],""CleverCommon"":[""14065805459502"",""14065805492270"",""14065805525038"",""14065805557806"",""14065805590574""]}","0","1","<p><strong><br></strong></p><p><strong>Size &amp; Fit Information</strong></p><ul><li>Fits true to size, take your normal size</li><li>Designed for a loose fit</li><li>50% Cotton 50% Modal&nbsp;</li><li>Model is 177 cm/5&#39;10&quot; and is wearing a size S</li><li>Machine wash cold. Non-chlorine bleach. Tumble dry low. Cool iron. Do not dry clean.&nbsp;</li></ul>","{""XS"":[[""0""],[""31811186262062""]],""S"":[[""0""],[""31811186294830""]],""M"":[[""0""],[""31811186327598""]],""L"":[[""0""],[""31811186360366""]],""XL"":[[""0""],[""31811186393134""]],""CleverCommon"":[""0""],""undefined"":""14065805590574""}","1604","","","",""
"4647844741166","short-biker","MERGE","Short Biker","<h6>WHY WE LOVE IT</h6>
<p>Cut from a lightweight modal blend, our seamless short biker features a flattering figure-hugging silhouette with its comfortable second-skin feel. </p>
<p>Pair with Éterne's <a href=""https://eterne.com/collections/bra-underwear/products/triangle-bra-black"">triangle bra</a> as a set. </p>","archive, bottoms:shorts, Final Sale, new_in: 2020-07-26","REPLACE","175","Shorts","Apparel & Accessories > Clothing > Shorts","bottoms, sale","shop, discount-collection, shop-2, shop-3","The Short Biker by Eterne","Cut from a lightweight modal blend, our seamless short biker features a flattering figure-hugging silhouette with its comfortable second-skin feel. 

Pair with Éterne's triangle bra as a set. ","{""XS"":[""0""],""S"":[""0""],""M"":[""0""],""L"":[""0""],""XL"":[""0""],""CleverCommon"":[""14084259053614"",""14084259020846"",""14084258955310"",""14084258922542"",""14084258889774""]}","0","1","<p><strong><br></strong></p><p><strong>Size &amp; Fit Information</strong></p><ul><li>Fits true to size, take your normal size</li><li>Designed for a close fit</li><li>89% Modal / 11% Lycra&nbsp;</li><li>Model is 177 cm/5&#39;10&quot; and is wearing a size S</li><li>Hand wash cold. Do not bleach. Do not tumble dry. Do not iron. Do not dry clean.&nbsp;</li></ul><p><strong>Final Sale</strong></p><ul><li>This item is FINAL SALE and not eligible for a refund, exchange, or store credit.</li></ul>","{""XS"":[[""0""],[""31763911114798""]],""S"":[[""0""],[""31763911147566""]],""M"":[[""0""],[""31763911180334""]],""L"":[[""0""],[""31763911213102""]],""XL"":[[""0""],[""31763911245870""]],""CleverCommon"":[""0""],""undefined"":""14084258889774""}","1604","","","",""
"4647858536494","long-biker","MERGE","Long Biker","<h6>WHY WE LOVE IT</h6>
<p>Cut from a lightweight modal blend, our seamless long biker features a flattering figure-hugging silhouette with its comfortable second-skin feel. </p>
<p>Pair with Éterne's bandeau bra as a set. </p>","archive, loop","REPLACE","175","Shorts","Apparel & Accessories > Clothing > Shorts","bottoms, migration","shop, discount-collection, shop-2, shop-3","The Long Biker Short by Eterne","Cut from a lightweight modal blend, our seamless long biker features a flattering figure-hugging silhouette with its comfortable second-skin feel. 

Pair with Éterne's bandeau bra as a set. ","{""XS"":[""0""],""S"":[""0""],""M"":[""0""],""L"":[""0""],""XL"":[""0""],""CleverCommon"":[""14084259053614"",""14084259020846"",""14084258955310"",""14084258922542"",""14084258889774""]}","0","1","<p><strong><br></strong></p><p><strong>Size &amp; Fit Information</strong></p><ul><li>Fits true to size, take your normal size</li><li>Designed for a close fit</li><li>89% Modal / 11% Lycra&nbsp;</li><li>Model is 177 cm/5&#39;10&quot; and is wearing a size S</li><li>Hand wash cold. Do not bleach. Do not tumble dry. Do not iron. Do not dry clean.&nbsp;</li></ul><p><strong>Final Sale</strong></p><ul><li>This item is FINAL SALE and not eligible for a refund, exchange, or store credit.</li></ul>","{""XS"":[[""0""],[""31763911114798""]],""S"":[[""0""],[""31763911147566""]],""M"":[[""0""],[""31763911180334""]],""L"":[[""0""],[""31763911213102""]],""XL"":[[""0""],[""31763911245870""]],""CleverCommon"":[""0""],""undefined"":""14084258889774""}","1604","","","",""
"4647880425518","bandeau-bra","MERGE","Bandeau Bra","<h6>WHY WE LOVE IT</h6>
<p>Cut from a lightweight modal blend, our seamless bandeau features a flattering figure-hugging silhouette with its comfortable yet supportive second-skin feel. </p>
<p>Style with your favorite pair of high-rise dress pants or layered under an oversized blazer. </p>","intimates:bras, loop, new_in: 2020-10-28","REPLACE","208","Lingerie","Apparel & Accessories > Clothing > Underwear & Socks > Lingerie","bra-underwear, migration","shop, discount-collection, shop-2, shop-3","The Bandeau Bra by Eterne","Cut from lightweight cotton and modal, our bandeau features the perfect combination of support with a streamlined super soft fit.
Style with your favorite high-rise jeans or leather pants, layered under an oversized blazer.
Material: 92% Nylon 8% Spandex. Available in black.","{""XS"":[""0""],""S"":[""0""],""M"":[""0""],""L"":[""0""],""XL"":[""0""],""CleverCommon"":[""14084259053614"",""14084259020846"",""14084258955310"",""14084258922542"",""14084258889774""]}","0","1","<p><strong><br></strong></p><p><strong>Size &amp; Fit Information</strong></p><ul><li>Fits true to size, take your normal size</li><li>Designed for a close fit</li><li><span style=""caret-color: rgb(0, 0, 0); color: rgb(0, 0, 0);""><span style=""font-size: 11pt; font-family: Arial; color: rgb(34, 34, 34); font-variant-ligatures: normal; font-variant-east-asian: normal; font-variant-position: normal; vertical-align: baseline; white-space: pre-wrap;"">89% Modal / 11% Lycra</span></span></li><li>Model is 177 cm/5&#39;10&quot; and is wearing a size S</li><li><span style=""caret-color: rgb(0, 0, 0); color: rgb(0, 0, 0);""><span style=""font-size: 11pt; font-family: Arial; color: rgb(34, 34, 34); font-variant-ligatures: normal; font-variant-east-asian: normal; font-variant-position: normal; vertical-align: baseline; white-space: pre-wrap;"">Hand wash cold. Do not bleach. Do not tumble dry. Do not iron. Do Not Dry Clean.</span></span></li></ul><p><strong>Final Sale</strong></p><ul><li>This item is FINAL SALE and not eligible for a refund, exchange, or store credit.</li></ul>","{""XS"":[[""0""],[""31763911114798""]],""S"":[[""0""],[""31763911147566""]],""M"":[[""0""],[""31763911180334""]],""L"":[[""0""],[""31763911213102""]],""XL"":[[""0""],[""31763911245870""]],""CleverCommon"":[""0""],""undefined"":""14084258889774""}","1604","{""productSettings"":""{\""4647880425518\"":{\""preOrderEnabled\"":false,\""quantityLimit\"":0,\""overallQuantityLimit\"":0,\""totalQuantityOrdered\"":0,\""buttonText\"":\""Preorder\"",\""buttonMessage\"":\""Estimated shipping March 22nd\"",\""buttonMessageVisibility\"":\""ALWAYS\"",\""cartCheckoutLabel\"":\"" \"",\""preOrderTimeEnable\"":false,\""dateStart\"":\""-1\"",\""dateStop\"":\""-1\"",\""discountValue\"":0.0,\""discountType\"":\""PERCENTAGE\"",\""showPriceOnCheckoutLabelOnCart\"":false,\""showFullPriceLabelOnCart\"":false,\""showSellingPlanLabelOnCart\"":false,\""showPurchaseOptions\"":true,\""showPurchaseOptionsOnSingleSellingPlan\"":false,\""orderTag\"":\""appikon-pre-order\"",\""comingSoonEnable\"":false,\""comingSoonHeader\"":\""Coming Soon\"",\""comingSoonMessage\"":\""Dropping on\"",\""comingSoonAvailableFrom\"":\""-1\"",\""showPreOrderLabelOnCollectionPage\"":true,\""collectionPagePreOrderLabelText\"":\""Preorder\"",\""collectionPagePreOrderLabelClass\"":\""\"",\""collectionPagePreOrderLabelCSS\"":\"".appikon-pre-order-button-message {\\nmargin-top: 16px;\\n}\"",\""preOrderClosedMessage\"":\""Sold Out\""}}"",""variantSettings"":""{\""39638738272302\"":{\""preOrderEnabled\"":false,\""quantityLimit\"":0,\""overallQuantityLimit\"":0,\""totalQuantityOrdered\"":0,\""buttonText\"":\""Preorder\"",\""buttonMessage\"":\""Estimated shipping March 22nd\"",\""buttonMessageVisibility\"":\""ALWAYS\"",\""cartCheckoutLabel\"":\"" \"",\""preOrderTimeEnable\"":false,\""dateStart\"":\""-1\"",\""dateStop\"":\""-1\"",\""discountValue\"":0.0,\""discountType\"":\""PERCENTAGE\"",\""showPriceOnCheckoutLabelOnCart\"":false,\""showFullPriceLabelOnCart\"":false,\""showSellingPlanLabelOnCart\"":false,\""showPurchaseOptions\"":true,\""showPurchaseOptionsOnSingleSellingPlan\"":false,\""orderTag\"":\""appikon-pre-order\"",\""comingSoonEnable\"":false,\""comingSoonHeader\"":\""Coming Soon\"",\""comingSoonMessage\"":\""Dropping on\"",\""comingSoonAvailableFrom\"":\""-1\"",\""showPreOrderLabelOnCollectionPage\"":true,\""collectionPagePreOrderLabelText\"":\""Preorder\"",\""collectionPagePreOrderLabelClass\"":\""\"",\""collectionPagePreOrderLabelCSS\"":\"".appikon-pre-order-button-message {\\nmargin-top: 16px;\\n}\"",\""preOrderClosedMessage\"":\""Sold Out\""},\""39638738305070\"":{\""preOrderEnabled\"":false,\""quantityLimit\"":0,\""overallQuantityLimit\"":0,\""totalQuantityOrdered\"":0,\""buttonText\"":\""Preorder\"",\""buttonMessage\"":\""Estimated shipping March 22nd\"",\""buttonMessageVisibility\"":\""ALWAYS\"",\""cartCheckoutLabel\"":\"" \"",\""preOrderTimeEnable\"":false,\""dateStart\"":\""-1\"",\""dateStop\"":\""-1\"",\""discountValue\"":0.0,\""discountType\"":\""PERCENTAGE\"",\""showPriceOnCheckoutLabelOnCart\"":false,\""showFullPriceLabelOnCart\"":false,\""showSellingPlanLabelOnCart\"":false,\""showPurchaseOptions\"":true,\""showPurchaseOptionsOnSingleSellingPlan\"":false,\""orderTag\"":\""appikon-pre-order\"",\""comingSoonEnable\"":false,\""comingSoonHeader\"":\""Coming Soon\"",\""comingSoonMessage\"":\""Dropping on\"",\""comingSoonAvailableFrom\"":\""-1\"",\""showPreOrderLabelOnCollectionPage\"":true,\""collectionPagePreOrderLabelText\"":\""Preorder\"",\""collectionPagePreOrderLabelClass\"":\""\"",\""collectionPagePreOrderLabelCSS\"":\"".appikon-pre-order-button-message {\\nmargin-top: 16px;\\n}\"",\""preOrderClosedMessage\"":\""Sold Out\""}}""}","22-11-2020","22-11-2020","false"
"4666298499118","scoop-neck-bra-ivory","MERGE","Scoop Neck Bra Ivory","<h6>WHY WE LOVE IT</h6>
<p>Cut from an ultra-lightweight modal blend, our scoop neck bra features a flattering scoop neck, wide straps along with a supportive lift and band. </p>
<p>Pair with Éterne's '<a href=""https://eterne.com/collections/bra-underwear/products/90s-brief-ivory"">90s brief</a> as a set. </p>","basics, bra, essentials, intimates: bras, loop, sleeveless, sports, womens","REPLACE","205","Bras","Apparel & Accessories > Clothing > Underwear & Socks > Bras","bra-underwear","shop, discount-collection, shop-2, shop-3, bra","Scoop Neck Bra by Éterne","Scoop Neck Bra by Éterne. Available in black or ivory. Our scoop neck bra provides just the right amount of support with clean lines. Wear it to the gym or pair it with vintage Levi’s or high waisted slacks.","{""XS"":[""0""],""S"":[""0""],""M"":[""0""],""L"":[""0""],""XL"":[""0""],""CleverCommon"":[""14084259053614"",""14084259020846"",""14084258955310"",""14084258922542"",""14084258889774""]}","0","1","<p><strong><br></strong></p><p><strong>Size &amp; Fit Information</strong></p><ul><li>Fits true to size, take your normal size</li><li>Lightweight</li><li>Model is 177 cm/5&#39;10&quot; and is wearing a size S</li></ul>","{""XS"":[[""0""],[""31763911114798""]],""S"":[[""0""],[""31763911147566""]],""M"":[[""0""],[""31763911180334""]],""L"":[[""0""],[""31763911213102""]],""XL"":[[""0""],[""31763911245870""]],""CleverCommon"":[""0""],""undefined"":""14084258889774""}","213","","","",""
"4670196056110","scoop-neck-bra-black","MERGE","Scoop Neck Bra Black","<h6>WHY WE LOVE IT</h6>
<p>Cut from an ultra-lightweight modal blend, our scoop neck bra features a flattering scoop neck, wide straps along with a supportive lift and band. </p>
<p>Pair with Éterne's <a href=""https://eterne.com/collections/bra-underwear/products/90s-brief-black"">'90s brief</a> as a set. </p>","basics, bra, essentials, intimates: bras, loop, sleeveless, sports, womens","REPLACE","205","Bras","Apparel & Accessories > Clothing > Underwear & Socks > Bras","bra-underwear","shop, discount-collection, shop-2, shop-3, bra","Scoop Neck Bra by Eterne","Scoop Neck Bra by Eterne. Available in black or off-white. Our scoop neck bra provides just the right amount of support with clean lines. Wear it to the gym or pair it with vintage Levi’s or high waisted slacks.","{""XS"":[""0""],""S"":[""0""],""M"":[""0""],""L"":[""0""],""XL"":[""0""],""CleverCommon"":[""14084259053614"",""14084259020846"",""14084258955310"",""14084258922542"",""14084258889774""]}","0","1","<p><strong><br></strong></p><p><strong>Size &amp; Fit Information</strong></p><ul><li>Fits true to size, take your normal size</li><li>89% Modal / 11% Lycra</li><li>Model is 177 cm/5&#39;10&quot; and is wearing a size S</li><li>Machine wash cold. Non-chlorine bleach. Tumble dry low. Cool iron.&nbsp;</li></ul>","{""XS"":[[""0""],[""31763911114798""]],""S"":[[""0""],[""31763911147566""]],""M"":[[""0""],[""31763911180334""]],""L"":[[""0""],[""31763911213102""]],""XL"":[[""0""],[""31763911245870""]],""CleverCommon"":[""0""],""undefined"":""14084258889774""}","213","","","",""
"4670466097198","triangle-bra-ivory","MERGE","Triangle Bra Ivory","<h6>WHY WE LOVE IT</h6>
<p>Cut from an ultra-soft lightweight modal blend, our tringle bra features a flattering neckline, thin adjustable straps along with a supportive lift and band. </p>
<p>Pair with Éterne's <a href=""https://eterne.com/collections/bra-underwear/products/90s-brief-ivory"">'90s brief</a> as a set. </p>","basics, bra, essentials, intimates: bras, loop, sleeveless, triangle, womens","REPLACE","205","Bras","Apparel & Accessories > Clothing > Underwear & Socks > Bras","bra-underwear, chloes-packing-list","shop, discount-collection, shop-2, shop-3, bra","Triangle Bra by Éterne","Triangle Bra by Éterne. Available in black or ivory. A classic essential for every wardrobe, our super soft triangle bra is designed with a wider band for comfort and lightweight adjustable straps that stay put.","{""XS"":[""0""],""S"":[""0""],""M"":[""0""],""L"":[""0""],""XL"":[""0""],""CleverCommon"":[""14084259053614"",""14084259020846"",""14084258955310"",""14084258922542"",""14084258889774""]}","0","1","<p><strong><br></strong></p><p><strong>Size &amp; Fit Information</strong></p><ul><li>Fits true to size, take your normal size</li><li>89% Modal / 11% Lycra&nbsp;</li><li>Model is 177 cm/5&#39;10&quot; and is wearing a size S</li><li>Machine wash cold. Non-chlorine bleach. Tumble dry low. Cool iron.&nbsp;</li></ul>","{""XS"":[[""0""],[""31763911114798""]],""S"":[[""0""],[""31763911147566""]],""M"":[[""0""],[""31763911180334""]],""L"":[[""0""],[""31763911213102""]],""XL"":[[""0""],[""31763911245870""]],""CleverCommon"":[""0""],""undefined"":""14084258889774""}","213","","","",""
"4670468816942","triangle-bra-black","MERGE","Triangle Bra Black","<h6>WHY WE LOVE IT</h6>
<p>Cut from an ultra-soft lightweight modal blend, our tringle bra features a flattering neckline, thin adjustable straps along with a supportive lift and band. </p>
<p>Pair with Éterne's <a href=""https://eterne.com/collections/bra-underwear/products/90s-brief-black"">'90s brief</a><a href=""https://eterne.com/collections/bra-underwear/products/90s-brief-ivory""> </a>as a set. </p>","basics, bra, essentials, intimates: bras, loop, sleeveless, triangle, womens","REPLACE","205","Bras","Apparel & Accessories > Clothing > Underwear & Socks > Bras","bra-underwear, chloes-packing-list","shop, discount-collection, shop-2, shop-3, bra","Triangle Bra by Eterne","Triangle Bra by Eterne. Available in black or off-white. A classic essential for every wardrobe, our super soft triangle bra is designed with a wider band for comfort and lightweight adjustable straps that stay put.","{""XS"":[""0""],""S"":[""0""],""M"":[""0""],""L"":[""0""],""XL"":[""0""],""CleverCommon"":[""14084259053614"",""14084259020846"",""14084258955310"",""14084258922542"",""14084258889774""]}","0","1","<p><strong><br></strong></p><p><strong>Size &amp; Fit Information</strong></p><ul><li>Fits true to size, take your normal size</li><li>89% Modal / 11% Lycra&nbsp;</li><li>Model is 177 cm/5&#39;10&quot; and is wearing a size S</li><li>Machine wash cold. Non-chlorine bleach. Tumble dry low. Cool iron.&nbsp;</li></ul>","{""XS"":[[""0""],[""31763911114798""]],""S"":[[""0""],[""31763911147566""]],""M"":[[""0""],[""31763911180334""]],""L"":[[""0""],[""31763911213102""]],""XL"":[[""0""],[""31763911245870""]],""CleverCommon"":[""0""],""undefined"":""14084258889774""}","213","","","",""
"4670515347502","90s-brief-ivory","MERGE","'90s Brief Ivory","<h6>WHY WE LOVE IT</h6>
<p>Inspired by the iconic Nineties, our '90s brief features a flattering low waist, a versatile waistband that can be worn high or low, with a second-skin feel made from an ultra-soft lightweight modal blend. </p>
<p>Pair with <a href=""https://eterne.com/collections/bra-underwear/products/triangle-bra-ivory"">Éterne's triangle bra</a> as a set. </p>","basics, briefs, essentials, intimates:underwear, loop, underwear, womens","REPLACE","208","Lingerie","Apparel & Accessories > Clothing > Underwear & Socks > Lingerie","bra-underwear, migration, chloes-packing-list","shop, discount-collection, shop-2, shop-3, underwear","90's Brief by Eterne","90's Brief by Eterne. Available in black or ivory. Designed with high cut sides and just enough coverage for comfort and a smooth, seamless profile.","{""XS"":[""0""],""S"":[""0""],""M"":[""0""],""L"":[""0""],""XL"":[""0""],""CleverCommon"":[""14084259053614"",""14084259020846"",""14084258955310"",""14084258922542"",""14084258889774""]}","0","1","<p><strong><br></strong></p><p><strong>Size &amp; Fit Information</strong></p><ul><li>Fits true to size, take your normal size</li><li>89% Modal / 11% Lycra&nbsp;</li><li>Model is 177 cm/5&#39;10&quot; and is wearing a size S</li><li>Machine wash cold. Non-chlorine bleach. Tumble dry low. Cool iron.&nbsp;</li></ul>","{""XS"":[[""0""],[""31763911114798""]],""S"":[[""0""],[""31763911147566""]],""M"":[[""0""],[""31763911180334""]],""L"":[[""0""],[""31763911213102""]],""XL"":[[""0""],[""31763911245870""]],""CleverCommon"":[""0""],""undefined"":""14084258889774""}","213","","","",""
"4670797709358","high-rise-brief-black","MERGE","High Rise Brief Black","<h6>WHY WE LOVE IT</h6>
<p>Cut from an ultra-soft lightweight modal blend, our high rise brief features a high waisted fit, second-skin feel and a seamless look under clothing. </p>
<p>Pair with <a href=""https://eterne.com/collections/bra-underwear/products/triangle-bra-black"">Éterne's triangle bra</a> as a set. </p>","basics, briefs, essentials, high rise, high waisted, intimates:underwear, loop, underwear, womens","REPLACE","208","Lingerie","Apparel & Accessories > Clothing > Underwear & Socks > Lingerie","bra-underwear, migration","shop, discount-collection, shop-2, shop-3, underwear","High Rise Brief by Eterne","High Rise Brief by Eterne. Available in black or off-white. Full coverage styling with a modern raw edge twist, we know our high waisted brief will be your favorite underwear.","{""XS"":[""0""],""S"":[""0""],""M"":[""0""],""L"":[""0""],""XL"":[""0""],""CleverCommon"":[""14084259053614"",""14084259020846"",""14084258955310"",""14084258922542"",""14084258889774""]}","0","1","<p><strong><br></strong></p><p><strong>Size &amp; Fit Information</strong></p><ul><li>Fits true to size, take your normal size</li><li>89% Modal / 11% Lycra&nbsp;</li><li>Model is 177 cm/5&#39;10&quot; and is wearing a size S</li><li>Machine wash cold. Non-chlorine bleach. Tumble dry low. Cool iron.&nbsp;</li></ul>","{""XS"":[[""0""],[""31763911114798""]],""S"":[[""0""],[""31763911147566""]],""M"":[[""0""],[""31763911180334""]],""L"":[[""0""],[""31763911213102""]],""XL"":[[""0""],[""31763911245870""]],""CleverCommon"":[""0""],""undefined"":""14084258889774""}","213","","","",""
"4670807572526","high-rise-brief-ivory","MERGE","High Rise Brief Ivory","<h6>WHY WE LOVE IT</h6>
<p>Cut from an ultra-soft lightweight modal blend, our high rise brief features a high waisted fit, second-skin feel and a seamless look under clothing. </p>
<p>Pair with Éterne's <a href=""https://eterne.com/collections/shop/products/triangle-bra-ivory"">triangle bra</a> as a set. </p>","basics, briefs, essentials, high rise, high waisted, intimates:underwear, loop, underwear, womens","REPLACE","208","Lingerie","Apparel & Accessories > Clothing > Underwear & Socks > Lingerie","bra-underwear, migration","shop, discount-collection, shop-2, shop-3, underwear","High Rise Brief by Éterne","High Waisted Brief by Éterne. Available in black or ivory. Full coverage styling with a modern raw edge twist, we know our high waisted brief will be your favorite underwear.","{""XS"":[""0""],""S"":[""0""],""M"":[""0""],""L"":[""0""],""XL"":[""0""],""CleverCommon"":[""14084259053614"",""14084259020846"",""14084258955310"",""14084258922542"",""14084258889774""]}","0","1","<p><strong><br></strong></p><p><strong>Size &amp; Fit Information</strong></p><ul><li>Fits true to size, take your normal size</li><li>89% Modal / 11% Lycra&nbsp;</li><li>Model is 177 cm/5&#39;10&quot; and is wearing a size S</li><li>Machine wash cold. Non-chlorine bleach. Tumble dry low. Cool iron.&nbsp;</li></ul>","{""XS"":[[""0""],[""31763911114798""]],""S"":[[""0""],[""31763911147566""]],""M"":[[""0""],[""31763911180334""]],""L"":[[""0""],[""31763911213102""]],""XL"":[[""0""],[""31763911245870""]],""CleverCommon"":[""0""],""undefined"":""14084258889774""}","213","","","",""
"4670808916014","low-rise-thong-black","MERGE","Low Rise Thong Black","<h6>WHY WE LOVE IT</h6>
<p><span style=""font-weight: 400;"">Eterne’s low rise thong is made from our super soft lightweight modal material with a modern raw edge. This thong has a wider band for comfort and a slightly dipped front for a smooth profile.</span></p>
<p><span style=""font-weight: 400;"">Pair it with our matching <a href=""https://eterne.com/collections/bra-underwear/products/triangle-bra-black"">triangle bra</a>.</span></p>","basics, essentials, intimates:underwear, loop, low rise, low waisted, thongs, underwear, womens","REPLACE","217","Underwear","Apparel & Accessories > Clothing > Underwear & Socks > Underwear","bra-underwear","shop, discount-collection, shop-2, shop-3, underwear","Low Rise Thong by Eterne","Low Rise Thong by Eterne. Available in black or off-white. Classic thong styling with a wider band for comfort and a slightly dipped front, our raw edge, low waisted thong has the perfect mix of stretch and softness for a smooth, seamless fit under clothing.","{""XS"":[""0""],""S"":[""0""],""M"":[""0""],""L"":[""0""],""XL"":[""0""],""CleverCommon"":[""14084259053614"",""14084259020846"",""14084258955310"",""14084258922542"",""14084258889774""]}","0","1","<p><strong><br></strong></p><p><strong>Size &amp; Fit Information</strong></p><ul><li>Fits true to size, take your normal size</li><li>Lightweight, raw edge styling for a smooth, seamless profile</li><li>Model is 177 cm/5&#39;10&quot; and is wearing a size S</li></ul>","{""XS"":[[""0""],[""31763911114798""]],""S"":[[""0""],[""31763911147566""]],""M"":[[""0""],[""31763911180334""]],""L"":[[""0""],[""31763911213102""]],""XL"":[[""0""],[""31763911245870""]],""CleverCommon"":[""0""],""undefined"":""14084258889774""}","213","","","",""
"4670809997358","low-rise-thong-ivory","MERGE","Low Rise Thong Ivory","<h6>WHY WE LOVE IT</h6>
<p><span style=""font-weight: 400;"">Eterne’s low rise thong is made from our super soft lightweight modal material with a modern raw edge. This thong has a wider band for comfort and a slightly dipped front for a smooth profile.</span></p>
<p><span style=""font-weight: 400;"">Pair it with our matching <a href=""https://eterne.com/collections/shop/products/triangle-bra-ivory"">triangle bra</a>.</span></p>","basics, essentials, intimates:underwear, loop, low rise, low waisted, thongs, underwear, womens","REPLACE","217","Underwear","Apparel & Accessories > Clothing > Underwear & Socks > Underwear","bra-underwear","shop, discount-collection, shop-2, shop-3, underwear","Low Rise Thong by Éterne","Low Rise Thong by Éterne. Available in black or ivory. Classic thong styling with a wider band for comfort and a slightly dipped front, our raw edge, low waisted thong has the perfect mix of stretch and softness for a smooth, seamless fit under clothing.","{""XS"":[""0""],""S"":[""0""],""M"":[""0""],""L"":[""0""],""XL"":[""0""],""CleverCommon"":[""14084259053614"",""14084259020846"",""14084258955310"",""14084258922542"",""14084258889774""]}","0","1","<p><strong><br></strong></p><p><strong>Size &amp; Fit Information</strong></p><ul><li>Fits true to size, take your normal size</li><li>Lightweight, raw edge styling for a smooth, seamless profile</li><li>Model is 177 cm/5&#39;10&quot; and is wearing a size S</li></ul>","{""XS"":[[""0""],[""31763911114798""]],""S"":[[""0""],[""31763911147566""]],""M"":[[""0""],[""31763911180334""]],""L"":[[""0""],[""31763911213102""]],""XL"":[[""0""],[""31763911245870""]],""CleverCommon"":[""0""],""undefined"":""14084258889774""}","213","","","",""
"4670822842414","high-rise-thong-ivory","MERGE","High Rise Thong Ivory","<h6>WHY WE LOVE IT</h6>
<p>Cut from an ultra-soft lightweight modal blend, our high rise thong features a high waisted fit, second-skin feel, and seamless look under clothing. </p>
<p>Pair with Éterne's <a href=""https://eterne.com/collections/shop/products/triangle-bra-ivory"">triangle bra</a> as a set. </p>","basics, essentials, high rise, high waisted, intimates:underwear, loop, thong, underwear, womens","REPLACE","208","Lingerie","Apparel & Accessories > Clothing > Underwear & Socks > Lingerie","bra-underwear, migration","shop, discount-collection, shop-2, shop-3, underwear","High Rise Thong by Éterne","High Rise Thong by Éterne. Available in black or ivory. With a barely there thong feel and a flattering high waist design, our raw edge, high waisted thong combines high rise smoothing with a seamless profile.","{""XS"":[""0""],""S"":[""0""],""M"":[""0""],""L"":[""0""],""XL"":[""0""],""CleverCommon"":[""14084259053614"",""14084259020846"",""14084258955310"",""14084258922542"",""14084258889774""]}","0","1","<p><strong><br></strong></p><p><strong>Size &amp; Fit Information</strong></p><ul><li>Fits true to size, take your normal size</li><li>89% Modal / 11% Lycra&nbsp;</li><li>Model is 177 cm/5&#39;10&quot; and is wearing a size S</li><li>Machine wash cold. Non-chlorine bleach. Tumble dry low. Cool iron.&nbsp;</li></ul>","{""XS"":[[""0""],[""31763911114798""]],""S"":[[""0""],[""31763911147566""]],""M"":[[""0""],[""31763911180334""]],""L"":[[""0""],[""31763911213102""]],""XL"":[[""0""],[""31763911245870""]],""CleverCommon"":[""0""],""undefined"":""14084258889774""}","213","","","",""
"4670824448046","high-rise-thong-black","MERGE","High Rise Thong Black","<h6>WHY WE LOVE IT</h6>
<p>Cut from an ultra-soft lightweight modal blend, our high rise thong features a high waisted fit, second-skin feel, and seamless look under clothing. </p>
<p>Pair with <a href=""https://eterne.com/collections/bra-underwear/products/triangle-bra-black"">Éterne's triangle bra</a> as a set. </p>","basics, essentials, high rise, high waisted, intimates:underwear, loop, thong, underwear, womens","REPLACE","208","Lingerie","Apparel & Accessories > Clothing > Underwear & Socks > Lingerie","bra-underwear, migration","shop, discount-collection, shop-2, shop-3, underwear","High Rise Thong by Eterne","High Rise Thong by Eterne. Available in black or off-white. With a barely there thong feel and a flattering high waist design, our raw edge, high waisted thong combines high rise smoothing with a seamless profile.","{""XS"":[""0""],""S"":[""0""],""M"":[""0""],""L"":[""0""],""XL"":[""0""],""CleverCommon"":[""14084259053614"",""14084259020846"",""14084258955310"",""14084258922542"",""14084258889774""]}","0","1","<p><strong><br></strong></p><p><strong>Size &amp; Fit Information</strong></p><ul><li>Fits true to size, take your normal size</li><li>89% Modal / 11% Lycra&nbsp;</li><li>Model is 177 cm/5&#39;10&quot; and is wearing a size S</li><li>Machine wash cold. Non-chlorine bleach. Tumble dry low. Cool iron.&nbsp;</li></ul>","{""XS"":[[""0""],[""31763911114798""]],""S"":[[""0""],[""31763911147566""]],""M"":[[""0""],[""31763911180334""]],""L"":[[""0""],[""31763911213102""]],""XL"":[[""0""],[""31763911245870""]],""CleverCommon"":[""0""],""undefined"":""14084258889774""}","213","","","",""
"4677773688878","eterne-mask","MERGE","Éterne Mask","<h6>WHY WE LOVE IT</h6>
<p><span>Soft, comfortable, and breathable. </span>Created to fit comfortably against the side of the face and allows for breathing without restrictions.</p>
<p><span>Reusable: Wash properly and tumble dry for frequent use</span></p>
<p><span>Material: 100% cotton</span></p>","","REPLACE","126","Apparel & Accessories","Apparel & Accessories","migration","shop, discount-collection, shop-2, shop-3","","ÉTERNE MASK. Available in black. Soft, comfortable, and breathable. Created to fit comfortably against the side of the face and allows for breathing without restrictions.","{""XS"":[""0""],""S"":[""0""],""M"":[""0""],""L"":[""0""],""XL"":[""0""],""CleverCommon"":[""14084259053614"",""14084259020846"",""14084258955310"",""14084258922542"",""14084258889774""]}","0","1","<p><strong><br></strong></p><p><strong>Size &amp; Fit Information</strong></p><ul><li>One size fits most</li><li>Lightweight and breathable</li><li>Returns are not accepted for this product for hygiene reasons.</li></ul>","{""XS"":[[""0""],[""31763911114798""]],""S"":[[""0""],[""31763911147566""]],""M"":[[""0""],[""31763911180334""]],""L"":[[""0""],[""31763911213102""]],""XL"":[[""0""],[""31763911245870""]],""CleverCommon"":[""0""],""undefined"":""14084258889774""}","213","","27-11-2020","01-12-2020","true"
"4679193067566","test-product","MERGE","Test Bf Product","","dev","REPLACE","","","","","shop, discount-collection, shop-2, shop-3","","","","","","","","","","20-11-2020","24-11-2020","false"
"4690590072878","turtleneck-bodysuit","MERGE","Sleeveless Turtleneck Bodysuit Black","<h6>WHY WE LOVE IT</h6>
<p> </p>
<p>Cut from a lightweight modal blend, our sleeveless turtleneck bodysuit features a close fit for a figure-hugging silhouette along with its snapless thong design for comfort and an undetectable finish under your clothes. </p>
<p>Éterne's seamless sleeveless turtleneck bodysuit is designed to feel like a second skin. Style with your favorite pair of jeans, leather pants, layered under an oversized blazer, or a pantsuit. </p>","bodysuit, loop, new_in: 2020-10-28","REPLACE","127","Clothing","Apparel & Accessories > Clothing","bodysuits","shop, discount-collection, shop-2, shop-3","","Eterne’s Sleeveless Turtleneck Bodysuit is the ultimate everyday essential designed to feel like a second skin. This style is seamless and fashioned as a thong for an undetectable finish under your clothes. A flattering mock neckline adds versatility to style. Designed without snap closures at the base for comfort.","","","","<p><br></p><p><strong>Size &amp; Fit Information</strong></p><ul><li>Fits true to size, take your normal size</li><li>Designed for a close fit</li><li>89% Modal / 11% Lycra&nbsp;</li><li>Model is 177 cm/5&#39;10&quot; and is wearing a size S</li><li>Hand wash cold. Do not bleach. Do not tumble dry. Do not iron. Do not dry clean.&nbsp;</li></ul><p><strong>Final Sale</strong></p><ul><li>This item is FINAL SALE and not eligible for a refund, exchange, or store credit.</li></ul>","","1604","","","",""
"4690626445358","halter-bodysuit-ivory","MERGE","Halter Bodysuit Ivory","<h6>WHY WE LOVE IT</h6>
<p>Cut from a double-layered modal blend, our halter bodysuit features a close fit for a figure-hugging silhouette along with its snapless thong design for comfort and an undetectable finish under your clothes. </p>
<p>Style with your favorite pair of jeans, leather pants, layered under an oversized blazer, or a pantsuit. </p>","archive, bodysuit, Final Sale, loop","REPLACE","127","Clothing","Apparel & Accessories > Clothing","bodysuits, sale, migration","shop, discount-collection, shop-2, shop-3","","Eterne’s Halter Bodysuit is made from a butter-soft modal blend for a figure-hugging silhouette. This style is seamless and fashioned as a thong for an undetectable finish under your clothes. A flattering deep v neckline adds versatility to style. Designed without snap closures at the base for comfort.","","","","<p><br></p><p><br></p><p><strong>Size &amp; Fit Information</strong></p><ul><li>Fits true to size, take your normal size</li><li>Designed for a close fit</li><li>89% Modal / 11% Lycra&nbsp;</li><li>Model is 177 cm/5&#39;10&quot; and is wearing a size S</li><li>Hand wash cold. Non-chlorine bleach. Tumble dry low. Cool iron. Do not dry clean.&nbsp;</li></ul>","","1604","","","",""
"4690627231790","halter-bodysuit-black","MERGE","Halter Bodysuit Black","<h6>WHY WE LOVE IT</h6>
<p>Cut from a double-layered modal blend, our halter bodysuit features a close fit for a figure-hugging silhouette along with its snapless thong design for comfort and an undetectable finish under your clothes. </p>
<p>Style with your favorite pair of jeans, leather pants, layered under an oversized blazer, or a pantsuit. </p>","archive, bodysuit, Final Sale, loop","REPLACE","127","Clothing","Apparel & Accessories > Clothing","bodysuits, sale, migration","shop, discount-collection, shop-2, shop-3","","Eterne’s Halter Bodysuit is made from a butter-soft modal blend for a figure-hugging silhouette. This style is seamless and fashioned as a thong for an undetectable finish under your clothes. A flattering deep v neckline adds versatility to style. Designed without snap closures at the base for comfort.","","","","<p><br></p><p><strong>Size &amp; Fit Information</strong></p><ul><li>Fits true to size, take your normal size</li><li>Designed for a close fit</li><li>89% Modal / 11% Lycra&nbsp;</li><li>Model is 177 cm/5&#39;10&quot; and is wearing a size S</li><li>Hand wash cold. Non-chlorine bleach. Tumble dry low. Cool iron. Do not dry clean.&nbsp;</li></ul>","","1604","","","",""
"4690627887150","long-sleeve-bodysuit-ivory","MERGE","Long Sleeve Deep V Bodysuit Ivory","
<h6>WHY WE LOVE IT</h6>
<p>Cut from a double-layered modal blend, our long sleeve deep v bodysuit features a close fit for a figure-hugging silhouette along with its snapless thong design for comfort and an undetectable finish under your clothes. </p>
<p>Style with your favorite pair of jeans, leather pants, layered under an oversized blazer, or a pantsuit. </p>","bodysuit, loop","REPLACE","127","Clothing","Apparel & Accessories > Clothing","bodysuits, migration","shop, discount-collection, shop-2, shop-3","","Eterne’s Long Sleeve Deep V Bodysuit is made from a butter-soft modal blend for a figure-hugging silhouette. This style is seamless and fashioned as a thong for an undetectable finish under your clothes. A flattering deep v neckline adds versatility to style. Designed without snap closures at the base for comfort.","","","","<p><br></p><p><strong>Size &amp; Fit Information</strong></p><ul><li>Fits true to size, take your normal size</li><li>Designed for a close fit</li><li>89% Modal / 11% Lycra&nbsp;</li><li>Model is 177 cm/5&#39;10&quot; and is wearing a size S</li><li>Hand wash cold. Non-chlorine bleach. Tumble dry low. Cool iron. Do not dry clean</li></ul>","","1604","","","",""
"4690630246446","long-sleeve-bodysuit-black","MERGE","Long Sleeve Deep V Bodysuit Black","
<h6>WHY WE LOVE IT</h6>
<p>Cut from a double-layered modal blend, our long sleeve deep v bodysuit features a close fit for a figure-hugging silhouette along with its snapless thong design for comfort and an undetectable finish under your clothes. </p>
<p>Style with your favorite pair of jeans, leather pants, layered under an oversized blazer, or a pantsuit. </p>","bodysuit, loop","REPLACE","127","Clothing","Apparel & Accessories > Clothing","bodysuits, migration","shop, discount-collection, shop-2, shop-3","","Eterne’s Long Sleeve Deep V Bodysuit is made from a butter-soft modal blend for a figure-hugging silhouette. This style is seamless and fashioned as a thong for an undetectable finish under your clothes. A flattering deep v neckline adds versatility to style. Designed without snap closures at the base for comfort.","","","","<p><br></p><p><strong>Size &amp; Fit Information</strong></p><ul><li>Fits true to size, take your normal size</li><li>Designed for a close fit</li><li>89% Modal / 11% Lycra&nbsp;</li><li>Model is 177 cm/5&#39;10&quot; and is wearing a size S</li><li>Hand wash cold. Non-chlorine bleach. Tumble dry low. Cool iron. Do not dry clean</li></ul>","","1604","","","",""
"4692832976942","rise-ai-giftcard","MERGE","Digital Gift Card","<p>Shopping for someone else, but not sure what to get them? Give them the gift of choice with the <meta charset=""utf-8""><span data-mce-fragment=""1"">É</span>terne Digital Gift Card. </p>
<p>Gift cards are delivered by email -- send it to yourself or directly to the gift recipient.</p>","gift, gift card","REPLACE","5582","Gift Cards","Gift Cards","gift-card, accessories, migration","shop, shop-2, shop-3","","","","","","<p><br></p><p><strong>Product Information</strong></p><p style='margin: 0px 0px 1em; line-height: 1.4; color: rgb(33, 43, 54); font-family: -apple-system, system-ui, ""San Francisco"", ""Segoe UI"", Roboto, ""Helvetica Neue"", sans-serif; font-size: 14px; font-style: normal; font-variant-ligatures: normal; font-variant-caps: normal; font-weight: 400; letter-spacing: normal; orphans: 2; text-align: start; text-indent: 0px; text-transform: none; white-space: normal; widows: 2; word-spacing: 0px; -webkit-text-stroke-width: 0px; text-decoration-thickness: initial; text-decoration-style: initial; text-decoration-color: initial;'><span style='color: rgb(124, 112, 107); font-family: -apple-system, system-ui, ""San Francisco"", ""Segoe UI"", Roboto, ""Helvetica Neue"", sans-serif; font-size: 14px; font-style: normal; font-variant-ligatures: normal; font-variant-caps: normal; font-weight: 400; letter-spacing: normal; orphans: 2; text-align: start; text-indent: 0px; text-transform: none; white-space: normal; widows: 2; word-spacing: 0px; -webkit-text-stroke-width: 0px; text-decoration-thickness: initial; text-decoration-style: initial; text-decoration-color: initial; float: none; display: inline !important;'><span style=""color: rgb(65, 65, 65); font-family: sans-serif; font-size: 14px; font-style: normal; font-variant-ligatures: normal; font-variant-caps: normal; font-weight: 400; letter-spacing: normal; orphans: 2; text-align: left; text-indent: 0px; text-transform: none; white-space: normal; widows: 2; word-spacing: 0px; -webkit-text-stroke-width: 0px; background-color: rgb(255, 255, 255); text-decoration-thickness: initial; text-decoration-style: initial; text-decoration-color: initial; display: inline !important; float: none;"">Shopping for someone else, but not sure what to get them? Give them the gift of choice with the Eterne Digital Gift Card.&nbsp;</span></span></p><p style='margin: 0px 0px 1em; line-height: 1.4; color: rgb(33, 43, 54); font-family: -apple-system, system-ui, ""San Francisco"", ""Segoe UI"", Roboto, ""Helvetica Neue"", sans-serif; font-size: 14px; font-style: normal; font-variant-ligatures: normal; font-variant-caps: normal; font-weight: 400; letter-spacing: normal; orphans: 2; text-align: start; text-indent: 0px; text-transform: none; white-space: normal; widows: 2; word-spacing: 0px; -webkit-text-stroke-width: 0px; text-decoration-thickness: initial; text-decoration-style: initial; text-decoration-color: initial;'><span style='color: rgb(124, 112, 107); font-family: -apple-system, system-ui, ""San Francisco"", ""Segoe UI"", Roboto, ""Helvetica Neue"", sans-serif; font-size: 14px; font-style: normal; font-variant-ligatures: normal; font-variant-caps: normal; font-weight: 400; letter-spacing: normal; orphans: 2; text-align: start; text-indent: 0px; text-transform: none; white-space: normal; widows: 2; word-spacing: 0px; -webkit-text-stroke-width: 0px; text-decoration-thickness: initial; text-decoration-style: initial; text-decoration-color: initial; float: none; display: inline !important;'><span style=""color: rgb(65, 65, 65); font-family: sans-serif; font-size: 14px; font-style: normal; font-variant-ligatures: normal; font-variant-caps: normal; font-weight: 400; letter-spacing: normal; orphans: 2; text-align: left; text-indent: 0px; text-transform: none; white-space: normal; widows: 2; word-spacing: 0px; -webkit-text-stroke-width: 0px; background-color: rgb(255, 255, 255); text-decoration-thickness: initial; text-decoration-style: initial; text-decoration-color: initial; display: inline !important; float: none;"">Gift cards are delivered by email -- send it to yourself or directly to the gift recipient.</span></span></p><p style='margin: 0px 0px 1em; line-height: 1.4; color: rgb(33, 43, 54); font-family: -apple-system, system-ui, ""San Francisco"", ""Segoe UI"", Roboto, ""Helvetica Neue"", sans-serif; font-size: 14px; font-style: normal; font-variant-ligatures: normal; font-variant-caps: normal; font-weight: 400; letter-spacing: normal; orphans: 2; text-align: start; text-indent: 0px; text-transform: none; white-space: normal; widows: 2; word-spacing: 0px; -webkit-text-stroke-width: 0px; text-decoration-thickness: initial; text-decoration-style: initial; text-decoration-color: initial;'><br></p>","","1604","","","",""
"4703785779246","tank-bodysuit-black","MERGE","Tank Bodysuit Black","
<h6>WHY WE LOVE IT</h6>
<p>Cut from a lightweight modal blend, our tank bodysuit features a close fit for a figure-hugging silhouette along with its snapless thong design for comfort and an undetectable finish under your clothes. </p>
<p>Éterne's seamless tank bodysuit is designed to feel like a second skin. Style with your favorite pair of jeans, leather pants, layered under an oversized blazer, or a pantsuit. </p>","bodysuit, loop","REPLACE","208","Lingerie","Apparel & Accessories > Clothing > Underwear & Socks > Lingerie","bodysuits","shop, discount-collection, shop-2, shop-3","","Eterne’s Tank Bodysuit is the ultimate everyday essential designed to feel like a second skin. This style is seamless and fashioned as a thong for an undetectable finish under your clothes. A flattering square neckline adds versatility to style. Designed without snap closures at the base for comfort.","","","","<p><br></p><p><strong>Size &amp; Fit Information</strong><span style=""font-size:11pt;font-family:Arial;color:#222222;background-color:transparent;font-weight:400;font-style:normal;font-variant:normal;text-decoration:none;vertical-align:baseline;white-space:pre;white-space:pre-wrap;""></span></p><ul><li><span style=""font-size:11pt;font-family:Arial;color:#222222;background-color:transparent;font-weight:400;font-style:normal;font-variant:normal;text-decoration:none;vertical-align:baseline;white-space:pre;white-space:pre-wrap;"">Fits true to size, take your normal size</span></li><li dir=""ltr"" style=""list-style-type:disc;font-size:11pt;font-family:Arial;color:#222222;background-color:transparent;font-weight:400;font-style:normal;font-variant:normal;text-decoration:none;vertical-align:baseline;white-space:pre;""><p dir=""ltr"" style=""line-height:1.38;background-color:#ffffff;margin-top:0pt;margin-bottom:0pt;""><span style=""font-size:11pt;font-family:Arial;color:#222222;background-color:transparent;font-weight:400;font-style:normal;font-variant:normal;text-decoration:none;vertical-align:baseline;white-space:pre;white-space:pre-wrap;"">Designed for a close fit</span></p></li><li dir=""ltr"" style=""list-style-type:disc;font-size:11pt;font-family:Arial;color:#222222;background-color:transparent;font-weight:400;font-style:normal;font-variant:normal;text-decoration:none;vertical-align:baseline;white-space:pre;""><p dir=""ltr"" style=""line-height:1.38;background-color:#ffffff;margin-top:0pt;margin-bottom:0pt;""><span style=""font-size:11pt;font-family:Arial;color:#222222;background-color:transparent;font-weight:400;font-style:normal;font-variant:normal;text-decoration:none;vertical-align:baseline;white-space:pre;white-space:pre-wrap;"">89% Modal / 11% Lycra</span></p></li><li dir=""ltr"" style=""list-style-type:disc;font-size:11pt;font-family:Arial;color:#222222;background-color:transparent;font-weight:400;font-style:normal;font-variant:normal;text-decoration:none;vertical-align:baseline;white-space:pre;""><p dir=""ltr"" style=""line-height:1.38;background-color:#ffffff;margin-top:0pt;margin-bottom:0pt;""><span style=""font-size:11pt;font-family:Arial;color:#222222;background-color:transparent;font-weight:400;font-style:normal;font-variant:normal;text-decoration:none;vertical-align:baseline;white-space:pre;white-space:pre-wrap;"">Model is 177 cm/5&#39;10&quot; and is wearing a size S</span></p></li><li dir=""ltr"" style=""list-style-type:disc;font-size:11pt;font-family:Arial;color:#222222;background-color:transparent;font-weight:400;font-style:normal;font-variant:normal;text-decoration:none;vertical-align:baseline;white-space:pre;""><p dir=""ltr"" style=""line-height:1.38;background-color:#ffffff;margin-top:0pt;margin-bottom:10pt;""><span style=""font-size:11pt;font-family:Arial;color:#222222;background-color:transparent;font-weight:400;font-style:normal;font-variant:normal;text-decoration:none;vertical-align:baseline;white-space:pre;white-space:pre-wrap;"">Hand wash cold. Do not bleach. Do not tumble dry. Do not iron. Do Not Dry Clean.</span></p></li></ul>","","1604","","","",""
"6545614667822","cropped-ribbed-turtleneck-ivory","MERGE","Cropped Rib Turtleneck Ivory","<h6>WHY WE LOVE IT</h6>
<p>Cut from lightweight 100% cotton rib fabric, our cropped rib turtleneck features a form fitting yet comfortable silhouette along with Eterne's signature extra long sleeves.</p>
<p>Style with your favorite high-rise jeans, leather pants, or layered under an oversized blazer. </p>","archive, Final Sale, new_in: 2021-06-01, tops:l/s, tops:turtlenecks","REPLACE","174","Shirts & Tops","Apparel & Accessories > Clothing > Shirts & Tops","tops, sale, migration","shop, discount-collection, shop-2, shop-3","","","","","","<p><strong><br></strong></p><p><strong>Size &amp; Fit Information</strong></p><ul><li>Fits true to size, take your normal size</li><li>Designed for a slim fit</li><li>48% cotton,48% modal, 4% spandex&nbsp;</li><li>Model is 177 cm/5&#39;10&quot; and is wearing a size S</li><li>Machine wash cold. Non-chlorine bleach. Tumble dry low. Cool iron. Do not dry clean.&nbsp;</li></ul><p><strong>Final Sale</strong></p><ul><li>This item is FINAL SALE and not eligible for a refund, exchange, or store credit.</li></ul>","","1604","","","",""
"6545614733358","cropped-ribbed-turtleneck-black","MERGE","Cropped Rib Turtleneck Black","<h6>WHY WE LOVE IT</h6>
<p>Cut from lightweight 100% cotton rib fabric, our cropped rib turtleneck features a form fitting yet comfortable silhouette along with Eterne's signature extra long sleeves.</p>
<p>Style with your favorite high-rise jeans, leather pants, or layered under an oversized blazer. </p>
<p><br></p>","archive, Final Sale, new_in: 2021-06-21, tops:l/s, tops:turtlenecks","REPLACE","174","Shirts & Tops","Apparel & Accessories > Clothing > Shirts & Tops","tops, sale, migration","shop, discount-collection, shop-2, shop-3","","","","","","<p><strong><br></strong></p><p><strong>Size &amp; Fit Information</strong></p><ul><li>Fits true to size, take your normal size</li><li>Designed for a slim fit</li><li>48% cotton,48% modal, 4% spandex</li><li>Model is 177 cm/5&#39;10&quot; and is wearing a size S</li><li>Machine wash cold. Non-chlorine bleach. Tumble dry low. Cool iron. Do not dry clean.&nbsp;</li></ul><p><strong>Final Sale</strong></p><ul><li>This item is FINAL SALE and not eligible for a refund, exchange, or store credit.</li></ul>","","","","","",""
"6546032558126","ribbed-racerback-tank-ivory","MERGE","Rib Racerback Tank Ivory","<h6>WHY WE LOVE IT</h6>
<p>Cut from a lightweight 100% cotton rib fabric, our rib racerback tank features a flattering slim fit with its thin racer-back straps and low scooped neck. </p>
<p>Style with your favorite high-rise jeans, leather pants, or layered under an oversized blazer. </p>","loop, tank top, tops:tanks","REPLACE","174","Shirts & Tops","Apparel & Accessories > Clothing > Shirts & Tops","tank-styles","shop, discount-collection, shop-2, shop-3, tank-tops","","","","","","<p><strong><br></strong></p><p><strong>Size &amp; Fit Information</strong></p><ul><li>Fits true to size, take your normal size</li><li>Designed for a slim fit</li><li>100% cotton</li><li>Model is 177 cm/5&#39;10&quot; and is wearing a size S</li><li>Machine wash cold. Non-chlorine bleach. Tumble dry low. Cool iron. Do not dry clean.&nbsp;</li></ul><p><strong>Final Sale</strong></p><ul><li>This item is FINAL SALE and not eligible for a refund, exchange, or store credit.</li></ul>","","212","","","",""
"6546032623662","ribbed-racerback-tank-black","MERGE","Rib Racerback Tank Black","<h6>WHY WE LOVE IT</h6>
<p>Cut from a lightweight 100% cotton rib fabric, our rib racerback tank features a flattering slim fit with its thin racer-back straps and low scooped neck. </p>
<p>Style with your favorite high-rise jeans, leather pants, or layered under an oversized blazer. </p>","loop, tops:tanks","REPLACE","174","Shirts & Tops","Apparel & Accessories > Clothing > Shirts & Tops","","shop, discount-collection, shop-2, shop-3","","","","","","<p><strong><br></strong></p><p><strong>Size &amp; Fit Information</strong></p><ul><li>Fits true to size, take your normal size</li><li>Designed for a slim fit</li><li>100% cotton</li><li>Model is 177 cm/5&#39;10&quot; and is wearing a size </li><li><span style=""font-size:11pt;font-family:Arial;color:#454545;background-color:transparent;font-weight:400;font-style:normal;font-variant:normal;text-decoration:none;vertical-align:baseline;white-space:pre;white-space:pre-wrap;"">Machine wash cold. Non-chlorine bleach. Tumble dry low. Cool iron. Do not dry clean.&nbsp;</span></li></ul><p><strong>Final Sale</strong></p><ul><li>This item is FINAL SALE and not eligible for a refund, exchange, or store credit.</li></ul>","","212","","","",""
"6546032689198","ribbed-racerback-tank-heather-grey","MERGE","Rib Racerback Tank Heather Grey","<h6>WHY WE LOVE IT</h6>
<p>Cut from a lightweight 100% cotton rib fabric, our rib racerback tank features a flattering slim fit with its thin racer-back straps and low scooped neck. </p>
<p>Style with your favorite high-rise jeans, leather pants, or layered under an oversized blazer. </p>","archive, loop","REPLACE","174","Shirts & Tops","Apparel & Accessories > Clothing > Shirts & Tops","","shop, discount-collection, shop-2, shop-3","","","","","","<p><strong><br></strong></p><p><strong>Size &amp; Fit Information</strong></p><ul><li>Fits true to size, take your normal size</li><li>Designed for a slim fit</li><li>100% cotton</li><li>Model is 177 cm/5&#39;10&quot; and is wearing a size S</li><li>Machine wash cold. Non-chlorine bleach. Tumble dry low. Cool iron. Do not dry clean.&nbsp;</li></ul><p><strong>Final Sale</strong></p><ul><li>This item is FINAL SALE and not eligible for a refund, exchange, or store credit.</li></ul>","","212","","","",""
"6546046877742","cropped-rib-racerback-tank-ivory","MERGE","Cropped Rib Racerback Tank Ivory","<h6>WHY WE LOVE IT</h6>
<p>Cut from a lightweight 100% cotton rib fabric, our cropped rib racerback tank features a flattering slim fit with its thin racer-back straps and low scooped neck. </p>
<p>Style with your favorite high-rise jeans, leather pants, or layered under an oversized blazer</p>","archive, Final Sale, new_in: 2020-07-26, tank, tank top, tank tops, tops:tanks","REPLACE","174","Shirts & Tops","Apparel & Accessories > Clothing > Shirts & Tops","tank-styles, sale, migration","shop, discount-collection, shop-2, shop-3, tank-tops","","","","","","<p><strong><br></strong></p><p><strong>Size &amp; Fit Information</strong></p><ul><li>Fits true to size, take your normal size</li><li>Designed for a slim fit</li><li>100% cotton</li><li>Model is 177 cm/5&#39;10&quot; and is wearing a size S</li><li>Machine wash cold. Non-chlorine bleach. Tumble dry low. Cool iron. Do not dry clean.&nbsp;</li></ul><p><strong>Final Sale</strong></p><ul><li>This item is FINAL SALE and not eligible for a refund, exchange, or store credit.</li></ul>","","212","","","",""
"6546046943278","cropped-ribbed-racerback-tank-black","MERGE","Cropped Rib Racerback Tank Black","<h6>WHY WE LOVE IT</h6>
<p>Cut from a lightweight 100% cotton rib fabric, our cropped rib racerback tank features a flattering slim fit with its thin racer-back straps and low scooped neck. </p>
<p>Style with your favorite high-rise jeans, leather pants, or layered under an oversized blazer</p>","archive, Final Sale, new_in: 2020-07-26, tank, tank top, tank tops, tops:tanks","REPLACE","174","Shirts & Tops","Apparel & Accessories > Clothing > Shirts & Tops","tank-styles, sale, migration","shop, discount-collection, shop-2, shop-3, tank-tops","","","","","","<p><strong><br></strong></p><p><strong>Size &amp; Fit Information</strong></p><ul><li>Fits true to size, take your normal size</li><li>Designed for a slim fit</li><li>100% cotton</li><li>Model is 177 cm/5&#39;10&quot; and is wearing a size S</li><li>Machine wash cold. Non-chlorine bleach. Tumble dry low. Cool iron. Do not dry clean.&nbsp;</li></ul><p><strong>Final Sale</strong></p><ul><li>This item is FINAL SALE and not eligible for a refund, exchange, or store credit.</li></ul>","","212","","","",""
"6546047041582","cropped-ribbed-racerback-tank-heather-grey","MERGE","Cropped Rib Racerback Tank Heather Grey","<h6>WHY WE LOVE IT</h6>
<p>Cut from a lightweight 100% cotton rib fabric, our cropped rib racerback tank features a flattering slim fit with its thin racer-back straps and low scooped neck. </p>
<p>Style with your favorite high-rise jeans, leather pants, or layered under an oversized blazer</p>","archive, Final Sale, new_in: 2020-07-26, tank, tank top, tank tops, tops:tanks","REPLACE","174","Shirts & Tops","Apparel & Accessories > Clothing > Shirts & Tops","tank-styles, sale, migration","shop, discount-collection, shop-2, shop-3, tank-tops","","","","","","<p><strong><br></strong></p><p><strong>Size &amp; Fit Information</strong></p><ul><li>Fits true to size, take your normal size</li><li>Designed for a slim fit</li><li>100% cotton</li><li>Model is 177 cm/5&#39;10&quot; and is wearing a size S</li><li>Machine wash cold. Non-chlorine bleach. Tumble dry low. Cool iron. Do not dry clean.&nbsp;</li></ul><p><strong>Final Sale</strong></p><ul><li>This item is FINAL SALE and not eligible for a refund, exchange, or store credit.</li></ul>","","2271","","","",""
"6546047139886","long-sleeve-hoodie-t-shirt-ivory","MERGE","Long Sleeve Hoodie T-Shirt Ivory","<h6>WHY WE LOVE IT</h6>
<p>Cut from a lightweight cotton and modal blend, our hoodie t-shirt features a relaxed loose fit along with Éterne's signature extra long sleeves. </p>
<p>Style with your favorite pair of jeans, leather pants, layered under an oversized blazer, or paired with Éterne's lounge pant as a set.</p>","archive, Final Sale, loop, loungewear, new_in: 2021-04-23, t-shirt, tops:l/s, tops:t-shirt","REPLACE","174","Shirts & Tops","Apparel & Accessories > Clothing > Shirts & Tops","t-shirt-collection-2, t-shirt-styles, sale, migration","shop, discount-collection, shop-2, shop-3, t-shirts, loungewear","","","","","","<p><strong>Size &amp; Fit Information</strong></p><p><br></p><ul><li>Fits true to size, take your normal size</li><li>Designed for a loose fit</li><li>Lightweight, 50% cotton, 50% modal</li><li>Model is 177 cm/5&#39;10&quot; and is wearing a size S</li><li>Machine wash cold. Non-chlorine bleach. Tumble dry low. Cool iron. Do not dry clean.&nbsp;</li></ul><p><strong>Final Sale</strong></p><ul><li>This item is FINAL SALE and not eligible for a refund, exchange, or store credit.</li></ul>","","","","","",""
"6546047270958","long-sleeve-hoodie-t-shirt-black","MERGE","Long Sleeve Hoodie T-Shirt Black","<h6>WHY WE LOVE IT</h6>
<p>Cut from a lightweight cotton and modal blend, our hoodie t-shirt features a relaxed loose fit along with Éterne's signature extra long sleeves. </p>
<p>Style with your favorite pair of jeans, leather pants, layered under an oversized blazer, or paired with Éterne's lounge pant as a set.</p>","archive, loop, tops:l/s","REPLACE","174","Shirts & Tops","Apparel & Accessories > Clothing > Shirts & Tops","migration","shop, discount-collection, shop-2, shop-3","","","","","","<p><strong>Size &amp; Fit Information</strong></p><p><br></p><ul><li>Fits true to size, take your normal size</li><li>Designed for a loose fit</li><li>Lightweight, 50% cotton, 50% modal</li><li>Model is 177 cm/5&#39;10&quot; and is wearing a size S</li><li>Machine wash cold. Non-chlorine bleach. Tumble dry low. Cool iron. Do not dry clean.&nbsp;</li></ul><p><strong>Final Sale</strong></p><ul><li>This item is FINAL SALE and not eligible for a refund, exchange, or store credit.</li></ul>","","","","","",""
"6546047336494","long-sleeve-hoodie-t-shirt-heather-grey","MERGE","Long Sleeve Hoodie T-Shirt Heather Grey","<h6>WHY WE LOVE IT</h6>
<p>Cut from a lightweight cotton and modal blend, our hoodie t-shirt features a relaxed loose fit along with Éterne's signature extra long sleeves. </p>
<p>Style with your favorite pair of jeans, leather pants, layered under an oversized blazer, or paired with Éterne's lounge pant as a set.</p>","archive, Final Sale, hoodie, loop, loungewear, new_in: 2021-04-23, shirt, t-shirt, tee, tops:l/s, tops:t-shirt","REPLACE","174","Shirts & Tops","Apparel & Accessories > Clothing > Shirts & Tops","t-shirt-styles, sale, migration","shop, discount-collection, shop-2, shop-3, t-shirts, hoodies, loungewear","","","","","","<p><strong>Size &amp; Fit Information</strong></p><p><br></p><ul><li>Fits true to size, take your normal size</li><li>Designed for a loose fit</li><li>Lightweight, 50% cotton, 50% modal</li><li>Model is 177 cm/5&#39;10&quot; and is wearing a size S</li><li>Machine wash cold. Non-chlorine bleach. Tumble dry low. Cool iron. Do not dry clean.&nbsp;</li></ul><p><strong>Final Sale</strong></p><ul><li>This item is FINAL SALE and not eligible for a refund, exchange, or store credit.</li></ul>","","","","","",""
"6546047369262","long-sleeve-cropped-hoodie-t-shirt-ivory","MERGE","Long Sleeve Cropped Hoodie T-Shirt Ivory","<h6>WHY WE LOVE IT</h6>
<p>Cut from a lightweight cotton and modal blend, our cropped hoodie t-shirt features a relaxed loose fit along with Éterne's signature extra long sleeves. </p>
<p>Style with your favorite pair of jeans, leather pants, layered under an oversized blazer, or paired with Éterne's lounge pant as a set.</p>
<h6></h6>","archive, Final Sale, hoodie, loop, loungewear, new_in: 2021-04-23, tops:l/s, tops:t-shirt","REPLACE","174","Shirts & Tops","Apparel & Accessories > Clothing > Shirts & Tops","t-shirt-collection-2, t-shirt-styles, sale, migration","shop, discount-collection, shop-2, shop-3, hoodies, loungewear","","","","","","<p><strong><br></strong></p><p><strong>Size &amp; Fit Information</strong></p><ul><li>Fits true to size, take your normal size</li><li>Designed for a loose fit</li><li>50% cotton, 50% modal</li><li>Model is 177 cm/5&#39;10&quot; and is wearing a size S</li><li>Machine wash cold. Non-chlorine bleach. Tumble dry low. Cool iron. Do not dry clean.&nbsp;</li></ul><p><strong>Final Sale</strong></p><ul><li>This item is FINAL SALE and not eligible for a refund, exchange, or store credit.</li></ul>","","","","","",""
"6546047402030","long-sleeve-cropped-hoodie-t-shirt-black","MERGE","Long Sleeve Cropped Hoodie T-Shirt Black","<h6>WHY WE LOVE IT</h6>
<p>Cut from a lightweight cotton and modal blend, our cropped hoodie t-shirt features a relaxed loose fit along with Éterne's signature extra long sleeves. </p>
<p>Style with your favorite pair of jeans, leather pants, layered under an oversized blazer, or paired with Éterne's lounge pant as a set.</p>","archive, Final Sale, loop, lounge, loungewear, new_in: 2021-04-23, shirt, t-shirt, tops:l/s, tops:t-shirt","REPLACE","174","Shirts & Tops","Apparel & Accessories > Clothing > Shirts & Tops","t-shirt-collection-2, t-shirt-styles, sale, migration","shop, discount-collection, shop-2, shop-3, t-shirts, loungewear","","","","","","<p><strong>Size &amp; Fit Information</strong></p><p><br></p><ul><li>Fits true to size, take your normal size</li><li>Designed for a loose fit</li><li>50% cotton, 50% modal</li><li>Model is 177 cm/5&#39;10&quot; and is wearing a size S</li><li>Machine wash cold. Non-chlorine bleach. Tumble dry low. Cool iron. Do not dry clean.&nbsp;</li></ul><p><strong>Final Sale</strong></p><ul><li>This item is FINAL SALE and not eligible for a refund, exchange, or store credit.</li></ul>","","","","","",""
"6546047467566","long-sleeve-cropped-hoodie-t-shirt-heather-grey","MERGE","Long Sleeve Cropped Hoodie T-Shirt Heather Grey","<h6>WHY WE LOVE IT</h6>
<p>Cut from a lightweight cotton and modal blend, our cropped hoodie t-shirt features a relaxed loose fit along with Éterne's signature extra long sleeves. </p>
<p>Style with your favorite pair of jeans, leather pants, layered under an oversized blazer, or paired with Éterne's lounge pant as a set.</p>","archive, Final Sale, loop, loungewear, new_in: 2021-04-23, t-shirt, tops:l/s, tops:t-shirt","REPLACE","174","Shirts & Tops","Apparel & Accessories > Clothing > Shirts & Tops","sale, migration","shop, discount-collection, shop-2, shop-3, t-shirts, loungewear","","","","","","<p><strong><br></strong></p><p><strong>Size &amp; Fit Information</strong></p><ul><li>Fits true to size, take your normal size</li><li>Designed for a loose fit</li><li>50% cotton, 50% modal</li><li>Model is 177 cm/5&#39;10&quot; and is wearing a size S</li><li>Machine wash cold. Non-chlorine bleach. Tumble dry low. Cool iron. Do not dry clean.&nbsp;</li></ul><p><strong>Final Sale</strong></p><ul><li>This item is FINAL SALE and not eligible for a refund, exchange, or store credit.</li></ul>","","","","","",""
"6546047500334","boyfriend-pocket-t-shirt-ivory","MERGE","Boyfriend Pocket T-Shirt Ivory","<h6>WHY WE LOVE IT</h6>
<p>Cut from a lightweight cotton and modal blend, our boyfriend pocket t-shirt features a slightly loose fit. </p>
<p>Style with your favorite pair of jeans, leather pants, layered under an oversized blazer, or paired with Éterne's lounge pants as a set.</p>","archive, Final Sale, T-shirt, tops:t-shirt","REPLACE","174","Shirts & Tops","Apparel & Accessories > Clothing > Shirts & Tops","t-shirt-styles, sale, migration","shop, discount-collection, shop-2, shop-3, t-shirts","","Cut from a lightweight cotton and modal blend, our boyfriend pocket t-shirt features a slightly loose fit. Style with your favorite pair of jeans, leather pants, layered under an oversized blazer, or paired with Éterne's lounge pants as a set.","","","","<p><strong><br></strong></p><p><strong>Size &amp; Fit Information</strong></p><ul><li>Fits true to size, take your normal size</li><li>Designed for a loose fit</li><li>50% cotton, 50% modal</li><li>Model is 177 cm/5&#39;10&quot; and is wearing a size S</li><li>Machine wash cold. Non-chlorine bleach. Tumble dry low. Cool iron. Do not dry clean.&nbsp;</li></ul>","","1604","","","",""
"6546047533102","boyfriend-pocket-t-shirt-black","MERGE","Boyfriend Pocket T-Shirt Black","
<h6>WHY WE LOVE IT</h6>
<p>Cut from a lightweight cotton and modal blend, our boyfriend pocket t-shirt features a slightly loose fit.</p>
<p>Style with your favorite pair of jeans, leather pants, layered under an oversized blazer, or paired with Éterne's lounge pants as a set.</p>","archive, Final Sale, t-shirt, tops:t-shirt","REPLACE","174","Shirts & Tops","Apparel & Accessories > Clothing > Shirts & Tops","t-shirt-styles, sale, migration","shop, discount-collection, shop-2, shop-3, t-shirts","","Cut from a lightweight cotton and modal blend, our boyfriend pocket t-shirt features a slightly loose fit. Style with your favorite pair of jeans, leather pants, layered under an oversized blazer, or paired with Éterne's lounge pants as a set.","","","","<p><strong><br></strong></p><p><strong>Size &amp; Fit Information</strong></p><ul><li>Fits true to size, take your normal size</li><li>Designed for a loose fit</li><li>50% cotton, 50% modal</li><li>Model is 177 cm/5&#39;10&quot; and is wearing a size S</li><li>Machine wash cold. Non-chlorine bleach. Tumble dry low. Cool iron. Do not dry clean.&nbsp;</li></ul>","","1604","","","",""
"6546047631406","boyfriend-pocket-t-shirt-heather-grey","MERGE","Boyfriend Pocket T-Shirt Heather Grey","<h6>WHY WE LOVE IT</h6>
<p>Cut from a lightweight cotton and modal blend, our boyfriend pocket t-shirt features a slightly loose fit. </p>
<p>Style with your favorite pair of jeans, leather pants, layered under an oversized blazer, or paired with Éterne's lounge pants as a set.</p>","archive, Final Sale, T-shirt, tops:t-shirt","REPLACE","174","Shirts & Tops","Apparel & Accessories > Clothing > Shirts & Tops","t-shirt-styles, sale, migration","shop, discount-collection, shop-2, shop-3, t-shirts","","Cut from a lightweight cotton and modal blend, our boyfriend pocket t-shirt features a slightly loose fit. Style with your favorite pair of jeans, leather pants, layered under an oversized blazer, or paired with Éterne's lounge pants as a set.","","","","<p><strong><br></strong></p><p><strong>Size &amp; Fit Information</strong></p><ul><li>Fits true to size, take your normal size</li><li>Designed for a loose fit</li><li>50% cotton, 50% modal</li><li>Model is 177 cm/5&#39;10&quot; and is wearing a size S</li></ul>","","1604","","","",""
"6546047664174","lounge-pant-ivory","MERGE","Lounge Pant Ivory","<h6>WHY WE LOVE IT</h6>
<p>Cut from a lightweight cotton and modal blend, our lounge pant features a comfortable and relaxed fit with its soft elastic waistband and flattering wide legs. </p>
<p>Pair with Éterne's <a href=""https://eterne.com/collections/new-releases/products/ls-baby-tee-ivory"">long sleeve baby tee</a> as a set.</p>","bottoms:pants, loop, lounge, loungewear, pant, pants","REPLACE","173","Pants","Apparel & Accessories > Clothing > Pants","bottoms, bestsellers, chloes-packing-list","shop, discount-collection, shop-2, shop-3, pants, loungewear","","","","","","<p><strong><br></strong></p><p><strong>Size &amp; Fit Information</strong></p><ul><li>Fits true to size, take your normal size</li><li>Designed for a loose fit</li><li>50% cotton, 50% modal</li><li>Model is 177 cm/5&#39;10&quot; and is wearing a size S</li><li>Inseam 33 &frac14;&nbsp;</li><li><span style=""font-size:11pt;font-family:Arial;color:#454545;background-color:transparent;font-weight:400;font-style:normal;font-variant:normal;text-decoration:none;vertical-align:baseline;white-space:pre;white-space:pre-wrap;"">Machine wash cold. Non-chlorine bleach. Tumble dry low. Cool iron. Do not dry clean.&nbsp;</span></li></ul>","","","","","",""
"6546047729710","lounge-pant-black","MERGE","Lounge Pant Black","<h6>WHY WE LOVE IT</h6>
<p>Cut from a lightweight cotton and modal blend, our lounge pant features a comfortable and relaxed fit with its soft elastic waistband and flattering wide legs. </p>
<p>Pair with Éterne's <a href=""https://eterne.com/collections/new-releases/products/ls-baby-tee-black"">long sleeve baby tee</a> as a set.</p>","bottoms:pants, loop, lounge, loungewear, pant, pants","REPLACE","173","Pants","Apparel & Accessories > Clothing > Pants","bottoms, bestsellers","shop, discount-collection, shop-2, shop-3, pants, loungewear","","","","","","<p><strong><br></strong></p><p><strong>Size &amp; Fit Information</strong></p><ul><li>Fits true to size, take your normal size</li><li>Designed for a loose fit</li><li>50% cotton, 50% modal</li><li>Model is 177 cm/5&#39;10&quot; and is wearing a size S</li><li>Inseam 33 &frac14;&nbsp;</li><li><span style=""font-size:11pt;font-family:Arial;color:#454545;background-color:transparent;font-weight:400;font-style:normal;font-variant:normal;text-decoration:none;vertical-align:baseline;white-space:pre;white-space:pre-wrap;"">Machine wash cold. Non-chlorine bleach. Tumble dry low. Cool iron. Do not dry clean.&nbsp;</span></li></ul>","","","","","",""
"6546047795246","lounge-pant-heather-grey","MERGE","Lounge Pant Heather Grey","<h6>WHY WE LOVE IT</h6>
<p>Cut from a lightweight cotton and modal blend, our lounge pant features a comfortable and relaxed fit with its soft elastic waistband and flattering wide legs. </p>
<p>Pair with Éterne's <a href=""https://eterne.com/collections/new-releases/products/ls-baby-tee-heather-grey"">long sleeve baby tee</a> as a set.</p>","bottoms:pants, loop, lounge, loungewear, pant, pants","REPLACE","173","Pants","Apparel & Accessories > Clothing > Pants","bottoms, bestsellers","shop, discount-collection, shop-2, shop-3, pants, loungewear","","","","","","<p><strong><br></strong></p><p><strong>Size &amp; Fit Information</strong></p><ul><li>Fits true to size, take your normal size</li><li>Designed for a loose fit</li><li>50% cotton, 50% modal</li><li>Model is 177 cm/5&#39;10&quot; and is wearing a size S</li><li>Inseam 33 &frac14;&nbsp;</li><li><span style=""font-size:11pt;font-family:Arial;color:#454545;background-color:transparent;font-weight:400;font-style:normal;font-variant:normal;text-decoration:none;vertical-align:baseline;white-space:pre;white-space:pre-wrap;"">Machine wash cold. Non-chlorine bleach. Tumble dry low. Cool iron. Do not dry clean.&nbsp;</span></li></ul>","","","","","",""
"6546047828014","lounge-boxer-short-ivory","MERGE","Lounge Boxer Short Ivory","<h6>WHY WE LOVE IT</h6>
<p>Cut from a lightweight cotton and modal blend, our lounge boxer short features a comfortable and relaxed fit with it's soft elastic waistband, button and top stitch detail.</p>
<p>Pair with Éterne's <a href=""https://eterne.com/products/cropped-scoop-neck-tank-ivory"">cropped scoop neck tank </a>as a set.</p>","bottoms:shorts, boxer, loop, lounge, loungewear, short, shorts","REPLACE","175","Shorts","Apparel & Accessories > Clothing > Shorts","bottoms","shop, discount-collection, shop-2, shop-3, shorts, loungewear","","","","","","<p><strong><br></strong></p><p><strong>Size &amp; Fit Information</strong></p><ul><li>Fits true to size, take your normal size</li><li>Designed for a loose fit</li><li>50% cotton, 50% modal</li><li>Model is 177 cm/5&#39;10&quot; and is wearing a size S</li><li>Inseam <span style=""font-size:11pt;font-family:Arial;color:#454545;background-color:transparent;font-weight:400;font-style:normal;font-variant:normal;text-decoration:none;vertical-align:baseline;white-space:pre;white-space:pre-wrap;"">3 &frac34;&nbsp;</span></li><li><span style=""font-size:11pt;font-family:Arial;color:#454545;background-color:transparent;font-weight:400;font-style:normal;font-variant:normal;text-decoration:none;vertical-align:baseline;white-space:pre;white-space:pre-wrap;"">Machine wash cold. Non-chlorine bleach. Tumble dry low. Cool iron. Do not dry clean.&nbsp;</span></li></ul>","","","","","",""
"6546047893550","lounge-boxer-short-black","MERGE","Lounge Boxer Short Black","<h6>WHY WE LOVE IT</h6>
<p>Cut from a lightweight cotton and modal blend, our lounge boxer short features a comfortable and relaxed fit with it's soft elastic waistband, button and top stitch detail.</p>
<p>Pair with Éterne's <a href=""https://eterne.com/products/cropped-scoop-neck-tank-black"">cropped scoop neck tank</a> as a set.</p>","bottoms:shorts, boxer, loop, lounge, loungewear, short, shorts","REPLACE","175","Shorts","Apparel & Accessories > Clothing > Shorts","bottoms","shop, discount-collection, shop-2, shop-3, shorts, loungewear","","","","","","<p><strong><br></strong></p><p><strong>Size &amp; Fit Information</strong></p><ul><li>Fits true to size, take your normal size</li><li>Designed for a loose fit</li><li>50% cotton, 50% modal</li><li>Model is 177 cm/5&#39;10&quot; and is wearing a size S</li><li>Inseam&nbsp;<span style=""font-size:11pt;font-family:Arial;color:#454545;background-color:transparent;font-weight:400;font-style:normal;font-variant:normal;text-decoration:none;vertical-align:baseline;white-space:pre;white-space:pre-wrap;"">3 &frac34;&nbsp;</span></li><li><span style=""font-size:11pt;font-family:Arial;color:#454545;background-color:transparent;font-weight:400;font-style:normal;font-variant:normal;text-decoration:none;vertical-align:baseline;white-space:pre;white-space:pre-wrap;"">Machine wash cold. Non-chlorine bleach. Tumble dry low. Cool iron. Do not dry clean. </span></li></ul>","","","","","",""
"6546047959086","lounge-boxer-short-heather-grey","MERGE","Lounge Boxer Short Heather Grey","<h6>WHY WE LOVE IT</h6>
<p>Cut from a lightweight cotton and modal blend, our lounge boxer short features a comfortable and relaxed fit with it's soft elastic waistband, button and top stitch detail.</p>
<p>Pair with Éterne's <a href=""https://eterne.com/products/cropped-scoop-neck-tank-heather-grey"">cropped scoop neck tank</a> as a set.</p>","bottoms:shorts, boxer, loop, lounge, loungewear, short, shorts","REPLACE","175","Shorts","Apparel & Accessories > Clothing > Shorts","bottoms","shop, discount-collection, shop-2, shop-3, shorts, loungewear","","","","","","<p><strong><br></strong></p><p><strong>Size &amp; Fit Information</strong></p><ul><li>Fits true to size, take your normal size</li><li>Designed for a loose fit</li><li>50% cotton, 50% modal</li><li>Model is 177 cm/5&#39;10&quot; and is wearing a size S</li><li>Inseam <span style=""font-size:11pt;font-family:Arial;color:#454545;background-color:transparent;font-weight:400;font-style:normal;font-variant:normal;text-decoration:none;vertical-align:baseline;white-space:pre;white-space:pre-wrap;"">3 &frac34;&nbsp;</span></li><li><span style=""font-size:11pt;font-family:Arial;color:#454545;background-color:transparent;font-weight:400;font-style:normal;font-variant:normal;text-decoration:none;vertical-align:baseline;white-space:pre;white-space:pre-wrap;"">Machine wash cold. Non-chlorine bleach. Tumble dry low. Cool iron. Do not dry clean.&nbsp;</span></li></ul>","","","","","",""
"6546048057390","oversized-thermal-ivory","MERGE","Oversized Thermal Ivory","<h6>WHY WE LOVE IT</h6>
<p>Cut from lightweight cotton and modal blend, our oversized thermal features a relaxed loose fit, classic crewneck, and Éterne's signature extra long sleeves.</p>
<p>Style with your favorite high-rise jeans, leather pants, layered under an oversized blazer or paired with Éterne's <a href=""https://eterne.com/products/thermal-lounge-pant-ivory"">thermal lounge pant</a> as a set.</p>","loop, loungewear","REPLACE","174","Shirts & Tops","Apparel & Accessories > Clothing > Shirts & Tops","thermals, t-shirt-styles","shop, discount-collection, shop-2, shop-3, loungewear","","","","","","<p><strong><br></strong></p><p><strong>Size &amp; Fit Information</strong></p><ul><li>Fits true to size, take your normal size</li><li>Designed for a loose fit</li><li>48% cotton, 48% modal, 4% spandex</li><li>Model is 177 cm/5&#39;10&quot; and is wearing a size S</li></ul>","","","","","",""
"6546048090158","oversized-thermal-black","MERGE","Oversized Thermal Black","<h6>WHY WE LOVE IT</h6>
<p>Cut from lightweight cotton and modal blend, our oversized thermal features a relaxed loose fit, classic crewneck, and Éterne's signature extra long sleeves.</p>
<p>Style with your favorite high-rise jeans, leather pants, layered under an oversized blazer or paired with Éterne's <a href=""https://eterne.com/products/thermal-lounge-pant-black"">thermal lounge pan</a>t as a set.</p>","loop, loungewear","REPLACE","174","Shirts & Tops","Apparel & Accessories > Clothing > Shirts & Tops","thermals, t-shirt-styles","shop, discount-collection, shop-2, shop-3, loungewear","","","","","","<p><strong><br></strong></p><p><strong>Size &amp; Fit Information</strong></p><ul><li>Fits true to size, take your normal size</li><li>Designed for a loose fit</li><li>48% cotton, 48% modal, 4% spandex</li><li>Model is 177 cm/5&#39;10&quot; and is wearing a size S</li></ul>","","","","","",""
"6546048155694","oversized-thermal-heather-grey","MERGE","Oversized Thermal Heather Grey","<h6>WHY WE LOVE IT</h6>
<p>Cut from lightweight cotton and modal blend, our oversized thermal features a relaxed loose fit, classic crewneck, and Éterne's signature extra long sleeves.</p>
<p>Style with your favorite high-rise jeans, leather pants, layered under an oversized blazer or paired with Éterne's <a href=""https://eterne.com/products/thermal-lounge-pant-heather-grey"">thermal lounge pant</a> as a set.</p>","loop, loungewear","REPLACE","174","Shirts & Tops","Apparel & Accessories > Clothing > Shirts & Tops","thermals, t-shirt-styles","shop, discount-collection, shop-2, shop-3, loungewear","","","","","","<p><strong><br></strong></p><p><strong>Size &amp; Fit Information</strong></p><ul><li>Fits true to size, take your normal size</li><li>Designed for a loose fit</li><li>48% cotton, 48% modal, 4% spandex</li><li>Model is 177 cm/5&#39;10&quot; and is wearing a size S</li></ul>","","","","","",""
"6546048188462","cropped-oversized-thermal-ivory","MERGE","Cropped Oversized Thermal Ivory","<h6>WHY WE LOVE IT</h6>
<p>Cut from a lightweight cotton and modal blend, our cropped oversized thermal features a relaxed loose fit, classic crewneck, and Éterne's signature extra long sleeves.</p>
<p>Style with your favorite high-rise jeans, leather pants, layered under an oversized blazer or paired with Éterne's <a href=""https://eterne.com/products/thermal-lounge-pant-ivory"">thermal lounge pan</a>t as a set.</p>","archive, Final Sale, loungewear, new_in: 2021-04-23","REPLACE","174","Shirts & Tops","Apparel & Accessories > Clothing > Shirts & Tops","thermals, sale, migration","shop, discount-collection, shop-2, shop-3, loungewear","","","","","","<p><strong><br></strong></p><p><strong>Size &amp; Fit Information</strong></p><ul><li>Fits true to size, take your normal size</li><li>Designed for a loose fit</li><li>48% cotton, 48% modal, 4% spandex</li><li>Model is 177 cm/5&#39;10&quot; and is wearing a size S</li><li>Machine wash cold. Non-chlorine bleach. Tumble dry low. Do not dry clean.&nbsp;</li></ul>","","","","","",""
"6546048253998","cropped-oversized-thermal-black","MERGE","Cropped Oversized Thermal Black","<h6>WHY WE LOVE IT</h6>
<p>Cut from a lightweight cotton and modal blend, our cropped oversized thermal features a relaxed loose fit, classic crewneck, and Éterne's signature extra long sleeves.</p>
<p>Style with your favorite high-rise jeans, leather pants, layered under an oversized blazer or paired with Éterne's <a href=""https://eterne.com/products/thermal-lounge-pant-black"">thermal lounge pant</a> as a set.</p>","archive, Final Sale, loungewear, new_in: 2021-04-23","REPLACE","174","Shirts & Tops","Apparel & Accessories > Clothing > Shirts & Tops","thermals, sale, migration","shop, discount-collection, shop-2, shop-3, loungewear","","","","","","<p><strong><br></strong></p><p><strong>Size &amp; Fit Information</strong></p><ul><li>Fits true to size, take your normal size</li><li>Designed for a loose fit</li><li>48% cotton, 48% modal, 4% spandex</li><li>Model is 177 cm/5&#39;10&quot; and is wearing a size S</li><li>Machine wash cold. Non-chlorine bleach. Tumble dry low. Cool iron. Do not dry clean.&nbsp;</li></ul>","","1604","","","",""
"6546048286766","cropped-oversized-thermal-heather-grey","MERGE","Cropped Oversized Thermal Heather Grey","<h6>WHY WE LOVE IT</h6>
<p>Cut from a lightweight cotton and modal blend, our cropped oversized thermal features a relaxed loose fit, classic crewneck, and Éterne's signature extra long sleeves.</p>
<p>Style with your favorite high-rise jeans, leather pants, layered under an oversized blazer or paired with Éterne's <a href=""https://eterne.com/products/thermal-lounge-pant-heather-grey"">thermal lounge pant</a> as a set.</p>","archive, Final Sale, loungewear, new_in: 2021-04-23","REPLACE","174","Shirts & Tops","Apparel & Accessories > Clothing > Shirts & Tops","thermals, sale, migration","shop, discount-collection, shop-2, shop-3, loungewear","","","","","","<p><strong><br></strong></p><p><strong>Size &amp; Fit Information</strong></p><ul><li>Fits true to size, take your normal size</li><li>Designed for a loose fit</li><li>48% cotton, 48% modal, 4% spandex</li><li>Model is 177 cm/5&#39;10&quot; and is wearing a size S</li><li>Machine wash cold. Non-chlorine bleach. Tumble dry low. Cool iron. Do not dry clean.&nbsp;</li></ul>","","212","","","",""
"6546048417838","thermal-biker-short-black","MERGE","Thermal Biker Short Black","<h6>WHY WE LOVE IT</h6>
<p>Cut from lightweight cotton and modal blend, our thermal biker short features a sexy slim fit with its 3' inch inseam, comfortable high-rise elastic waist and ultra soft waffle knit fabric.</p>
<p>Style Pair with Éterne's cropped oversized thermal as a set.</p>","archive, biker, bottoms:shorts, Final Sale, shorts","REPLACE","175","Shorts","Apparel & Accessories > Clothing > Shorts","thermals, bottoms, sale","shop, discount-collection, shop-2, shop-3, shorts","","","","","","<p><strong><br></strong></p><p><strong>Size &amp; Fit Information</strong></p><ul><li>Fits true to size, take your normal size</li><li>Designed for a slim fit</li><li>48% cotton, 48% modal, 4% spandex</li><li>Model is 177 cm/5&#39;10&quot; and is wearing a size S</li><li>Machine wash cold. Non-chlorine bleach. Tumble dry low. Cool iron. Do not dry clean.&nbsp;</li></ul>","","","","","",""
"6546048450606","thermal-biker-short-heather-grey","MERGE","Thermal Biker Short Heather Grey","<h6>WHY WE LOVE IT</h6>
<p>Cut from lightweight cotton and modal blend, our thermal biker short features a sexy slim fit with its 3' inch inseam, comfortable high-rise elastic waist and ultra soft waffle knit fabric.</p>
<p>Style Pair with Éterne's cropped oversized thermal as a set.</p>","archive, biker, bottoms:shorts, Final Sale, new_in: 2021-04-23, shorts","REPLACE","175","Shorts","Apparel & Accessories > Clothing > Shorts","thermals, bottoms, sale","shop, discount-collection, shop-2, shop-3, shorts","","","","","","<p><strong><br></strong></p><p><strong>Size &amp; Fit Information</strong></p><ul><li>Fits true to size, take your normal size</li><li>Designed for a slim fit</li><li>48% cotton, 48% modal, 4% spandex</li><li>Model is 177 cm/5&#39;10&quot; and is wearing a size S</li><li>Machine wash cold. Non-chlorine bleach. Tumble dry low. Cool iron. Do not dry clean.&nbsp;</li></ul>","","","","","",""
"6546048516142","thermal-romper","MERGE","Thermal Romper","<h6>WHY WE LOVE IT</h6>
<p>Cut from a lightweight cotton and modal blend, our thermal romper is designed for a close fit with its henley inspired neckline and ultra soft waffle knit fabric.  </p>","loop, loungewear, thermal","REPLACE","127","Clothing","Apparel & Accessories > Clothing","thermals","shop, discount-collection, shop-2, shop-3, loungewear","","","","","","<p><strong><br></strong></p><p><strong>Size &amp; Fit Information</strong></p><ul><li>Fits true to size, take your normal size</li><li>Designed for a close fit</li><li>48% cotton, 48% modal, 4% spandex</li><li>Model is 177 cm/5&#39;10&quot; and is wearing a size S</li><li>Machine wash cold. Non-chlorine bleach. Tumble dry low. Cool iron. &nbsp;Do not dry clean.</li></ul>","","","","","",""
"6546048614446","thermal-lounge-pant-ivory","MERGE","Thermal Lounge Pant Ivory","<h6>WHY WE LOVE IT</h6>
<p>Cut from a lightweight cotton and modal blend, our thermal lounge pant features a comfortable and relaxed fit with its soft elastic waistband, flattering wide legs and ultra soft waffle knit fabric.</p>
<p>Pair with Eterne's long sleeve cropped thermal hoodie as a set.</p>","bottoms:pants, loop, loungewear, pants, thermal","REPLACE","173","Pants","Apparel & Accessories > Clothing > Pants","thermals, bottoms","shop, discount-collection, shop-2, shop-3, pants, loungewear","","","","","","<p><strong><br></strong></p><p><strong>Size &amp; Fit Information</strong></p><ul><li>Fits true to size, take your normal size</li><li>Designed for a loose fit</li><li>48% cotton, 48% modal, 4% spandex&nbsp;</li><li>Model is 177 cm/5&#39;10&quot; and is wearing a size S</li><li>Machine wash cold. Non-chlorine bleach. Tumble dry low. Cool iron. Do not dry clean.&nbsp;</li></ul>","","","","","",""
"6546048712750","thermal-lounge-pant-black","MERGE","Thermal Lounge Pant Black","<h6>WHY WE LOVE IT</h6>
<p>Cut from a lightweight cotton and modal blend, our thermal lounge pant features a comfortable and relaxed fit with its soft elastic waistband, flattering wide legs and ultra soft waffle knit fabric.</p>
<p>Pair with Eterne's long sleeve cropped thermal hoodie as a set.</p>","bottoms:pants, loop, loungewear, pants, thermal","REPLACE","173","Pants","Apparel & Accessories > Clothing > Pants","thermals, bottoms","shop, discount-collection, shop-2, shop-3, pants, loungewear","","","","","","<p><strong><br></strong></p><p><strong>Size &amp; Fit Information</strong></p><ul><li>Fits true to size, take your normal size</li><li>Designed for a loose fit</li><li>48% cotton, 48% modal, 4% spandex&nbsp;</li><li>Model is 177 cm/5&#39;10&quot; and is wearing a size S</li><li>Machine wash cold. Non-chlorine bleach. Tumble dry low. Cool iron. Do not dry clean.&nbsp;</li></ul>","","","","","",""
"6546048778286","thermal-lounge-pant-heather-grey","MERGE","Thermal Lounge Pant Heather Grey","<h6>WHY WE LOVE IT</h6>
<p>Cut from a lightweight cotton and modal blend, our thermal lounge pant features a comfortable and relaxed fit with its soft elastic waistband, flattering wide legs and ultra soft waffle knit fabric.</p>
<p>Pair with Eterne's long sleeve cropped thermal hoodie as a set.</p>","bottoms:pants, loop, loungewear, pants, thermal","REPLACE","173","Pants","Apparel & Accessories > Clothing > Pants","thermals, bottoms","shop, discount-collection, shop-2, shop-3, pants, loungewear","","","","","","<p><strong><br></strong></p><p><strong>Size &amp; Fit Information</strong></p><ul><li>Fits true to size, take your normal size</li><li>Designed for a loose fit</li><li>48% cotton, 48% modal, 4% spandex&nbsp;</li><li>Model is 177 cm/5&#39;10&quot; and is wearing a size S</li><li>Machine wash cold. Non-chlorine bleach. Tumble dry low. Cool iron. Do not dry clean.&nbsp;</li></ul>","","","","","",""
"6684858417198","cropped-v-neck-t-shirt-black","MERGE","Cropped V-Neck T-Shirt Black","<h6>WHY WE LOVE IT</h6>
<p>Cut from a lightweight cotton and modal blend, our cropped v-neck t-shirt features a slightly slim fit with its flattering V neckline and vintage feel. </p>
<p>Style with your favorite pair of jeans, leather pants, layered under an oversized blazer, or paired with Éterne's lounge pants as a set.</p>","archive, loop, tops:v-necks","REPLACE","174","Shirts & Tops","Apparel & Accessories > Clothing > Shirts & Tops","migration","shop, discount-collection, shop-2, shop-3","","","","","","<p><strong><br></strong></p><p><strong>Size &amp; Fit Information</strong></p><ul><li>Fits true to size, take your normal size</li><li>Designed for a slightly slim fit</li><li>Lightweight, 50% cotton 50% modal</li><li>Model is 177 cm/5&#39;10&quot; and is wearing a size S</li><li>Machine wash cold. Non-chlorine bleach. Tumble dry low. Cool iron. Do not dry clean.</li></ul><p><strong>Final Sale</strong></p><ul><li>This item is FINAL SALE and not eligible for a refund, exchange, or store credit.</li></ul>","","","","","",""
"6684859203630","cropped-v-neck-t-shirt-ivory","MERGE","Cropped V-Neck T-Shirt Ivory","<h6>WHY WE LOVE IT</h6>
<p>Cut from a lightweight cotton and modal blend, our cropped v-neck t-shirt features a slightly slim fit with its flattering V neckline and vintage feel. </p>
<p>Style with your favorite pair of jeans, leather pants, layered under an oversized blazer, or paired with Éterne's lounge pants as a set.</p>","archive, loop, tops:v-necks","REPLACE","174","Shirts & Tops","Apparel & Accessories > Clothing > Shirts & Tops","migration","shop, discount-collection, shop-2, shop-3","","","","","","<p><strong><br></strong></p><p><strong>Size &amp; Fit Information</strong></p><ul><li>Fits true to size, take your normal size</li><li>Designed for a slightly slim fit</li><li>Lightweight, 50% cotton 50% modal</li><li>Model is 177 cm/5&#39;10&quot; and is wearing a size S</li><li>Machine wash cold. Non-chlorine bleach. Tumble dry low. Cool iron. Do not dry clean.</li></ul><p><strong>Final Sale</strong></p><ul><li>This item is FINAL SALE and not eligible for a refund, exchange, or store credit.</li></ul>","","","","","",""
"6691501735982","v-neck-t-shirt-ivory","MERGE","V-Neck T-Shirt Ivory","<h6>WHY WE LOVE IT</h6>
<p>Cut from a lightweight cotton and modal blend, our v-neck t-shirt features a slightly slim fit with its flattering V neckline and vintage feel. </p>
<p>Style with your favorite pair of jeans, leather pants, layered under an oversized blazer, or paired with Éterne's lounge pants as a set.</p>","loop, t-shirt, tops:v-necks","REPLACE","174","Shirts & Tops","Apparel & Accessories > Clothing > Shirts & Tops","t-shirt-styles","shop, discount-collection, shop-2, shop-3, t-shirts","","","","","","<p><strong><br></strong></p><p><strong>Size &amp; Fit Information</strong></p><ul><li>Fits true to size, take your normal size</li><li>Designed for a slightly slim fit</li><li>Lightweight, 50% cotton 50% modal</li><li>Model is 177 cm/5&#39;10&quot; and is wearing a size S</li><li>Machine wash cold. Non-chlorine bleach. Tumble dry low. Cool iron. Do not dry clean.</li></ul>","","","","","",""
"6691501801518","v-neck-t-shirt-black","MERGE","V-Neck T-Shirt Black","<h6>WHY WE LOVE IT</h6>
<p>Cut from a lightweight cotton and modal blend, our v-neck t-shirt features a slightly slim fit with its flattering V neckline and vintage feel. </p>
<p>Style with your favorite pair of jeans, leather pants, layered under an oversized blazer, or paired with Éterne's lounge pants as a set.</p>","loop, t-shirt, tops:v-necks","REPLACE","174","Shirts & Tops","Apparel & Accessories > Clothing > Shirts & Tops","t-shirt-styles","shop, discount-collection, shop-2, shop-3, t-shirts","","","","","","<p><strong><br></strong></p><p><strong>Size &amp; Fit Information</strong></p><ul><li>Fits true to size, take your normal size</li><li>Designed for a slightly slim fit</li><li>Lightweight, 50% cotton 50% modal</li><li>Model is 177 cm/5&#39;10&quot; and is wearing a size S</li><li>Machine wash cold. Non-chlorine bleach. Tumble dry low. Cool iron. Do not dry clean.</li></ul>","","","","","",""
"6693348605998","long-sleeve-cropped-t-shirt-black","MERGE","Long Sleeve Cropped T-Shirt Black","<h6>WHY WE LOVE IT</h6>
<p><span style=""font-weight: 400;"">Cut from a lightweight cotton and modal blend, our long sleeve cropped t-shirt features a relaxed loose fit, crew neck, along with Éterne’s signature extra long sleeves.</span></p>
<p><span style=""font-weight: 400;"">Style with your favorite pair of jeans, leather pants, layered under an oversized blazer, or paired with Éterne’s lounge pant as a set. </span></p>","archive, Final Sale, loop, new_in: 2021-09-21, shirt, t-shirt, tops:l/s, tops:t-shirt","REPLACE","174","Shirts & Tops","Apparel & Accessories > Clothing > Shirts & Tops","t-shirt-styles, sale, migration","shop, discount-collection, shop-2, shop-3, t-shirts","The Long Sleeve Cropped T-shirt by Eterne","The Long Sleeve Cropped T-shirt by Eterne. Available in black, ivory and heather grey. Made with 50% cotton 50% modal.","{""XS"":[""0""],""S"":[""0""],""M"":[""0""],""L"":[""0""],""XL"":[""0""],""CleverCommon"":[""14065307582510"",""14065307287598"",""14065307320366"",""14065307353134"",""14065307549742""]}","0","1","<p><br></p><p><strong><br></strong></p><p><strong>Size &amp; Fit Information</strong></p><ul><li>Fits true to size, take your normal size</li><li>Designed for a slightly loose fit</li><li>Lightweight, 50% Cotton / 50% Modal&nbsp;</li><li>Model is 177 cm/5&#39;10&quot; and is wearing a size S</li><li>Machine wash cold. Non-chlorine bleach. Tumble dry low. Cool iron. Do not dry clean.&nbsp;</li></ul>","{""XS"":[[""0""],[""31763908296750""]],""S"":[[""0""],[""31763908329518""]],""M"":[[""0""],[""31763908362286""]],""L"":[[""0""],[""31763908395054""]],""XL"":[[""0""],[""31763908427822""]],""CleverCommon"":[""0""],""undefined"":""14065307549742""}","1604","","","",""
"6693349294126","long-sleeve-cropped-t-shirt-heather-grey","MERGE","Long Sleeve Cropped T-Shirt Heather Grey","<h6>WHY WE LOVE IT</h6>
<p><span style=""font-weight: 400;"">Cut from a lightweight cotton and modal blend, our long sleeve cropped t-shirt features a relaxed loose fit, crew neck, along with Éterne’s signature extra long sleeves.</span></p>
<p><span style=""font-weight: 400;"">Style with your favorite pair of jeans, leather pants, layered under an oversized blazer, or paired with Éterne’s lounge pant as a set. </span></p>","archive, Final Sale, loop, new_in: 2021-09-21, t-shirt, tops:s/s, tops:t-shirt","REPLACE","174","Shirts & Tops","Apparel & Accessories > Clothing > Shirts & Tops","t-shirt-styles, sale, migration","shop, discount-collection, shop-2, shop-3, t-shirts","The Long Sleeve Cropped T-shirt by Eterne","The Long Sleeve Cropped T-shirt by Eterne. Available in black, ivory and heather grey. Made with 50% cotton 50% modal.","{""XS"":[""0""],""S"":[""0""],""M"":[""0""],""L"":[""0""],""XL"":[""0""],""CleverCommon"":[""14065307582510"",""14065307287598"",""14065307320366"",""14065307353134"",""14065307549742""]}","0","1","<p><br></p><p><strong><br></strong></p><p><strong>Size &amp; Fit Information</strong></p><ul><li>Fits true to size, take your normal size</li><li>Designed for a slightly loose fit</li><li>Lightweight, 50% Cotton / 50% Modal&nbsp;</li><li>Model is 177 cm/5&#39;10&quot; and is wearing a size S</li><li>Machine wash cold. Non-chlorine bleach. Tumble dry low. Cool iron. Do not dry clean.</li></ul>","{""XS"":[[""0""],[""31763908296750""]],""S"":[[""0""],[""31763908329518""]],""M"":[[""0""],[""31763908362286""]],""L"":[[""0""],[""31763908395054""]],""XL"":[[""0""],[""31763908427822""]],""CleverCommon"":[""0""],""undefined"":""14065307549742""}","1604","","","",""
"6693349851182","long-sleeve-cropped-t-shirt-ivory","MERGE","Long Sleeve Cropped T-Shirt Ivory","<h6>WHY WE LOVE IT</h6>
<p><span style=""font-weight: 400;"">Cut from a lightweight cotton and modal blend, our long sleeve cropped t-shirt features a relaxed loose fit, crew neck, along with Éterne’s signature extra long sleeves.</span></p>
<p><span style=""font-weight: 400;"">Style with your favorite pair of jeans, leather pants, layered under an oversized blazer, or paired with Éterne’s lounge pant as a set. </span></p>","archive, loop","REPLACE","174","Shirts & Tops","Apparel & Accessories > Clothing > Shirts & Tops","t-shirt-styles, migration","shop, discount-collection, shop-2, shop-3","The Long Sleeve Cropped T-shirt by Eterne","The Long Sleeve Cropped T-shirt by Eterne. Available in black, ivory and heather grey. Made with 50% cotton 50% modal.","{""XS"":[""0""],""S"":[""0""],""M"":[""0""],""L"":[""0""],""XL"":[""0""],""CleverCommon"":[""14065307582510"",""14065307287598"",""14065307320366"",""14065307353134"",""14065307549742""]}","0","1","<p><br></p><p><strong><br></strong></p><p><strong>Size &amp; Fit Information</strong></p><ul><li>Fits true to size, take your normal size</li><li>Designed for a slightly loose fit</li><li>Lightweight, 50% Cotton / 50% Modal&nbsp;</li><li>Model is 177 cm/5&#39;10&quot; and is wearing a size S</li><li>Machine wash cold. Non-chlorine bleach. Tumble dry low. Cool iron. Do not dry clean.</li></ul>","{""XS"":[[""0""],[""31763908296750""]],""S"":[[""0""],[""31763908329518""]],""M"":[[""0""],[""31763908362286""]],""L"":[[""0""],[""31763908395054""]],""XL"":[[""0""],[""31763908427822""]],""CleverCommon"":[""0""],""undefined"":""14065307549742""}","1604","","","",""
"6718989336622","long-sleeve-cropped-rib-t-shirt-ivory","MERGE","Long Sleeve Cropped Rib T-Shirt Ivory","<h6>WHY WE LOVE IT</h6>
<p>Cut from a lightweight<span> </span>100% cotton rib fabric, our long sleeve cropped rib t-shirt features a form fitting yet comfortable silhouette along with ÉTERNE's signature extra long sleeves. </p>
<p>Style with your favorite high-rise jeans, leather pants, or layered under an oversized blazer. </p>","archive, Final Sale, loop, new_in: 2021-11-23, t-shirt, tops:l/s, tops:t-shirt","REPLACE","174","Shirts & Tops","Apparel & Accessories > Clothing > Shirts & Tops","t-shirt-styles, sale, migration","shop, discount-collection, shop-2, shop-3, t-shirts","","","","","","<p><strong><br></strong></p><p><strong>Size &amp; Fit Information</strong></p><ul><li>Fits true to size, take your normal size</li><li>Designed for a loose fit</li><li>48% cotton, 48% modal, 4% spandex</li><li>Model is 177 cm/5&#39;10&quot; and is wearing a size&nbsp;</li><li><span style=""font-size:11pt;font-family:Arial;color:#454545;background-color:transparent;font-weight:400;font-style:normal;font-variant:normal;text-decoration:none;vertical-align:baseline;white-space:pre;white-space:pre-wrap;"">Machine wash cold. Non-chlorine bleach. Tumble dry low. Cool iron. Do not dry clean.&nbsp;</span></li></ul>","","","","","",""
"6718990549038","long-sleeve-cropped-rib-t-shirt-black","MERGE","Long Sleeve Cropped Rib T-Shirt Black","<h6>WHY WE LOVE IT</h6>
<p>Cut from a lightweight 100% cotton rib fabric, our long sleeve cropped rib t-shirt features a form fitting yet comfortable silhouette along with ÉTERNE's signature extra long sleeves. </p>
<p>Style with your favorite high-rise jeans, leather pants, or layered under an oversized blazer. <br></p>","archive, Final Sale, new_in: 2021-11-23, t-shirt, tops:t-shirt","REPLACE","174","Shirts & Tops","Apparel & Accessories > Clothing > Shirts & Tops","t-shirt-styles, sale, migration","shop, discount-collection, shop-2, shop-3, t-shirts","","","","","","<p><strong><br></strong></p><p><strong>Size &amp; Fit Information</strong></p><ul><li>Fits true to size, take your normal size</li><li>Designed for a loose fit</li><li>48% cotton, 48% modal, 4% spandex</li><li>Model is 177 cm/5&#39;10&quot; and is wearing a size S</li><li><span style=""font-size:11pt;font-family:Arial;color:#454545;background-color:transparent;font-weight:400;font-style:normal;font-variant:normal;text-decoration:none;vertical-align:baseline;white-space:pre;white-space:pre-wrap;"">Machine wash cold. Non-chlorine bleach. Tumble dry low. Cool iron. Do not dry clean.&nbsp;</span></li></ul>","","","","","",""
"6718992121902","long-sleeve-cropped-rib-t-shirt-heather-grey","MERGE","Long Sleeve Cropped Rib T-Shirt Heather Grey","<h6>WHY WE LOVE IT</h6>
<p>Cut from a lightweight<span> </span>100% cotton rib fabric, our long sleeve cropped rib t-shirt features a form fitting yet comfortable silhouette along with ÉTERNE's signature extra long sleeves. </p>
<p>Style with your favorite high-rise jeans, leather pants, or layered under an oversized blazer. </p>","archive, Final Sale, new_in: 2021-09-21, t-shirt, tops:t-shirt","REPLACE","174","Shirts & Tops","Apparel & Accessories > Clothing > Shirts & Tops","t-shirt-styles, sale, migration","shop, discount-collection, shop-2, shop-3, t-shirts","","","","","","<p><strong><br></strong></p><p><strong>Size &amp; Fit Information</strong></p><ul><li>Fits true to size, take your normal size</li><li>Designed for a loose fit</li><li>48% cotton, 48% modal, 4% spandex</li><li>Model is 177 cm/5&#39;10&quot; and is wearing a size&nbsp;</li><li><span style=""font-size:11pt;font-family:Arial;color:#454545;background-color:transparent;font-weight:400;font-style:normal;font-variant:normal;text-decoration:none;vertical-align:baseline;white-space:pre;white-space:pre-wrap;"">Machine wash cold. Non-chlorine bleach. Tumble dry low. Cool iron. Do not dry clean.&nbsp;</span></li></ul>","","","","","",""
"6728914796590","short-sleeve-baby-tee-heather-grey","MERGE","Short Sleeve Baby Tee Heather Grey","<h6>WHY WE LOVE IT</h6>
<p class=""p1"">Cut from a lightweight cotton and modal blend, our short sleeve baby tee features a shrunken slim fit and a thin-lined crewneck. This t-shirt is a perfect everyday essential. </p>
<p class=""p1"">Style with your favorite pair of jeans, leather pants, layered under an oversized blazer, or paired with Éterne's lounge pants as a set. </p>
<p> </p>","loop, t-shirt, tops:s/s","REPLACE","174","Shirts & Tops","Apparel & Accessories > Clothing > Shirts & Tops","bestsellers, t-shirt-styles","shop, discount-collection, shop-2, shop-3, t-shirts","","The Short Sleeve Baby Tee by Éterne. Available in black, ivory and heather grey. Made with 50% cotton 50% modal.
","","","","<p><br></p><p><strong>Size &amp; Fit Information</strong></p><ul><li>Fits true to size, take your normal size</li><li>Designed for a slim fit&nbsp;</li><li>50% Cotton 50% Modal&nbsp;</li><li>Machine wash cold. Non-chlorine bleach. Tumble dry low. Cool iron. Do not dry clean.&nbsp;</li></ul>","","","","","",""
"6728915550254","cropped-v-neck-t-shirt-heather-grey","MERGE","Cropped V-Neck T-Shirt Heather Grey","<h6>WHY WE LOVE IT</h6>
<p>Cut from a lightweight cotton and modal blend, our cropped v-neck t-shirt features a slightly slim fit with its flattering V neckline and vintage feel. </p>
<p>Style with your favorite pair of jeans, leather pants, layered under an oversized blazer, or paired with Éterne's lounge pants as a set.</p>","archive, Final Sale, new_in: 2022-11-01, short sleeve, t-shirt, tops:s/s, tops:t-shirt, tops:v-necks","REPLACE","174","Shirts & Tops","Apparel & Accessories > Clothing > Shirts & Tops","t-shirt-collection-2, t-shirt-styles, sale, migration","shop, discount-collection, shop-2, shop-3, t-shirts","","","","","","<p><strong><br></strong></p><p><strong>Size &amp; Fit Information</strong></p><ul><li>Fits true to size, take your normal size</li><li>Designed for a slightly slim fit</li><li>Lightweight, 50% cotton 50% modal</li><li>Machine wash cold. Non-chlorine bleach. Tumble dry low. Cool iron. Do not dry clean.</li></ul><p><strong>Final Sale</strong></p><ul><li>This item is FINAL SALE and not eligible for a refund, exchange, or store credit.</li></ul>","","","","","",""
"6728916893742","v-neck-t-shirt-heather-grey","MERGE","V-Neck T-Shirt Heather Grey","<h6>WHY WE LOVE IT</h6>
<p>Cut from a lightweight cotton and modal blend, our v-neck t-shirt features a slightly slim fit with its flattering V neckline and vintage feel. </p>
<p>Style with your favorite pair of jeans, leather pants, layered under an oversized blazer, or paired with Éterne's lounge pants as a set.</p>","archive, Final Sale, t-shirt, tops:v-necks","REPLACE","174","Shirts & Tops","Apparel & Accessories > Clothing > Shirts & Tops","t-shirt-styles, sale","shop, discount-collection, shop-2, shop-3, t-shirts","","","","","","<p><strong><br></strong></p><p><strong>Size &amp; Fit Information</strong></p><ul><li>Fits true to size, take your normal size</li><li>Designed for a slightly slim fit</li><li>Lightweight, 50% cotton 50% modal</li><li>Model is 177 cm/5&#39;10&quot; and is wearing a size S</li><li>Machine wash cold. Non-chlorine bleach. Tumble dry low. Cool iron. Do not dry clean.</li></ul>","","","","","",""
"6755621568558","cropped-long-sleeve-thermal-grey","MERGE","Cropped Long Sleeve Thermal Heather Grey","<h6>WHY WE LOVE IT</h6>
<p>Cut from a lightweight cotton and modal blend, our cropped long sleeve thermal features a slightly slim fit, classic crewneck, and Éterne's signature extra long sleeves. </p>
<p>Style with your favorite pair of jeans, leather pants, layered under an oversized blazer, or paired with Éterne's <a href=""https://eterne.com/products/thermal-lounge-pant-heather-grey"">thermal lounge pant</a> as a set. </p>","archive, basics, crop, essentials, Final Sale, long, shirt, tee, thermal, womens","REPLACE","174","Shirts & Tops","Apparel & Accessories > Clothing > Shirts & Tops","thermals, sale, migration","shop, discount-collection, shop-2, shop-3","The Cropped Long Sleeve Thermal by Eterne","The Cropped Long Sleeve Thermal by Eterne. Available in black or off-white. Made with 48% cotton 48% model 4% spandex","{""XS"":[""0""],""S"":[""0""],""M"":[""0""],""L"":[""0""],""XL"":[""0""],""CleverCommon"":[""14062261043246"",""14062261272622"",""14062261076014"",""14062261108782"",""14062263402542""]}","0","1","<p><br></p><p><strong><br></strong></p><p><strong>Size &amp; Fit Information</strong></p><ul><li>Fits true to size, take your normal size</li><li>Designed for a slightly slim fit&nbsp;</li><li>48% Cotton 48% Modal 4% Spandex</li><li>Model is 177 cm/5&#39;10&quot; and is wearing a size S</li><li>Machine wash cold. Non-chlorine bleach. Tumble dry low. Cool iron. Do not dry clean.&nbsp;</li></ul>","{""XS"":[[""0""],[""31763906756654""]],""S"":[[""0""],[""31763906789422""]],""M"":[[""0""],[""31763906822190""]],""L"":[[""0""],[""31763906854958""]],""XL"":[[""0""],[""31767192010798""]],""CleverCommon"":[""0""],""undefined"":""14062263402542""}","1604","","","",""
"6755625992238","long-sleeve-thermal-grey","MERGE","Long Sleeve Thermal Grey","<h6>WHY WE LOVE IT </h6>
<p>Cut from a lightweight cotton and modal blend, our long sleeve thermal features a slightly slim fit, classic crewneck, and Éterne's signature extra long sleeves. </p>
<p>Style with your favorite pair of jeans, leather pants, layered under an oversized blazer, or paired with Éterne's <a href=""https://eterne.com/products/thermal-lounge-pant-heather-grey"">thermal lounge pant</a> as a set. </p>","basics, essentials, loop, shirt, short sleeve, tee, womens","REPLACE","174","Shirts & Tops","Apparel & Accessories > Clothing > Shirts & Tops","thermals, t-shirt-styles, migration","shop, discount-collection, shop-2, shop-3","The Long Sleeve Thermal by Eterne","The Long Sleeve Thermal by Eterne. Available in black or off-white. Made with 48% cotton 48% model 4% spandex.","{""XS"":[""0""],""S"":[""0""],""M"":[""0""],""L"":[""0""],""XL"":[""0""],""CleverCommon"":[""14065392287790"",""14065392156718"",""14065392549934"",""14065392189486"",""14065392255022""]}","0","1","<p><strong><br></strong></p><p><strong>Size &amp; Fit Information</strong></p><ul><li>Fits true to size, take your normal size</li><li>Designed for a slightly slim fit</li><li>48% Cotton 48% modal 4% spandex</li><li>Machine wash cold. Non-chlorine bleach. Tumble dry low. Cool iron. Do not dry clean.&nbsp;</li></ul>","{""XS"":[[""0""],[""31763906166830""]],""S"":[[""0""],[""31763906199598""]],""M"":[[""0""],[""31763906232366""]],""L"":[[""0""],[""31763906265134""]],""XL"":[[""0""],[""31763906297902""]],""CleverCommon"":[""0""],""undefined"":""14065392255022""}","1604","","","",""
"6766641119278","thermal-drawstring-pant-black","MERGE","Thermal Drawstring Pant Black","<meta charset=""utf-8"">
<h6><span>WHY WE LOVE IT</span></h6>
<p><span>Cut from a lightweight cotton and modal blend, our thermal drawstring pant features a comfortable and relaxed fit with its soft elastic waistband, and ultra soft waffle knit fabric.</span></p>
<p>Pair with Eterne's <a href=""https://eterne.com/products/cropped-thermal-henley-black"">cropped thermal henley</a> as a set.</p>","bottoms:pants, loop, loungewear","REPLACE","173","Pants","Apparel & Accessories > Clothing > Pants","thermals, bottoms","shop, discount-collection, shop-2, shop-3, loungewear","","","","","","<p><br></p><p><br></p><p><strong>Size &amp; Fit Information</strong></p><ul><li>Fits true to size, take your normal size</li><li>Designed for a loose fit&nbsp;</li><li>48% Cotton 48% Modal 4% Spandex</li><li>Model is 177 cm/5&#39;10&quot; and is wearing a size S</li><li>Machine wash cold. Non-chlorine bleach. Tumble dry low. Cool iron. Do not dry clean.&nbsp;</li></ul>","","","","","",""
"6766642036782","thermal-drawstring-pant-heather-grey","MERGE","Thermal Drawstring Pant Heather Grey","<h6>WHY WE LOVE IT</h6>
<meta charset=""utf-8""><p><span>Cut from a lightweight cotton and modal blend, our thermal drawstring pant features a comfortable and relaxed fit with its soft elastic waistband, and ultra soft waffle knit fabric.</span></p>
<p><span>Pair with Eterne's <a href=""https://eterne.com/products/cropped-thermal-henley-heather-grey"" target=""_blank"" rel=""noopener noreferrer"">cropped thermal henley</a> as a set.</span></p>","bottoms:pants, loop, loungewear","REPLACE","173","Pants","Apparel & Accessories > Clothing > Pants","thermals, bottoms","shop, discount-collection, shop-2, shop-3, loungewear","","","","","","<p><br></p><p><br></p><p><strong>Size &amp; Fit Information</strong></p><ul><li>Fits true to size, take your normal size</li><li>Designed for a loose fit&nbsp;</li><li>48% Cotton 48% Modal 4% Spandex</li><li>Model is 177 cm/5&#39;10&quot; and is wearing a size S</li><li>Machine wash cold. Non-chlorine bleach. Tumble dry low. Cool iron. Do not dry clean.&nbsp;</li></ul>","","","","","",""
"6766642561070","cropped-thermal-henley-black","MERGE","Cropped Thermal Henley Black","<h6>WHY WE LOVE IT</h6>
<meta charset=""utf-8"">
<p><span>Cut from a lightweight cotton and modal blend, our cropped thermal henley features a relaxed loose fit, classic crewneck with button detail, and Éterne's signature extra long sleeves. </span></p>
<p>Style with your favorite pair of jeans, leather pants, layered under an oversized blazer, or pair with Éterne's <a href=""https://eterne.com/products/thermal-drawstring-pant-black"">thermal drawstring pants</a> as a set. </p>","archive, Final Sale, new_in: 2022-04-14, thermal","REPLACE","174","Shirts & Tops","Apparel & Accessories > Clothing > Shirts & Tops","thermals, sale, migration","shop, discount-collection, shop-2, shop-3","","","","","","<p><br></p><p><br></p><p><strong>Size &amp; Fit Information</strong></p><ul><li>Fits true to size, take your normal size</li><li>Designed for a loose fit&nbsp;</li><li>48% Cotton 48% Modal 4% Spandex</li><li>Model is 177 cm/5&#39;10&quot; and is wearing a size S</li><li>Machine wash cold. Non-chlorine bleach. Tumble dry low. Cool iron. Do not dry clean.&nbsp;</li></ul><p><strong>Final Sale</strong></p><ul><li>This item is FINAL SALE and not eligible for a refund, exchange, or store credit.</li></ul>","","","","","","false"
"6766642954286","cropped-thermal-henley-heather-grey","MERGE","Cropped Thermal Henley Heather Grey","<h6>WHY WE LOVE IT</h6>
<p><meta charset=""utf-8""><span>Cut from a lightweight cotton and modal blend, our cropped thermal henley features a relaxed loose fit, classic crewneck with button detail, and Éterne's signature extra long sleeves.</span></p>
<p><span>Style with your favorite pair of jeans, leather pants, layered under an oversized blazer, or paired with Éterne's <a href=""https://eterne.com/products/thermal-drawstring-pant-heather-grey"" target=""_blank"">thermal drawstring pants</a> as a set. </span></p>","archive, Final Sale, new_in: 2022-04-14, thermal","REPLACE","174","Shirts & Tops","Apparel & Accessories > Clothing > Shirts & Tops","thermals, sale, migration","shop, discount-collection, shop-2, shop-3","","","","","","<p><br></p><p><br></p><p><strong>Size &amp; Fit Information</strong></p><ul><li>Fits true to size, take your normal size</li><li>Designed for a loose fit&nbsp;</li><li>48% Cotton 48% Modal 4% Spandex</li><li>Model is 177 cm/5&#39;10&quot; and is wearing a size S</li><li>Machine wash cold. Non-chlorine bleach. Tumble dry low. Cool iron. Do not dry clean.&nbsp;</li></ul><p><strong>Final Sale</strong></p><ul><li>This item is FINAL SALE and not eligible for a refund, exchange, or store credit.</li></ul>","","","","","",""
"6771378683950","cropped-scoop-neck-tank-ivory","MERGE","Cropped Scoop Neck Tank Ivory","<h6>WHY WE LOVE IT</h6>
<p>Cut from a lightweight 100% cotton<span> </span>ribbed fabric, our cropped scoop neck tank features a flattering slim fit cropped at the waist with its<span> </span>meticulously measured scoop neck. It is the ultimate everyday basic.</p>
<p><meta charset=""utf-8"">Style with your favorite pair of jeans, leather pants, layered under an oversized blazer, or pair with Éterne's<span> </span><a href=""https://eterne.com/products/thermal-lounge-pant-ivory"">thermal<span> </span>lounge pant</a> as a set.</p>","tank top, tops:tanks","REPLACE","174","Shirts & Tops","Apparel & Accessories > Clothing > Shirts & Tops","tank-styles, migration","shop, discount-collection, shop-2, shop-3, tank-tops","","","","","","<p><strong><br></strong></p><p><strong>Size &amp; Fit Information</strong></p><ul><li>Fits true to size, take your normal size</li><li>Designed for a slim fit</li><li>48% cotton, 48% modal, 4% spandex</li><li>Model is 177 cm/5&#39;10&quot; and is wearing a size S</li><li>Machine wash cold. Non-chlorine bleach. Tumble dry low. Cool iron. Do not dry clean.&nbsp;</li></ul>","","212","","","",""
"6771380191278","cropped-scoop-neck-tank-black","MERGE","Cropped Scoop Neck Tank Black","<h6>WHY WE LOVE IT</h6>
<p>Cut from a lightweight 100% cotton ribbed fabric, our cropped scoop neck tank features a flattering slim fit cropped at the waist with its meticulously measured scoop neck. It is the ultimate everyday basic.</p>
<p><meta charset=""utf-8"">Style with your favorite pair of jeans, leather pants, layered under an oversized blazer, or pair with Éterne's <a href=""https://eterne.com/products/thermal-lounge-pant-black"">thermal lounge pant</a> as a set.</p>","loop, tank top, tops:tanks","REPLACE","174","Shirts & Tops","Apparel & Accessories > Clothing > Shirts & Tops","tank-styles, migration","shop, discount-collection, shop-2, shop-3, tank-tops","","","","","","<p><strong><br></strong></p><p><strong>Size &amp; Fit Information</strong></p><ul><li>Fits true to size, take your normal size</li><li>Designed for a slim fit</li><li>48% cotton, 48% modal, 4% spandex</li><li>Model is 177 cm/5&#39;10&quot; and is wearing a size S</li><li>Machine wash cold. Non-chlorine bleach. Tumble dry low. Cool iron. Do not dry clean.&nbsp;</li></ul>","","212","","","",""
"6771380715566","cropped-scoop-neck-tank-heather-grey","MERGE","Cropped Scoop Neck Tank Heather Grey","<h6>WHY WE LOVE IT</h6>
<p>Cut from a lightweight 100% cotton<span> </span>ribbed fabric, our cropped scoop neck tank features a flattering slim fit cropped at the waist with its<span> </span>meticulously measured scoop neck. It is the ultimate everyday basic.</p>
<p><meta charset=""utf-8"">Style with your favorite pair of jeans, leather pants, layered under an oversized blazer, or pair with Éterne's<span> </span><a href=""https://eterne.com/products/thermal-lounge-pant-heather-grey"">thermal<span> </span>lounge pant</a> as a set.</p>","loop, tank top, tops:tanks","REPLACE","174","Shirts & Tops","Apparel & Accessories > Clothing > Shirts & Tops","tank-styles, migration","shop, discount-collection, shop-2, shop-3, tank-tops","","","","","","<p><strong><br></strong></p><p><strong>Size &amp; Fit Information</strong></p><ul><li>Fits true to size, take your normal size</li><li>Designed for a slim fit</li><li>48% cotton, 48% modal, 4% spandex</li><li>Model is 177 cm/5&#39;10&quot; and is wearing a size S</li><li>Machine wash cold. Non-chlorine bleach. Tumble dry low. Cool iron. Do not dry clean.&nbsp;</li></ul>","","212","","","",""
"6777119932462","thermal-henley-black","MERGE","Thermal Henley Black","<h6>WHY WE LOVE IT</h6>
<meta charset=""utf-8"">
<p><span>Cut from a lightweight cotton and modal blend, our thermal henley features a relaxed loose fit, classic crewneck with button detail, and Éterne's signature extra long sleeves. </span></p>
<p>Style with your favorite pair of jeans, leather pants, layered under an oversized blazer, or pair with Éterne's <a href=""https://eterne.com/products/thermal-drawstring-pant-black"">thermal drawstring pants</a> as a set. </p>","archive, Final Sale, new_in: 2022-05-17, thermal, tops:l/s","REPLACE","174","Shirts & Tops","Apparel & Accessories > Clothing > Shirts & Tops","thermals, sale","shop, discount-collection, shop-2, shop-3","","","","","","<p><br></p><p><br></p><p><strong>Size &amp; Fit Information</strong></p><ul><li>Fits true to size, take your normal size</li><li>Designed for a loose fit&nbsp;</li><li>48% Cotton 48% Modal 4% Spandex</li><li>Model is 177 cm/5&#39;10&quot; and is wearing a size S</li><li>Machine wash cold. Non-chlorine bleach. Tumble dry low. Cool iron. Do not dry clean.&nbsp;</li></ul><p><strong>Final Sale</strong></p><ul><li>This item is FINAL SALE and not eligible for a refund, exchange, or store credit.</li></ul>","","","","","","false"
"6777120882734","thermal-henley-heather-grey","MERGE","Thermal Henley Heather Grey","<h6>WHY WE LOVE IT</h6>
<p><meta charset=""utf-8""><span>Cut from a lightweight cotton and modal blend, our thermal henley features a relaxed loose fit, classic crewneck with button detail, and Éterne's signature extra long sleeves.</span></p>
<p><span>Style with your favorite pair of jeans, leather pants, layered under an oversized blazer, or paired with Éterne's <a href=""https://eterne.com/products/thermal-drawstring-pant-heather-grey"" target=""_blank"">thermal drawstring pants</a> as a set. </span></p>","archive, Final Sale, new_in: 2022-05-17, thermal, tops:l/s","REPLACE","174","Shirts & Tops","Apparel & Accessories > Clothing > Shirts & Tops","thermals, sale","shop, discount-collection, shop-2, shop-3","","","","","","<p><br></p><p><br></p><p><strong>Size &amp; Fit Information</strong></p><ul><li>Fits true to size, take your normal size</li><li>Designed for a loose fit&nbsp;</li><li>48% Cotton 48% Modal 4% Spandex</li><li>Model is 177 cm/5&#39;10&quot; and is wearing a size S</li><li>Machine wash cold. Non-chlorine bleach. Tumble dry low. Cool iron. Do not dry clean.&nbsp;</li></ul><p><strong>Final Sale</strong></p><ul><li>This item is FINAL SALE and not eligible for a refund, exchange, or store credit.</li></ul>","","","","","",""
"6782629511214","tank-dress-mini-heather-grey","MERGE","Tank Mini Dress Heather Grey","<p> </p>
<h6>WHY WE LOVE IT</h6>
<div>
<p dir=""ltr""><span>Éterne's tank mini dress is crafted from a butter soft ribbed cotton and modal blend, offering a slim fit and a mini length—a versatile essential for everyday wear.</span></p>
</div>
<p><span>Style with your favorite oversized blazer and a pair of knee high boots, or over your bikini as the perfect summer coverup.</span></p>
<div></div>","archive, dresses, dresses:mini, Final Sale","REPLACE","160","Dresses","Apparel & Accessories > Clothing > Dresses","dresses-2, sale","shop, discount-collection, shop-2, shop-3, dresses, dresses-1","","","","","","<p><br></p><p><br></p><p><strong>Size &amp; Fit Information</strong></p><ul><li>Fits true to size, take your normal size</li><li>Designed for a slim fit&nbsp;</li><li>48% Cotton 48% Modal 4% Spandex</li><li>Model is 177 cm/5&#39;10&quot; and is wearing a size S</li><li>Machine wash cold. Non-chlorine bleach. Tumble dry low. Cool iron. Do not dry clean.&nbsp;</li></ul>","","","","","",""
"6782629543982","tank-dress-mini-cream","MERGE","Tank Mini Dress Cream","<p> </p>
<h6>WHY WE LOVE IT</h6>
<div>
<p dir=""ltr""><span>Éterne's tank mini dress is crafted from a butter soft ribbed cotton and modal blend, offering a slim fit and a mini length—a versatile essential for everyday wear.</span></p>
</div>
<p><span>Style with your favorite oversized blazer and a pair of knee high boots, or over your bikini as the perfect summer coverup.</span></p>
<div></div>","dresses, dresses:mini, loop, vip","REPLACE","160","Dresses","Apparel & Accessories > Clothing > Dresses","dresses-2, bestsellers","shop, discount-collection, shop-2, shop-3, vip, dresses, dresses-1","","","","","","<p><br></p><p><br></p><p><strong>Size &amp; Fit Information</strong></p><ul><li>Fits true to size, take your normal size</li><li>Designed for a slim fit&nbsp;</li><li>48% Cotton 48% Modal 4% Spandex</li><li>Model is 177 cm/5&#39;10&quot; and is wearing a size S</li><li>Machine wash cold. Non-chlorine bleach. Tumble dry low. Cool iron. Do not dry clean.&nbsp;</li></ul>","","","","","",""
"6782629576750","tank-dress-mini-black","MERGE","Tank Mini Dress Black","<p> </p>
<h6>WHY WE LOVE IT</h6>
<div>
<p dir=""ltr""><span>Éterne's tank mini dress is crafted from a butter soft ribbed cotton and modal blend, offering a slim fit and a mini length—a versatile essential for everyday wear.</span></p>
</div>
<p><span>Style with your favorite oversized blazer and a pair of knee high boots, or over your bikini as the perfect summer coverup.</span></p>
<div></div>","dresses, dresses:mini, loop","REPLACE","160","Dresses","Apparel & Accessories > Clothing > Dresses","dresses-2, bestsellers","shop, discount-collection, shop-2, shop-3, dresses, dresses-1","","","","","","<p><br></p><p><br></p><p><strong>Size &amp; Fit Information</strong></p><ul><li>Fits true to size, take your normal size</li><li>Designed for a slim fit&nbsp;</li><li>48% Cotton 48% Modal 4% Spandex</li><li>Model is 177 cm/5&#39;10&quot; and is wearing a size S</li><li>Machine wash cold. Non-chlorine bleach. Tumble dry low. Cool iron. Do not dry clean.&nbsp;</li></ul>","","","","","",""
"6782633148462","long-sleeve-crewneck-dress-mini-black","MERGE","Long Sleeve Crewneck Mini Dress Black","<meta charset=""utf-8"">
<h6>WHY WE LOVE IT</h6>
<p>Éterne's long sleeve crewneck mini dress is crafted from a butter soft ribbed cotton and modal blend, offering a slim fit and a mini length—a versatile essential for everyday wear.<br></p>
<p>Style with your favorite oversized blazer or a pair of high knee boots.</p>","dresses, dresses:mini, loop","REPLACE","160","Dresses","Apparel & Accessories > Clothing > Dresses","dresses-2, migration","shop, discount-collection, shop-2, shop-3, dresses, dresses-1","","","","","","<p><br></p><p><br></p><p><strong>Size &amp; Fit Information</strong></p><ul><li>Fits true to size, take your normal size</li><li>Designed for a slim fit&nbsp;</li><li>48% Cotton 48% Modal 4% Spandex</li><li>Model is 177 cm/5&#39;10&quot; and is wearing a size S</li><li>Machine wash cold. Non-chlorine bleach. Tumble dry low. Cool iron. Do not dry clean.&nbsp;</li></ul>","","","","","",""
"6782633181230","long-sleeve-crewneck-dress-mini-cream","MERGE","Long Sleeve Crewneck Mini Dress Cream","<meta charset=""utf-8"">
<h6>WHY WE LOVE IT</h6>
<p>Éterne's long sleeve crewneck mini dress is crafted from a butter soft ribbed cotton and modal blend, offering a slim fit and a mini length—a versatile essential for everyday wear.<br></p>
<p>Style with your favorite oversized blazer or a pair of high knee boots.</p>","dresses, dresses:mini, loop","REPLACE","160","Dresses","Apparel & Accessories > Clothing > Dresses","dresses-2, migration","shop, discount-collection, shop-2, shop-3, dresses, dresses-1","","","","","","<p><br></p><p><br></p><p><strong>Size &amp; Fit Information</strong></p><ul><li>Fits true to size, take your normal size</li><li>Designed for a slim fit&nbsp;</li><li>48% Cotton 48% Modal 4% Spandex</li><li>Model is 177 cm/5&#39;10&quot; and is wearing a size S</li><li>Machine wash cold. Non-chlorine bleach. Tumble dry low. Cool iron. Do not dry clean.&nbsp;</li></ul>","","","","","",""
"6782633213998","long-sleeve-crewneck-dress-mini-heather-grey","MERGE","Long Sleeve Crewneck Mini Dress Heather Grey","<meta charset=""utf-8"">
<h6>WHY WE LOVE IT</h6>
<p>Éterne's long sleeve crewneck mini dress is crafted from a butter soft ribbed cotton and modal blend, offering a slim fit and a mini length—a versatile essential for everyday wear.<br></p>
<p>Style with your favorite oversized blazer or a pair of high knee boots.</p>","archive, dresses, Final Sale, loop, Mini","REPLACE","160","Dresses","Apparel & Accessories > Clothing > Dresses","dresses-2, sale, migration","shop, discount-collection, shop-2, shop-3, dresses, dresses-1","","","","","","<p><br></p><p><br></p><p><strong>Size &amp; Fit Information</strong></p><ul><li>Fits true to size, take your normal size</li><li>Designed for a slim fit&nbsp;</li><li>48% Cotton 48% Modal 4% Spandex</li><li>Model is 177 cm/5&#39;10&quot; and is wearing a size S</li><li>Machine wash cold. Non-chlorine bleach. Tumble dry low. Cool iron. Do not dry clean.&nbsp;</li></ul>","","","","","",""
"6783615893550","super-cropped-rib-tank-black","MERGE","Super Cropped Rib Tank Black","<meta charset=""utf-8"">
<h6>WHY WE LOVE IT</h6>
<p><span>Cut from lightweight 100% cotton ribbed fabric, our super cropped tank features a slim flit with its flattering thin straps and vintage-inspired neckline with slit.</span></p>
<p><span>Style with your favorite pair of jeans, leather pants, layered under an oversized blazer or under a pantsuit.</span></p>","archive, Final Sale, loop, new_in: 2022-06-21, tank, tank top, tank tops, tops:tanks","REPLACE","174","Shirts & Tops","Apparel & Accessories > Clothing > Shirts & Tops","tank-styles, sale","shop, discount-collection, shop-2, shop-3, tank-tops","","","","","","<p><br></p><p><strong>Size &amp; Fit Information</strong></p><ul><li>Fits true to size, take your normal size</li><li>Designed for a slim fit&nbsp;</li><li>100% Cotton</li><li>Model is 177 cm/5&#39;10&quot; and is wearing a size S</li><li>Machine wash cold. Non-chlorine bleach. Tumble dry low. Cool iron. Do not dry clean.&nbsp;</li></ul><p><strong>Final Sale</strong></p><ul><li>This item is FINAL SALE and not eligible for a refund, exchange, or store credit.</li></ul><p><br></p>","","","","","",""
"6783615926318","super-cropped-rib-tank-heather-grey","MERGE","Super Cropped Rib Tank Heather Grey","<meta charset=""utf-8"">
<h6>WHY WE LOVE IT</h6>
<p><span>Cut from lightweight 100% cotton ribbed fabric, our super cropped tank features a slim flit with its flattering thin straps and vintage-inspired neckline with slit.</span></p>
<p><span>Style with your favorite pair of jeans, leather pants, layered under an oversized blazer or under a pantsuit.</span></p>","archive, Final Sale, loop, new_in: 2022-06-21, tank, tank top, tank tops, tops:tanks","REPLACE","174","Shirts & Tops","Apparel & Accessories > Clothing > Shirts & Tops","tank-styles, sale","shop, discount-collection, shop-2, shop-3, tank-tops","","","","","","<p><br></p><p><strong>Size &amp; Fit Information</strong></p><ul><li>Fits true to size, take your normal size</li><li>Designed for a slim fit&nbsp;</li><li>100% Cotton </li><li>Model is 177 cm/5&#39;10&quot; and is wearing a size S</li><li>Machine wash cold. Non-chlorine bleach. Tumble dry low. Cool iron. Do not dry clean.&nbsp;</li></ul><p><strong>Final Sale</strong></p><ul><li>This item is FINAL SALE and not eligible for a refund, exchange, or store credit.</li></ul>","","","","","",""
"6783615959086","super-cropped-rib-tank-ivory","MERGE","Super Cropped Rib Tank Ivory","<meta charset=""utf-8"">
<h6>WHY WE LOVE IT</h6>
<p><span>Cut from lightweight 100% cotton ribbed fabric, our super cropped tank features a slim flit with its flattering thin straps and vintage-inspired neckline with slit.</span></p>
<p><span>Style with your favorite pair of jeans, leather pants, layered under an oversized blazer or under a pantsuit.</span></p>","archive, Final Sale, loop, new_in: 2022-06-21, tank, tank top, tank tops, tops:tanks","REPLACE","174","Shirts & Tops","Apparel & Accessories > Clothing > Shirts & Tops","tank-styles, sale","shop, discount-collection, shop-2, shop-3, tank-tops","","","","","","<p><br></p><p><strong>Size &amp; Fit Information</strong></p><ul><li>Fits true to size, take your normal size</li><li>Designed for a slim fit&nbsp;</li><li>100% Cotton </li><li>Model is 177 cm/5&#39;10&quot; and is wearing a size S</li><li>Machine wash cold. Non-chlorine bleach. Tumble dry low. Cool iron. Do not dry clean.&nbsp;</li></ul><p><strong>Final Sale</strong></p><li style=""margin-left: 20px;"">This item is FINAL SALE and not eligible for a refund, exchange, or store credit.</li>","","","","","",""
"6783886950446","long-sleeve-fitted-top-black","MERGE","Long Sleeve Fitted Top Black","<h6>
<meta charset=""utf-8"">WHY WE LOVE IT</h6>
<p data-mce-fragment=""1"">Cut from a butter soft ribbed cotton and modal blend, our long sleeve fitted top is form-fitting, ultra flattering and lightweight. This top is the perfect everyday essential.<br></p>
<p data-mce-fragment=""1"">Style with your favorite pair of jeans, leather pants, or layered under an oversized blazer or under a pantsuit.</p>","loop, top, tops:l/s","REPLACE","174","Shirts & Tops","Apparel & Accessories > Clothing > Shirts & Tops","tops, bestsellers, t-shirt-styles, migration","shop, discount-collection, shop-2, shop-3","","","","","","<p><br></p><p><br></p><p><strong>Size &amp; Fit Information</strong></p><ul><li>Fits true to size, take your normal size</li><li>Designed for a slim fit&nbsp;</li><li>48% Cotton 48% Modal 4% Spandex</li><li>Model is 177 cm/5&#39;10&quot; and is wearing a size S</li><li>Machine wash cold. Non-chlorine bleach. Tumble dry low. Cool iron. Do not dry clean.&nbsp;</li></ul>","","","","","",""
"6783886983214","long-sleeve-fitted-top-cream","MERGE","Long Sleeve Fitted Top Cream","<meta charset=""utf-8"">
<h6>WHY WE LOVE IT</h6>
<p data-mce-fragment=""1"">Cut from a butter soft ribbed cotton and modal blend, our long sleeve fitted top is form-fitting, ultra flattering and lightweight. This top is the perfect everyday essential.<br></p>
<p data-mce-fragment=""1"">Style with your favorite pair of jeans, leather pants, or layered under an oversized blazer or under a pantsuit.</p>","loop, top, tops:l/s","REPLACE","174","Shirts & Tops","Apparel & Accessories > Clothing > Shirts & Tops","tops, bestsellers, t-shirt-styles, migration","shop, discount-collection, shop-2, shop-3","","","","","","<p><br></p><p><br></p><p><strong>Size &amp; Fit Information</strong></p><ul><li>Fits true to size, take your normal size</li><li>Designed for a slim fit&nbsp;</li><li>48% Cotton 48% Modal 4% Spandex</li><li>Model is 177 cm/5&#39;10&quot; and is wearing a size S</li><li>Machine wash cold. Non-chlorine bleach. Tumble dry low. Cool iron. Do not dry clean.&nbsp;</li></ul>","","","","","",""
"6783887015982","long-sleeve-fitted-top-heather-grey","MERGE","Long Sleeve Fitted Top Heather Grey","<meta charset=""utf-8"">
<h6>WHY WE LOVE IT</h6>
<p data-mce-fragment=""1"">Cut from a butter soft ribbed cotton and modal blend, our long sleeve fitted top is form-fitting, ultra flattering and lightweight. This top is the perfect everyday essential.<br></p>
<p data-mce-fragment=""1"">Style with your favorite pair of jeans, leather pants, or layered under an oversized blazer or under a pantsuit.</p>","loop, tops:l/s","REPLACE","174","Shirts & Tops","Apparel & Accessories > Clothing > Shirts & Tops","tops, bestsellers, t-shirt-styles, migration","shop, discount-collection, shop-2, shop-3","","","","","","<p><br></p><p><br></p><p><strong>Size &amp; Fit Information</strong></p><ul><li>Fits true to size, take your normal size</li><li>Designed for a slim fit&nbsp;</li><li>48% Cotton 48% Modal 4% Spandex</li><li>Model is 177 cm/5&#39;10&quot; and is wearing a size S</li><li>Machine wash cold. Non-chlorine bleach. Tumble dry low. Cool iron. Do not dry clean.&nbsp;</li></ul>","","","","","",""
"6783888097326","cropped-long-sleeve-fitted-top-black","MERGE","Cropped Long Sleeve Fitted Top Black","<meta charset=""utf-8"">
<h6>WHY WE LOVE IT<br>
</h6>
<p>Cut from a butter soft ribbed cotton and modal blend, our cropped long sleeve fitted top is form-fitting, ultra flattering and lightweight. This top is the perfect everyday essential.<br></p>
<p>Style with your favorite pair of jeans, leather pants, or layered under an oversized blazer or under a pantsuit.</p>","loop, tops:l/s","REPLACE","174","Shirts & Tops","Apparel & Accessories > Clothing > Shirts & Tops","tops, t-shirt-styles, migration","shop, discount-collection, shop-2, shop-3","","","","","","<p><br></p><p><br></p><p><strong>Size &amp; Fit Information</strong></p><ul><li>Fits true to size, take your normal size</li><li>Designed for a slim fit&nbsp;</li><li>48% Cotton 48% Modal 4% Spandex</li><li>Model is 177 cm/5&#39;10&quot; and is wearing a size S</li><li>Machine wash cold. Non-chlorine bleach. Tumble dry low. Cool iron. Do not dry clean.&nbsp;</li></ul>","","","","","",""
"6783888130094","cropped-long-sleeve-fitted-top-cream","MERGE","Cropped Long Sleeve Fitted Top Cream","<h6>WHY WE LOVE IT<br>
</h6>
<p>Cut from a butter soft ribbed cotton and modal blend, our cropped long sleeve fitted top is form-fitting, ultra flattering and lightweight. This top is the perfect everyday essential.<br></p>
<p>Style with your favorite pair of jeans, leather pants, or layered under an oversized blazer or under a pantsuit.</p>","loop, tops:l/s","REPLACE","174","Shirts & Tops","Apparel & Accessories > Clothing > Shirts & Tops","tops, t-shirt-styles, migration","shop, discount-collection, shop-2, shop-3","","","","","","<p><br></p><p><br></p><p><strong>Size &amp; Fit Information</strong></p><ul><li>Fits true to size, take your normal size</li><li>Designed for a slim fit&nbsp;</li><li>48% Cotton 48% Modal 4% Spandex</li><li>Model is 177 cm/5&#39;10&quot; and is wearing a size S</li><li>Machine wash cold. Non-chlorine bleach. Tumble dry low. Cool iron. Do not dry clean.&nbsp;</li></ul>","","","","","",""
"6783888162862","cropped-long-sleeve-fitted-top-heather-grey","MERGE","Cropped Long Sleeve Fitted Top Heather Grey","<meta charset=""utf-8"">
<h6>WHY WE LOVE IT<br>
</h6>
<p>Cut from a butter soft ribbed cotton and modal blend, our cropped long sleeve fitted top is form-fitting, ultra flattering and lightweight. This top is the perfect everyday essential.<br></p>
<p>Style with your favorite pair of jeans, leather pants, or layered under an oversized blazer or under a pantsuit.</p>","loop, tops:l/s","REPLACE","174","Shirts & Tops","Apparel & Accessories > Clothing > Shirts & Tops","tops, t-shirt-styles, migration","shop, discount-collection, shop-2, shop-3","","","","","","<p><br></p><p><br></p><p><strong>Size &amp; Fit Information</strong></p><ul><li>Fits true to size, take your normal size</li><li>Designed for a slim fit&nbsp;</li><li>48% Cotton 48% Modal 4% Spandex</li><li>Model is 177 cm/5&#39;10&quot; and is wearing a size S</li><li>Machine wash cold. Non-chlorine bleach. Tumble dry low. Cool iron. Do not dry clean.&nbsp;</li></ul>","","","","","",""
"6783888556078","cropped-fitted-turtleneck-top-black","MERGE","Cropped Fitted Turtleneck Top Black","<h6>WHY WE LOVE IT</h6>
<p>Cut from a butter soft ribbed cotton and modal blend, our cropped fitted turtleneck top is form-fitting, ultra flattering and lightweight. This top is the perfect everyday essential.</p>
<p>Style with your favorite pair of jeans, leather pants, or layered under an oversized blazer or under a pantsuit.</p>","loop, tops:turtlenecks, turtleneck","REPLACE","174","Shirts & Tops","Apparel & Accessories > Clothing > Shirts & Tops","tops, t-shirt-styles","shop, discount-collection, shop-2, shop-3, turtlenecks","","","","","","<p><br></p><p><br></p><p><strong>Size &amp; Fit Information</strong></p><ul><li>Fits true to size, take your normal size</li><li>Designed for a slim fit&nbsp;</li><li>48% Cotton 48% Modal 4% Spandex</li><li>Model is 177 cm/5&#39;10&quot; and is wearing a size S</li><li>Machine wash cold. Non-chlorine bleach. Tumble dry low. Cool iron. Do not dry clean.&nbsp;</li></ul>","","","","","",""
"6783888588846","cropped-fitted-turtleneck-top-cream","MERGE","Cropped Fitted Turtleneck Top Cream","<h6>WHY WE LOVE IT<br data-mce-fragment=""1"">
</h6>
<p>Cut from a butter soft ribbed cotton and modal blend, our cropped fitted turtleneck top is form-fitting, ultra flattering and lightweight. This top is the perfect everyday essential.<br data-mce-fragment=""1""></p>
<p>Style with your favorite pair of jeans, leather pants, or layered under an oversized blazer or under a pantsuit.</p>
<p> </p>","loop, tops:turtlenecks, turtleneck","REPLACE","174","Shirts & Tops","Apparel & Accessories > Clothing > Shirts & Tops","tops, t-shirt-styles, migration","shop, discount-collection, shop-2, shop-3, turtlenecks","","","","","","<p><br></p><p><br></p><p><strong>Size &amp; Fit Information</strong></p><ul><li>Fits true to size, take your normal size</li><li>Designed for a slim fit&nbsp;</li><li>48% Cotton 48% Modal 4% Spandex</li><li>Model is 177 cm/5&#39;10&quot; and is wearing a size S</li><li>Machine wash cold. Non-chlorine bleach. Tumble dry low. Cool iron. Do not dry clean.&nbsp;</li></ul>","","","","","",""
"6783888654382","cropped-fitted-turtleneck-top-heather-grey","MERGE","Cropped Fitted Turtleneck Top Heather Grey","<h6>WHY WE LOVE IT</h6>
<p>Cut from a butter soft ribbed cotton and modal blend, our cropped fitted turtleneck top is form-fitting, ultra flattering and lightweight. This top is the perfect everyday essential.</p>
<p>Style with your favorite pair of jeans, leather pants, or layered under an oversized blazer or under a pantsuit.</p>","archive, Final Sale, tops:turtlenecks","REPLACE","174","Shirts & Tops","Apparel & Accessories > Clothing > Shirts & Tops","tops, t-shirt-styles, sale, migration","shop, discount-collection, shop-2, shop-3","","","","","","<p><br></p><p><br></p><p><strong>Size &amp; Fit Information</strong></p><ul><li>Fits true to size, take your normal size</li><li>Designed for a slim fit&nbsp;</li><li>48% Cotton 48% Modal 4% Spandex</li><li>Model is 177 cm/5&#39;10&quot; and is wearing a size S</li><li>Machine wash cold. Non-chlorine bleach. Tumble dry low. Cool iron. Do not dry clean.&nbsp;</li></ul>","","","","","",""
"6783888687150","thin-strap-fitted-tank-black","MERGE","Thin Strap Fitted Tank Black","<h6>WHY WE LOVE IT<br>
</h6>
<p>Cut from a butter soft ribbed cotton and modal blend, our thin strap fitted tank is form-fitting, ultra flattering and lightweight. This tank is the perfect everyday essential.<br></p>
<p>Style with your favorite pair of jeans, leather pants, or layered under an oversized blazer or under a pantsuit.</p>","archive, tank top, tank tops, tops:tanks","REPLACE","174","Shirts & Tops","Apparel & Accessories > Clothing > Shirts & Tops","tank-styles","shop, discount-collection, shop-2, shop-3, tank-tops","","","","","","<p><br></p><p><strong><br></strong></p><p><strong>Size &amp; Fit Information</strong></p><ul><li>Fits true to size, take your normal size</li><li>Designed for a slim fit&nbsp;</li><li>47% Cotton 47% Modal 6% Spandex</li><li>Model is 177 cm/5&#39;10&quot; and is wearing a size S</li><li>Machine wash cold. Non-chlorine bleach. Tumble dry low. Cool iron. Do not dry clean.&nbsp;</li></ul>","","","","","",""
"6783888719918","thin-strap-fitted-tank-cream","MERGE","Thin Strap Fitted Tank Cream","<meta charset=""utf-8"">
<h6>WHY WE LOVE IT<br>
</h6>
<p>Cut from a butter soft ribbed cotton and modal blend, our thin strap fitted tank is form-fitting, ultra flattering and lightweight. This tank is the perfect everyday essential.<br></p>
<p>Style with your favorite pair of jeans, leather pants, or layered under an oversized blazer or under a pantsuit.</p>","archive, Final Sale, loop, new_in: 2022-07-19, tank top, tops:tanks","REPLACE","174","Shirts & Tops","Apparel & Accessories > Clothing > Shirts & Tops","tank-styles, sale","shop, discount-collection, shop-2, shop-3, tank-tops","","","","","","<p><br></p><p><strong><br></strong></p><p><strong>Size &amp; Fit Information</strong></p><ul><li>Fits true to size, take your normal size</li><li>Designed for a slim fit&nbsp;</li><li>47% Cotton 47% Modal 6% Spandex</li><li>Model is 177 cm/5&#39;10&quot; and is wearing a size S</li><li>Machine wash cold. Non-chlorine bleach. Tumble dry low. Cool iron. Do not dry clean.&nbsp;</li></ul>","","","","","",""
"6783888752686","thin-strap-fitted-tank-heather-grey","MERGE","Thin Strap Fitted Tank Heather Grey","<meta charset=""utf-8"">
<h6>WHY WE LOVE IT<br>
</h6>
<p>Cut from a butter soft ribbed cotton and modal blend, our thin strap fitted tank is form-fitting, ultra flattering and lightweight. This tank is the perfect everyday essential.<br></p>
<p>Style with your favorite pair of jeans, leather pants, or layered under an oversized blazer or under a pantsuit.</p>","archive, Final Sale, loop, new_in: 2022-07-19, tank top, tops:tanks","REPLACE","174","Shirts & Tops","Apparel & Accessories > Clothing > Shirts & Tops","tank-styles, sale","shop, discount-collection, shop-2, shop-3, tank-tops","","","","","","<p><br></p><p><strong><br></strong></p><p><strong>Size &amp; Fit Information</strong></p><ul><li>Fits true to size, take your normal size</li><li>Designed for a slim fit&nbsp;</li><li>47% Cotton 47% Modal 6% Spandex</li><li>Model is 177 cm/5&#39;10&quot; and is wearing a size S</li><li>Machine wash cold. Non-chlorine bleach. Tumble dry low. Cool iron. Do not dry clean.&nbsp;</li></ul>","","","","","",""
"6783888785454","cropped-thin-strap-fitted-tank-black","MERGE","Cropped Thin Strap Fitted Tank Black","<h6>WHY WE LOVE IT</h6>
<p>Cut from a butter soft ribbed cotton and modal blend, our cropped thin strap fitted tank is form-fitting, ultra flattering and lightweight. This tank is the perfect everyday essential.</p>
<p>Style with your favorite pair of jeans, leather pants, or layered under an oversized blazer or under a pantsuit.<br data-mce-fragment=""1""></p>","archive, Final Sale, new_in: 2022-07-19, tank top, tank tops, tops:tanks","REPLACE","174","Shirts & Tops","Apparel & Accessories > Clothing > Shirts & Tops","tank-styles, sale, migration","shop, discount-collection, shop-2, shop-3, tank-tops","","","","","","<p><br></p><p><strong><br></strong></p><p><strong>Size &amp; Fit Information</strong></p><ul><li>Fits true to size, take your normal size</li><li>Designed for a slim fit&nbsp;</li><li>47% Cotton 47% Modal 6% Spandex</li><li>Model is 177 cm/5&#39;10&quot; and is wearing a size S</li><li>Machine wash cold. Non-chlorine bleach. Tumble dry low. Cool iron. Do not dry clean.&nbsp;</li></ul>","","","","","",""
"6783888818222","cropped-thin-strap-fitted-tank-cream","MERGE","Cropped Thin Strap Fitted Tank Cream","<h6>
<meta charset=""utf-8"">WHY WE LOVE IT</h6>
<p>Cut from a butter soft ribbed cotton and modal blend, our cropped thin strap fitted tank is form-fitting, ultra flattering and lightweight. This tank is the perfect everyday essential.<br></p>
<p>Style with your favorite pair of jeans, leather pants, or layered under an oversized blazer or under a pantsuit.<br></p>","archive, Final Sale, new_in: 2022-07-19, tank, tank top, tank tops, tops:tanks","REPLACE","174","Shirts & Tops","Apparel & Accessories > Clothing > Shirts & Tops","tank-styles, sale, migration","shop, discount-collection, shop-2, shop-3, tank-tops","","","","","","<p><br></p><p><strong>Size &amp; Fit Information</strong></p><ul><li>Fits true to size, take your normal size</li><li>Designed for a slim fit&nbsp;</li><li>47% Cotton 47% Modal 6% Spandex</li><li>Model is 177 cm/5&#39;10&quot; and is wearing a size S</li><li>Machine wash cold. Non-chlorine bleach. Tumble dry low. Cool iron. Do not dry clean.&nbsp;</li></ul>","","","","","",""
"6783888850990","cropped-thin-strap-fitted-tank-heather-grey","MERGE","Cropped Thin Strap Fitted Tank Heather Grey","<h6>
<meta charset=""utf-8""> WHY WE LOVE IT<br>
</h6>
<p>Cut from a butter soft ribbed cotton and modal blend, our cropped thin strap fitted tank is form-fitting, ultra flattering and lightweight. This tank is the perfect everyday essential.<br></p>
<p>Style with your favorite pair of jeans, leather pants, or layered under an oversized blazer or under a pantsuit.<br></p>","archive, Final Sale, new_in: 2022-07-19, tank, tank top, tank tops, tops:tanks","REPLACE","174","Shirts & Tops","Apparel & Accessories > Clothing > Shirts & Tops","tank-styles, sale, migration","shop, discount-collection, shop-2, shop-3, tank-tops","","","","","","<p><br></p><p><strong>Size &amp; Fit Information</strong></p><ul><li>Fits true to size, take your normal size</li><li>Designed for a slim fit&nbsp;</li><li>47% Cotton 47% Modal 6% Spandex</li><li>Model is 177 cm/5&#39;10&quot; and is wearing a size S</li><li>Machine wash cold. Non-chlorine bleach. Tumble dry low. Cool iron. Do not dry clean.&nbsp;</li></ul>","","","","","",""
"6783888949294","tank-dress-maxi-black","MERGE","Tank Maxi Dress Black","<meta charset=""utf-8"">
<h6>WHY WE LOVE IT</h6>
<p><span>Éterne's tank maxi dress is crafted from a butter soft ribbed cotton and modal blend, offering a slim fit and a maxi length—a versatile essential for everyday wear.</span></p>
<p><span>Style with your favorite oversized blazer and a pair of knee high boots, or over your bikini as the perfect summer cover-up.</span></p>","dresses, dresses:maxi, loop","REPLACE","160","Dresses","Apparel & Accessories > Clothing > Dresses","dresses-2, bestsellers","shop, discount-collection, shop-2, shop-3, dresses, dresses-1","","","","","","<p><br></p><p><br></p><p><strong>Size &amp; Fit Information</strong></p><ul><li>Fits true to size, take your normal size</li><li>Designed for a slim fit&nbsp;</li><li>48% Cotton 48% Modal 4% Spandex</li><li>Model is 177 cm/5&#39;10&quot; and is wearing a size S</li><li>Machine wash cold. Non-chlorine bleach. Tumble dry low. Cool iron. Do not dry clean.&nbsp;</li></ul>","","","","","",""
"6783888982062","tank-dress-maxi-cream","MERGE","Tank Maxi Dress Cream","<meta charset=""utf-8"">
<h6>WHY WE LOVE IT</h6>
<p><span>Éterne's tank maxi dress is crafted from a butter soft ribbed cotton and modal blend, offering a slim fit and a maxi length—a versatile essential for everyday wear.</span></p>
<p><span>Style with your favorite oversized blazer and a pair of knee high boots, or over your bikini as the perfect summer cover-up.</span></p>","dresses, dresses:maxi, loop","REPLACE","160","Dresses","Apparel & Accessories > Clothing > Dresses","dresses-2","shop, discount-collection, shop-2, shop-3, dresses, dresses-1","","","","","","<p><br></p><p><br></p><p><strong>Size &amp; Fit Information</strong></p><ul><li>Fits true to size, take your normal size</li><li>Designed for a slim fit&nbsp;</li><li>48% Cotton 48% Modal 4% Spandex</li><li>Model is 177 cm/5&#39;10&quot; and is wearing a size S</li><li>Machine wash cold. Non-chlorine bleach. Tumble dry low. Cool iron. Do not dry clean.&nbsp;</li></ul>","","","","","",""
"6783889014830","tank-dress-maxi-heather-grey","MERGE","Tank Maxi Dress Heather Grey","<meta charset=""utf-8"">
<h6>WHY WE LOVE IT</h6>
<p><span>Éterne's tank maxi dress is crafted from a butter soft ribbed cotton and modal blend, offering a slim fit and a maxi length—a versatile essential for everyday wear.</span></p>
<p><span>Style with your favorite oversized blazer and a pair of knee high boots, or over your bikini as the perfect summer cover-up.</span></p>","archive, dresses, dresses:maxi, Final Sale, loop","REPLACE","160","Dresses","Apparel & Accessories > Clothing > Dresses","dresses-2, sale","shop, discount-collection, shop-2, shop-3, dresses, dresses-1","","","","","","<p><br></p><p><br></p><p><strong>Size &amp; Fit Information</strong></p><ul><li>Fits true to size, take your normal size</li><li>Designed for a slim fit&nbsp;</li><li>48% Cotton 48% Modal 4% Spandex</li><li>Model is 177 cm/5&#39;10&quot; and is wearing a size S</li><li>Machine wash cold. Non-chlorine bleach. Tumble dry low. Cool iron. Do not dry clean.&nbsp;</li></ul>","","","","","",""
"6783889047598","long-sleeve-crewneck-dress-maxi-black","MERGE","Long Sleeve Crewneck Maxi Dress Black","<h6>WHY WE LOVE IT</h6>
<p>Éterne's long sleeve crewneck maxi dress is crafted from a butter soft ribbed cotton and modal blend, offering a slim fit and a maxi length—a versatile essential for everyday wear.</p>
<p>Style with your favorite oversized blazer and a pair of knee high boots.<br></p>","dresses, dresses:maxi, loop","REPLACE","160","Dresses","Apparel & Accessories > Clothing > Dresses","dresses-2, migration","shop, discount-collection, shop-2, shop-3, dresses, dresses-1","","","","","","<p><br></p><p><br></p><p><strong>Size &amp; Fit Information</strong></p><ul><li>Fits true to size, take your normal size</li><li>Designed for a slim fit&nbsp;</li><li>48% Cotton 48% Modal 4% Spandex</li><li>Model is 177 cm/5&#39;10&quot; and is wearing a size S</li><li>Machine wash cold. Non-chlorine bleach. Tumble dry low. Cool iron. Do not dry clean.&nbsp;</li></ul>","","","","","",""
"6783889080366","long-sleeve-crewneck-dress-maxi-cream","MERGE","Long Sleeve Crewneck Maxi Dress Cream","<h6>WHY WE LOVE IT</h6>
<p>Éterne's long sleeve crewneck maxi dress is crafted from a butter soft ribbed cotton and modal blend, offering a slim fit and a maxi length—a versatile essential for everyday wear.</p>
<p>Style with your favorite oversized blazer and a pair of knee high boots.<br></p>","dresses, dresses:maxi, loop","REPLACE","160","Dresses","Apparel & Accessories > Clothing > Dresses","dresses-2, migration","shop, discount-collection, shop-2, shop-3, dresses, dresses-1","","","","","","<p><br></p><p><br></p><p><strong>Size &amp; Fit Information</strong></p><ul><li>Fits true to size, take your normal size</li><li>Designed for a slim fit&nbsp;</li><li>48% Cotton 48% Modal 4% Spandex</li><li>Model is 177 cm/5&#39;10&quot; and is wearing a size S</li><li>Machine wash cold. Non-chlorine bleach. Tumble dry low. Cool iron. Do not dry clean.&nbsp;</li></ul>","","","","","",""
"6783889178670","long-sleeve-crewneck-dress-maxi-heather-grey","MERGE","Long Sleeve Crewneck Maxi Dress Heather Grey","<h6>WHY WE LOVE IT</h6>
<p>Éterne's long sleeve crewneck maxi dress is crafted from a butter soft ribbed cotton and modal blend, offering a slim fit and a maxi length—a versatile essential for everyday wear.</p>
<p>Style with your favorite oversized blazer and a pair of knee high boots.<br></p>","archive, dresses, dresses:maxi, Final Sale, loop","REPLACE","160","Dresses","Apparel & Accessories > Clothing > Dresses","dresses-2, sale, migration","shop, discount-collection, shop-2, shop-3, dresses, dresses-1","","","","","","<p><br></p><p><br></p><p><strong>Size &amp; Fit Information</strong></p><ul><li>Fits true to size, take your normal size</li><li>Designed for a slim fit&nbsp;</li><li>48% Cotton 48% Modal 4% Spandex</li><li>Model is 177 cm/5&#39;10&quot; and is wearing a size S</li><li>Machine wash cold. Non-chlorine bleach. Tumble dry low. Cool iron. Do not dry clean.&nbsp;</li></ul>","","","","","",""
"6783889211438","long-sleeve-turtleneck-dress-mini-black-black","MERGE","Long Sleeve Turtleneck Mini Dress Black","<meta charset=""utf-8"">
<h6>WHY WE LOVE IT</h6>
<p>Cut from a butter soft ribbed cotton and modal blend, our mini turtleneck dress is form-fitting, ultra flattering and lightweight. This mini dress is the perfect day to night essential.</p>
<p>Style with your favorite oversized blazer or a pair of high knee boots.</p>","dresses, dresses:mini, loop","REPLACE","160","Dresses","Apparel & Accessories > Clothing > Dresses","dresses-2, migration","shop, discount-collection, shop-2, shop-3, dresses, dresses-1","","","","","","<p><br></p><p><br></p><p><strong>Size &amp; Fit Information</strong></p><ul><li>Fits true to size, take your normal size</li><li>Designed for a slim fit&nbsp;</li><li>48% Cotton 48% Modal 4% Spandex</li><li>Model is 177 cm/5&#39;10&quot; and is wearing a size S</li><li>Machine wash cold. Non-chlorine bleach. Tumble dry low. Cool iron. Do not dry clean.&nbsp;</li></ul>","","","","","",""
"6783889244206","long-sleeve-turtleneck-dress-mini-cream","MERGE","Long Sleeve Turtleneck Mini Dress Cream","<h6>WHY WE LOVE IT</h6>
<p><span>Cut from a butter soft ribbed cotton and modal blend, our mini turtleneck dress is form-fitting, ultra flattering and lightweight. This mini dress is the perfect day to night essential.</span></p>
<p><span>Style with your favorite oversized blazer or a pair of high knee boots.</span></p>","dresses, dresses:mini, loop","REPLACE","160","Dresses","Apparel & Accessories > Clothing > Dresses","dresses-2, bestsellers, migration","shop, discount-collection, shop-2, shop-3, dresses, dresses-1","","","","","","<p><br></p><p><br></p><p><strong>Size &amp; Fit Information</strong></p><ul><li>Fits true to size, take your normal size</li><li>Designed for a slim fit&nbsp;</li><li>48% Cotton 48% Modal 4% Spandex</li><li>Model is 177 cm/5&#39;10&quot; and is wearing a size S</li><li>Machine wash cold. Non-chlorine bleach. Tumble dry low. Cool iron. Do not dry clean.&nbsp;</li></ul>","","","","","",""
"6783889309742","long-sleeve-turtleneck-dress-mini-heather-grey","MERGE","Long Sleeve Turtleneck Mini Dress Heather Grey","<h6>WHY WE LOVE IT</h6>
Cut from a butter soft ribbed cotton and modal blend, our mini turtleneck dress is form-fitting, ultra flattering and lightweight. This mini dress is the perfect day to night essential.<br><br>Style with your favorite oversized blazer or a pair of high knee boots.","archive, dresses, dresses:mini, Final Sale","REPLACE","160","Dresses","Apparel & Accessories > Clothing > Dresses","dresses-2, sale, migration","shop, discount-collection, shop-2, shop-3, dresses, dresses-1","","","","","","<p><br></p><p><br></p><p><strong>Size &amp; Fit Information</strong></p><ul><li>Fits true to size, take your normal size</li><li>Designed for a slim fit&nbsp;</li><li>48% Cotton 48% Modal 4% Spandex</li><li>Model is 177 cm/5&#39;10&quot; and is wearing a size S</li><li>Machine wash cold. Non-chlorine bleach. Tumble dry low. Cool iron. Do not dry clean.&nbsp;</li></ul>","","","","","",""
"6783889342510","long-sleeve-turtleneck-dress-maxi-black","MERGE","Long Sleeve Turtleneck Maxi Dress Black","<h6>WHY WE LOVE IT</h6>
Cut from a butter soft ribbed cotton and modal blend, our maxi turtleneck dress is form-fitting, ultra flattering and lightweight. This maxi dress is the perfect day to night essential.<br><br>Style with your favorite oversized blazer and a pair of knee high boots.","dresses, dresses:maxi, loop","REPLACE","160","Dresses","Apparel & Accessories > Clothing > Dresses","dresses-2, migration","shop, discount-collection, shop-2, shop-3, dresses, dresses-1","","","","","","<p><br></p><p><br></p><p><strong>Size &amp; Fit Information</strong></p><ul><li>Fits true to size, take your normal size</li><li>Designed for a slim fit&nbsp;</li><li>48% Cotton 48% Modal 4% Spandex</li><li>Model is 177 cm/5&#39;10&quot; and is wearing a size S</li><li>Machine wash cold. Non-chlorine bleach. Tumble dry low. Cool iron. Do not dry clean.&nbsp;</li></ul>","","","","","",""
"6783889375278","long-sleeve-turtleneck-dress-maxi-cream","MERGE","Long Sleeve Turtleneck Maxi Dress Cream","<h6>WHY WE LOVE IT</h6>
Cut from a butter soft ribbed cotton and modal blend, our maxi turtleneck dress is form-fitting, ultra flattering and lightweight. This maxi dress is the perfect day to night essential.<br><br>Style with your favorite oversized blazer and a pair of knee high boots.","dresses, dresses:maxi, loop","REPLACE","160","Dresses","Apparel & Accessories > Clothing > Dresses","dresses-2, bestsellers, migration","shop, discount-collection, shop-2, shop-3, dresses, dresses-1","","","","","","<p><br></p><p><br></p><p><strong>Size &amp; Fit Information</strong></p><ul><li>Fits true to size, take your normal size</li><li>Designed for a slim fit&nbsp;</li><li>48% Cotton 48% Modal 4% Spandex</li><li>Model is 177 cm/5&#39;10&quot; and is wearing a size S</li><li>Machine wash cold. Non-chlorine bleach. Tumble dry low. Cool iron. Do not dry clean.&nbsp;</li></ul>","","","","","",""
"6783889408046","long-sleeve-turtleneck-dress-maxi-heather-grey","MERGE","Long Sleeve Turtleneck Maxi Dress Heather Grey","<h6>WHY WE LOVE IT</h6>
Cut from a butter soft ribbed cotton and modal blend, our maxi turtleneck dress is form-fitting, ultra flattering and lightweight. This maxi dress is the perfect day to night essential.<br><br>Style with your favorite oversized blazer and a pair of knee high boots.","archive, dresses, dresses:maxi, Final Sale","REPLACE","160","Dresses","Apparel & Accessories > Clothing > Dresses","dresses-2, sale, migration","shop, discount-collection, shop-2, shop-3, dresses, dresses-1","","","","","","<p><br></p><p><br></p><p><strong>Size &amp; Fit Information</strong></p><ul><li>Fits true to size, take your normal size</li><li>Designed for a slim fit&nbsp;</li><li>48% Cotton 48% Modal 4% Spandex</li><li>Model is 177 cm/5&#39;10&quot; and is wearing a size S</li><li>Machine wash cold. Non-chlorine bleach. Tumble dry low. Cool iron. Do not dry clean.&nbsp;</li></ul>","","","","","",""
"6783889473582","classic-sweatpant-black","MERGE","Classic Sweatpant Black","<h6>WHY WE LOVE IT</h6>
Cut from a butter soft French terry, our classic leg sweatpant features a loose and comfortable fit, relaxed elastic waistband and Éterne's signature extra long inseam for a flattering silhouette.<br><br>Style with your favorite tank or white tee or make it a set with <a href=""https://eterne.com/products/oversized-crewneck-sweatshirt-black"">Éterne's Oversized Crewneck Sweatshirt</a>.
<p> </p>","bottoms:pants, french-terry:sweatpants, loop, loungewear, pants","REPLACE","173","Pants","Apparel & Accessories > Clothing > Pants","bottoms, terry, bestsellers, migration","shop, discount-collection, shop-2, shop-3, pants, loungewear","","","","","","<p><br></p><p><br></p><p><strong>Size &amp; Fit Information</strong></p><ul><li>Fits true to size, take your normal size</li><li>Designed for a loose fit</li><li>French Terry</li><li>77% Cotton 23% Modal</li><li>Model is 177 cm/5&#39;10&quot; and is wearing a size S</li><li>Machine wash cold with like colors. Do not bleach. Tumble dry low. Cool iron, if needed or dry clean.&nbsp;</li></ul>","","","","","",""
"6783889539118","classic-sweatpant-cream","MERGE","Classic Sweatpant Cream","<h6>WHY WE LOVE IT</h6>
Cut from a butter soft French terry, our classic leg sweatpant features a loose and comfortable fit, relaxed elastic waistband and Éterne's signature extra long inseam for a flattering silhouette.<br><br>Style with your favorite tank or white tee or make it a set with <a href=""https://eterne.com/products/oversized-crewneck-sweatshirt-cream"">Éterne's Oversized Crewneck Sweatshirt</a>.
<p> </p>","bottoms:pants, french-terry:sweatpants, loop, loungewear, pants","REPLACE","173","Pants","Apparel & Accessories > Clothing > Pants","bottoms, terry, bestsellers, migration","shop, discount-collection, shop-2, shop-3, pants, loungewear","","","","","","<p><br></p><p><br></p><p><strong>Size &amp; Fit Information</strong></p><ul><li>Fits true to size, take your normal size</li><li>Designed for a loose fit</li><li>French Terry</li><li>77% Cotton 23% Modal</li><li>Model is 177 cm/5&#39;10&quot; and is wearing a size S</li><li>Machine wash cold with like colors. Do not bleach. Tumble dry low. Cool iron, if needed or dry clean.&nbsp;</li></ul>","","","","","",""
"6783889571886","classic-sweatpant-heather-brown","MERGE","Classic Sweatpant Chocolate","<h6>WHY WE LOVE IT</h6>
<p>Cut from a butter soft French terry, our classic leg sweatpant features a loose and comfortable fit, relaxed elastic waistband and Éterne's signature extra long inseam for a flattering silhouette.</p>
<p>Style with your favorite tank or white tee or make it a set with <a href=""https://eterne.com/products/oversized-crewneck-sweatshirt-heather-brown"">Éterne's Oversized Crewneck Sweatshirt</a>.<br></p>","bottoms:pants, french-terry:sweatpants, loop, loungewear, pants","REPLACE","173","Pants","Apparel & Accessories > Clothing > Pants","bottoms, terry, migration","shop, discount-collection, shop-2, shop-3, pants, loungewear","","","","","","<p><br></p><p><br></p><p><strong>Size &amp; Fit Information</strong></p><ul><li>Fits true to size, take your normal size</li><li>Designed for a loose fit</li><li>French Terry</li><li>77% Cotton 23% Modal</li><li>Model is 177 cm/5&#39;10&quot; and is wearing a size S</li><li>Machine wash cold with like colors. Do not bleach. Tumble dry low. Cool iron, if needed or dry clean.&nbsp;</li></ul>","","","","","",""
"6783889637422","classic-sweatpant-heather-grey","MERGE","Classic Sweatpant Heather Grey","<h6>WHY WE LOVE IT<br>
</h6>
<p>Cut from a butter soft French terry, our classic leg sweatpant features a loose and comfortable fit, relaxed elastic waistband and Éterne's signature extra long inseam for a flattering silhouette.<br></p>
<p>Style with your favorite tank or white tee or make it a set with Éterne's <a href=""https://eterne.com/products/oversized-crewneck-sweatshirt-heather-grey"">Oversized Crewneck Sweatshirt</a>.</p>","bottoms:pants, french-terry:sweatpants, loop, pants","REPLACE","173","Pants","Apparel & Accessories > Clothing > Pants","bottoms, terry, bestsellers, migration","shop, discount-collection, shop-2, shop-3, pants","","","","","","<p><br></p><p><br></p><p><strong>Size &amp; Fit Information</strong></p><ul><li>Fits true to size, take your normal size</li><li>Designed for a loose fit</li><li>French Terry</li><li>77% Cotton 23% Modal</li><li>Model is 177 cm/5&#39;10&quot; and is wearing a size S</li><li>Machine wash cold with like colors. Do not bleach. Tumble dry low. Cool iron, if needed or dry clean.&nbsp;</li></ul>","","","","","",""
"6783889670190","straight-leg-sweatpant-black","MERGE","Straight Leg Sweatpant Black","<h6>WHY WE LOVE IT<br>
</h6>
<p>Cut from a butter soft French terry, our straight leg sweatpant features a loose and comfortable fit, relaxed waistband and Éterne's signature extra long inseam for a flattering silhouette.<br></p>
<p>Style with your favorite tank or white tee or make it a set with Éterne's <a href=""https://eterne.com/products/shrunken-raglan-sweatshirt-black"">Shrunken Raglan Sweatshirt</a>.</p>","bottoms:pants, french-terry:sweatpants, loop, loungewear, pants","REPLACE","173","Pants","Apparel & Accessories > Clothing > Pants","bottoms, terry, bestsellers, migration","shop, discount-collection, shop-2, shop-3, pants, loungewear","","","","","","<p><br></p><p><br></p><p><strong>Size &amp; Fit Information</strong></p><ul><li>Fits true to size, take your normal size</li><li>Designed for a loose fit</li><li>French Terry</li><li>77% Cotton 23% Modal</li><li>Model is 177 cm/5&#39;10&quot; and is wearing a size S</li><li>Machine wash cold with like colors. Do not bleach. Tumble dry low. Cool iron, if needed or dry clean.&nbsp;</li></ul>","","","","","",""
"6783889702958","straight-leg-sweatpant-cream","MERGE","Straight Leg Sweatpant Cream","<h6>WHY WE LOVE IT<br>
</h6>
<p>Cut from a butter soft French terry, our straight leg sweatpant features a loose and comfortable fit, relaxed waistband and Éterne's signature extra long inseam for a flattering silhouette.<br></p>
<p>Style with your favorite tank or white tee or make it a set with Éterne's <a href=""https://eterne.com/products/shrunken-raglan-sweatshirt-cream"">Shrunken Raglan Sweatshirt</a>.</p>","bottoms:pants, french-terry:sweatpants, loop, loungewear, pants","REPLACE","173","Pants","Apparel & Accessories > Clothing > Pants","bottoms, terry, bestsellers, migration","shop, discount-collection, shop-2, shop-3, pants, loungewear","","","","","","<p><br></p><p><br></p><p><strong>Size &amp; Fit Information</strong></p><ul><li>Fits true to size, take your normal size</li><li>Designed for a loose fit</li><li>French Terry</li><li>77% Cotton 23% Modal</li><li>Model is 177 cm/5&#39;10&quot; and is wearing a size S</li><li>Machine wash cold with like colors. Do not bleach. Tumble dry low. Cool iron, if needed or dry clean.&nbsp;</li></ul>","","","","","",""
"6783889735726","straight-leg-sweatpant-heather-brown","MERGE","Straight Leg Sweatpant Heather Brown","<h6>WHY WE LOVE IT</h6>
<p>Cut from a butter soft French terry, our straight leg sweatpant features a loose and comfortable fit, relaxed waistband and Éterne's signature extra long inseam for a flattering silhouette.</p>
<p>Style with your favorite tank or white tee or make it a set with Éterne's <a href=""https://eterne.com/products/shrunken-raglan-sweatshirt-heather-brown"">Shrunken Raglan Sweatshirt</a>.</p>","loop","REPLACE","173","Pants","Apparel & Accessories > Clothing > Pants","migration","shop, discount-collection, shop-2, shop-3","","","","","","<p><br></p><p><br></p><p><strong>Size &amp; Fit Information</strong></p><ul><li>Fits true to size, take your normal size</li><li>Designed for a loose fit</li><li>French Terry</li><li>77% Cotton 23% Modal</li><li>Model is 177 cm/5&#39;10&quot; and is wearing a size S</li><li>Machine wash cold with like colors. Do not bleach. Tumble dry low. Cool iron, if needed or dry clean.&nbsp;</li></ul>","","","","","",""
"6783889768494","straight-leg-sweatpant-heather-grey","MERGE","Straight Leg Sweatpant Heather Grey","<h6>WHY WE LOVE IT</h6>
<p>Cut from a butter soft French terry, our straight leg sweatpant features a loose and comfortable fit, relaxed waistband and Éterne's signature extra long inseam for a flattering silhouette.</p>
<p>Style with your favorite tank or white tee or make it a set with Éterne's <a href=""https://eterne.com/products/shrunken-raglan-sweatshirt-heather-grey"">Shrunken Raglan Sweatshirt</a>.</p>","bottoms:pants, french-terry:sweatpants, loop, loungewear, pants","REPLACE","173","Pants","Apparel & Accessories > Clothing > Pants","bottoms, terry, bestsellers, migration","shop, discount-collection, shop-2, shop-3, pants, loungewear","","","","","","<p><br></p><p><br></p><p><strong>Size &amp; Fit Information</strong></p><ul><li>Fits true to size, take your normal size</li><li>Designed for a loose fit</li><li>French Terry</li><li>77% Cotton 23% Modal</li><li>Model is 177 cm/5&#39;10&quot; and is wearing a size S</li><li>Machine wash cold with like colors. Do not bleach. Tumble dry low. Cool iron, if needed or dry clean.&nbsp;</li></ul>","","","","","",""
"6783889866798","shrunken-raglan-sweatshirt-black","MERGE","Shrunken Raglan Sweatshirt Black","<h6>WHY WE LOVE IT</h6>
<p>Cut from a butter soft French terry, our shrunken raglan sweatshirt is a modern take on a vintage favorite. This classic crewneck features a slight cropped length, comfortably fitted body and raglan sleeves that instantly give it a lived-in feel.</p>
<p>Style with your favorite pair of jeans or make it a set with Éterne's <a href=""https://eterne.com/products/straight-leg-sweatpant-black"">Straight Leg Sweatpant</a>.</p>","french-terry:sweatshirts, loop, loungewear, tops:sweatshirts","REPLACE","174","Shirts & Tops","Apparel & Accessories > Clothing > Shirts & Tops","terry, bestsellers, migration","shop, discount-collection, shop-2, shop-3, loungewear","","","","","","<p><br></p><p><br></p><p><strong>Size &amp; Fit Information</strong></p><ul><li>Runs small, size up</li><li>Designed for a slim fit&nbsp;</li><li>French Terry</li><li>50% Cotton 50% Modal</li><li>Model is 177 cm/5&#39;10&quot; and is wearing a size S</li><li>Machine wash cold with like colors. Do not bleach. Tumble dry low. Cool iron, if needed or dry clean.&nbsp;</li></ul>","","","","","",""
"6783889899566","shrunken-raglan-sweatshirt-cream","MERGE","Shrunken Raglan Sweatshirt Cream","<h6>WHY WE LOVE IT</h6>
<p>Cut from a butter soft French terry, our shrunken raglan sweatshirt is a modern take on a vintage favorite. This classic crewneck features a slight cropped length, comfortably fitted body and raglan sleeves that instantly give it a lived-in feel.</p>
<p>Style with your favorite pair of jeans or make it a set with Éterne's <a href=""https://eterne.com/products/straight-leg-sweatpant-cream"">Straight Leg Sweatpant</a>.</p>","french-terry:sweatshirts, loop, loungewear, tops:sweatshirts","REPLACE","174","Shirts & Tops","Apparel & Accessories > Clothing > Shirts & Tops","terry, bestsellers, migration","shop, discount-collection, shop-2, shop-3, loungewear","","","","","","<p><br></p><p><br></p><p><strong>Size &amp; Fit Information</strong></p><ul><li>Runs small, size up</li><li>Designed for a slim fit&nbsp;</li><li>French Terry</li><li>77% Cotton 23% Modal</li><li>Model is 177 cm/5&#39;10&quot; and is wearing a size S</li><li>Machine wash cold with like colors. Do not bleach. Tumble dry low. Cool iron, if needed or dry clean.&nbsp;</li></ul>","","","","","",""
"6783889965102","shrunken-raglan-sweatshirt-heather-brown","MERGE","Shrunken Raglan Sweatshirt Chocolate","<h6>WHY WE LOVE IT</h6>
<p>Cut from a butter soft French terry, our shrunken raglan sweatshirt is a modern take on a vintage favorite. This classic crewneck features a slight cropped length, comfortably fitted body and raglan sleeves that instantly give it a lived-in feel.</p>
<p>Style with your favorite pair of jeans or make it a set with Éterne's <a href=""https://eterne.com/products/wide-leg-sweatpant-heather-brown"">Straight Leg Sweatpant</a>.</p>","loop","REPLACE","174","Shirts & Tops","Apparel & Accessories > Clothing > Shirts & Tops","migration","shop, discount-collection, shop-2, shop-3","","","","","","<p><br></p><p><br></p><p><strong>Size &amp; Fit Information</strong></p><ul><li>Runs small, size up</li><li>Designed for a slim fit&nbsp;</li><li>French Terry</li><li>50% Cotton 50% Modal</li><li>Model is 177 cm/5&#39;10&quot; and is wearing a size S</li><li>Machine wash cold with like colors. Do not bleach. Tumble dry low. Cool iron, if needed or dry clean.&nbsp;</li></ul>","","","","","",""
"6783889997870","shrunken-raglan-sweatshirt-heather-grey","MERGE","Shrunken Raglan Sweatshirt Heather Grey","<h6>WHY WE LOVE IT</h6>
<p>Cut from a butter soft French terry, our shrunken raglan sweatshirt is a modern take on a vintage favorite. This classic crewneck features a slight cropped length, comfortably fitted body and raglan sleeves that instantly give it a lived-in feel.</p>
<p>Style with your favorite pair of jeans or make it a set with Éterne's <a href=""https://eterne.com/products/wide-leg-sweatpant-heather-grey"">Straight Leg Sweatpant</a>.</p>","french-terry:sweatshirts, loop, loungewear, tops:sweatshirts","REPLACE","174","Shirts & Tops","Apparel & Accessories > Clothing > Shirts & Tops","terry, bestsellers, migration","shop, discount-collection, shop-2, shop-3, loungewear","","","","","","<p><br></p><p><br></p><p><strong>Size &amp; Fit Information</strong></p><ul><li>Runs small, size up</li><li>Designed for a slim fit&nbsp;</li><li>French Terry</li><li>50% Cotton 50% Modal</li><li>Model is 177 cm/5&#39;10&quot; and is wearing a size S</li><li>Machine wash cold with like colors. Do not bleach. Tumble dry low. Cool iron, if needed or dry clean.&nbsp;</li></ul>","","","","","",""
"6783890063406","oversized-crewneck-sweatshirt-black","MERGE","Oversized Crewneck Sweatshirt Black","<h6>WHY WE LOVE IT</h6>
Cut from a butter soft French terry, our oversized crewneck sweatshirt is a modern take on a vintage favorite. This classic crewneck features a loose, oversized comfortable fit with dropped shoulders and cuffs at the sleeves and waistband. <br><br>Style with your favorite pair of jeans or make it a set with <a href=""https://eterne.com/products/classic-sweatpant-black"">Éterne's Classic Sweatpant</a>.
<p> </p>","french-terry:sweatshirts, loop, loungewear, tops:sweatshirts","REPLACE","174","Shirts & Tops","Apparel & Accessories > Clothing > Shirts & Tops","terry, bestsellers","shop, discount-collection, shop-2, shop-3, loungewear","","","","","","<p><br></p><p><br></p><p><strong>Size &amp; Fit Information</strong></p><ul><li>Fits true to size, take your normal size</li><li>Designed for a loose fit&nbsp;</li><li>French Terry</li><li>77% Cotton 23% Modal</li><li>Model is 177 cm/5&#39;10&quot; and is wearing a size S</li><li>Machine wash cold with like colors. Do not bleach. Tumble dry low. Cool iron, if needed or dry clean.&nbsp;</li></ul>","","","","","",""
"6783890096174","oversized-crewneck-sweatshirt-cream","MERGE","Oversized Crewneck Sweatshirt Cream","<h6>WHY WE LOVE IT</h6>
Cut from a butter soft French terry, our oversized crewneck sweatshirt is a modern take on a vintage favorite. This classic crewneck features a loose, oversized comfortable fit with dropped shoulders and cuffs at the sleeves and waistband. <br><br>Style with your favorite pair of jeans or make it a set with <a href=""https://eterne.com/products/classic-sweatpant-cream"">Éterne's Classic Sweatpant</a>.
<p> </p>","french-terry:sweatshirts, loop, loungewear, tops:sweatshirts","REPLACE","174","Shirts & Tops","Apparel & Accessories > Clothing > Shirts & Tops","terry, bestsellers","shop, discount-collection, shop-2, shop-3, loungewear","","","","","","<p><br></p><p><br></p><p><strong>Size &amp; Fit Information</strong></p><ul><li>Fits true to size, take your normal size</li><li>Designed for a loose fit&nbsp;</li><li>French Terry</li><li>77% Cotton 23% Modal</li><li>Model is 177 cm/5&#39;10&quot; and is wearing a size S</li><li>Machine wash cold with like colors. Do not bleach. Tumble dry low. Cool iron, if needed or dry clean.&nbsp;</li></ul>","","","","","",""
"6783890128942","oversized-crewneck-sweatshirt-heather-brown","MERGE","Oversized Crewneck Sweatshirt Chocolate","<h6>WHY WE LOVE IT</h6>
<p>Cut from a butter soft French terry, our oversized crewneck sweatshirt is a modern take on a vintage favorite. This classic crewneck features a loose, oversized comfortable fit with dropped shoulders and cuffs at the sleeves and waistband.</p>
<p>Style with your favorite pair of jeans or make it a set with <a href=""https://eterne.com/products/classic-sweatpant-heather-brown"">Éterne's Classic Sweatpant</a>.</p>","french-terry:sweatshirts, loop, loungewear, tops:sweatshirts","REPLACE","174","Shirts & Tops","Apparel & Accessories > Clothing > Shirts & Tops","terry","shop, discount-collection, shop-2, shop-3, loungewear","","","","","","<p><br></p><p><br></p><p><strong>Size &amp; Fit Information</strong></p><ul><li>Fits true to size, take your normal size</li><li>Designed for a loose fit&nbsp;</li><li>French Terry</li><li>77% Cotton 23% Modal</li><li>Model is 177 cm/5&#39;10&quot; and is wearing a size S</li><li>Machine wash cold with like colors. Do not bleach. Tumble dry low. Cool iron, if needed or dry clean.&nbsp;</li></ul>","","","","","",""
"6783890161710","oversized-crewneck-sweatshirt-heather-grey","MERGE","Oversized Crewneck Sweatshirt Heather Grey","<h6>WHY WE LOVE IT</h6>
<p>Cut from a butter soft French terry, our oversized crewneck sweatshirt is a modern take on a vintage favorite. This classic crewneck features a loose, oversized comfortable fit with dropped shoulders and cuffs at the sleeves and waistband. </p>
<p>Style with your favorite pair of jeans or make it a set with Éterne's <a href=""https://eterne.com/products/classic-sweatpant-heather-grey"">Classic Sweatpant</a>.</p>","french-terry:sweatshirts, loop, tops:sweatshirts","REPLACE","174","Shirts & Tops","Apparel & Accessories > Clothing > Shirts & Tops","terry, bestsellers","shop, discount-collection, shop-2, shop-3","","","","","","<p><br></p><p><br></p><p><strong>Size &amp; Fit Information</strong></p><ul><li>Fits true to size, take your normal size</li><li>Designed for a loose fit&nbsp;</li><li>French Terry</li><li>77% Cotton 23% Modal</li><li>Model is 177 cm/5&#39;10&quot; and is wearing a size S</li><li>Machine wash cold with like colors. Do not bleach. Tumble dry low. Cool iron, if needed or dry clean.&nbsp;</li></ul>","","","","","",""
"6784839385134","georgia","MERGE","Georgia Dress Black","<h6>WHY WE LOVE IT</h6>
<p>Cut from an ultra thin Italian matte stretch jersey, our Georgia dress is ultra-flattering with its maxi length and front button closure.</p>","loop","REPLACE","160","Dresses","Apparel & Accessories > Clothing > Dresses","soir, migration","shop, discount-collection, shop-2, shop-3","","","","","","<p><br></p><p><br></p><p><strong>Size &amp; Fit Information</strong></p><ul><li>This style runs small, take one size bigger than normal</li><li>Designed for a close fit&nbsp;</li><li>76% Viscose, 19% Nylon, 5% Elastane</li><li>Model is 177 cm/5&#39;10&quot; and is wearing a size S</li><li>Dry clean only</li></ul>","","","","","",""
"6784839483438","charlie","MERGE","Charlie Top Black","<h6>WHY WE LOVE IT<br>
</h6>
<p>Cut from an ultra thin Italian matte stretch jersey, our Charlie top is the perfect day-to-night essential.<br></p>
<p>Style with your favorite pair of jeans, leather pants or make it a set with Éterne's <a href=""https://eterne.com/products/emma"">Emma maxi skirt</a>.</p>","loop","REPLACE","174","Shirts & Tops","Apparel & Accessories > Clothing > Shirts & Tops","tops, soir, migration","shop, discount-collection, shop-2, shop-3","","","","","","<p><br></p><p><br></p><p><strong>Size &amp; Fit Information</strong></p><ul><li>Fits true to size, take your normal size</li><li>Designed for a close fit&nbsp;</li><li>76% Viscose, 19% Nylon, 5% Elastane</li><li>Model is 177 cm/5&#39;10&quot; and is wearing a size S</li><li>Dry clean only</li></ul>","","","","","",""
"6784839516206","sloane","MERGE","Sloane Dress Black","<h6>WHY WE LOVE IT</h6>
<p>Cut from an ultra thin Italian matte stretch jersey, our Sloane dress is ultra-flattering with its mini length and front button closure.</p>","loop","REPLACE","160","Dresses","Apparel & Accessories > Clothing > Dresses","soir, migration","shop, discount-collection, shop-2, shop-3","","","","","","<p><br></p><p><br></p><p><strong>Size &amp; Fit Information</strong></p><ul><li>This style runs small, take one size bigger than normal</li><li>Designed for a close fit&nbsp;</li><li>76% Viscose, 19% Nylon, 5% Elastane</li><li>Model is 177 cm/5&#39;10&quot; and is wearing a size S</li><li>Dry clean only</li></ul>","","","","","",""
"6784839548974","romee","MERGE","Romee Top Black","<h6>WHY WE LOVE IT<br>
</h6>
<p>Cut from an ultra thin Italian matte stretch jersey, our Romee top is the perfect day-to-night essential.<br></p>
<p>Style with your favorite pair of jeans, leather pants or make it a set with Éterne's <a href=""https://eterne.com/products/emma"">Emma maxi skirt</a>.</p>","loop","REPLACE","174","Shirts & Tops","Apparel & Accessories > Clothing > Shirts & Tops","tops, soir","shop, discount-collection, shop-2, shop-3","","","","","","<p><br></p><p><br></p><p><strong>Size &amp; Fit Information</strong></p><ul><li>Fits true to size, take your normal size</li><li>Designed for a close fit&nbsp;</li><li>76% Viscose, 19% Nylon, 5% Elastane</li><li>Model is 177 cm/5&#39;10&quot; and is wearing a size S</li><li>Dry clean only</li></ul>","","","","","",""
"6784839614510","amina","MERGE","Amina Top","<h6>WHY WE LOVE IT</h6>
<p>Cut from an ultra thin Italian matte stretch jersey, our Amina top is the perfect day-to-night essential.</p>
Style with your favorite pair of jeans, leather pants or make it a set with <a href=""https://eterne.com/products/emma"">Éterne's Emma skirt</a>.","loop","REPLACE","174","Shirts & Tops","Apparel & Accessories > Clothing > Shirts & Tops","tops, soir, migration","shop, discount-collection, shop-2, shop-3","","","","","","<p><br></p><p><br></p><p><strong>Size &amp; Fit Information</strong></p><ul><li>Fits true to size, take your normal size</li><li>Designed for a close fit&nbsp;</li><li>76% Viscose, 19% Nylon, 5% Elastane</li><li>Model is 177 cm/5&#39;10&quot; and is wearing a size S</li><li>Dry clean only</li></ul>","","","{""productSettings"":""{\""6784839614510\"":{\""preOrderEnabled\"":false,\""quantityLimit\"":0,\""overallQuantityLimit\"":0,\""totalQuantityOrdered\"":0,\""buttonText\"":\""Preorder\"",\""buttonMessage\"":\""Estimated shipping March 22nd\"",\""buttonMessageVisibility\"":\""ALWAYS\"",\""cartCheckoutLabel\"":\"" \"",\""preOrderTimeEnable\"":false,\""dateStart\"":\""-1\"",\""dateStop\"":\""-1\"",\""discountValue\"":0.0,\""discountType\"":\""PERCENTAGE\"",\""showPriceOnCheckoutLabelOnCart\"":false,\""showFullPriceLabelOnCart\"":false,\""showSellingPlanLabelOnCart\"":false,\""showPurchaseOptions\"":true,\""showPurchaseOptionsOnSingleSellingPlan\"":false,\""orderTag\"":\""appikon-pre-order\"",\""comingSoonEnable\"":false,\""comingSoonHeader\"":\""Coming Soon\"",\""comingSoonMessage\"":\""Dropping on\"",\""comingSoonAvailableFrom\"":\""-1\"",\""showPreOrderLabelOnCollectionPage\"":true,\""collectionPagePreOrderLabelText\"":\""Preorder\"",\""collectionPagePreOrderLabelClass\"":\""\"",\""collectionPagePreOrderLabelCSS\"":\"".appikon-pre-order-button-message {\\nmargin-top: 16px;\\n}\"",\""preOrderClosedMessage\"":\""Sold Out\""}}"",""variantSettings"":""{\""39837372710958\"":{\""preOrderEnabled\"":false,\""quantityLimit\"":0,\""overallQuantityLimit\"":0,\""totalQuantityOrdered\"":0,\""buttonText\"":\""Preorder\"",\""buttonMessage\"":\""Estimated shipping March 22nd\"",\""buttonMessageVisibility\"":\""ALWAYS\"",\""cartCheckoutLabel\"":\"" \"",\""preOrderTimeEnable\"":false,\""dateStart\"":\""-1\"",\""dateStop\"":\""-1\"",\""discountValue\"":0.0,\""discountType\"":\""PERCENTAGE\"",\""showPriceOnCheckoutLabelOnCart\"":false,\""showFullPriceLabelOnCart\"":false,\""showSellingPlanLabelOnCart\"":false,\""showPurchaseOptions\"":true,\""showPurchaseOptionsOnSingleSellingPlan\"":false,\""orderTag\"":\""appikon-pre-order\"",\""comingSoonEnable\"":false,\""comingSoonHeader\"":\""Coming Soon\"",\""comingSoonMessage\"":\""Dropping on\"",\""comingSoonAvailableFrom\"":\""-1\"",\""showPreOrderLabelOnCollectionPage\"":true,\""collectionPagePreOrderLabelText\"":\""Preorder\"",\""collectionPagePreOrderLabelClass\"":\""\"",\""collectionPagePreOrderLabelCSS\"":\"".appikon-pre-order-button-message {\\nmargin-top: 16px;\\n}\"",\""preOrderClosedMessage\"":\""Sold Out\""},\""39837372776494\"":{\""preOrderEnabled\"":false,\""quantityLimit\"":0,\""overallQuantityLimit\"":0,\""totalQuantityOrdered\"":0,\""buttonText\"":\""Preorder\"",\""buttonMessage\"":\""Estimated shipping March 22nd\"",\""buttonMessageVisibility\"":\""ALWAYS\"",\""cartCheckoutLabel\"":\"" \"",\""preOrderTimeEnable\"":false,\""dateStart\"":\""-1\"",\""dateStop\"":\""-1\"",\""discountValue\"":0.0,\""discountType\"":\""PERCENTAGE\"",\""showPriceOnCheckoutLabelOnCart\"":false,\""showFullPriceLabelOnCart\"":false,\""showSellingPlanLabelOnCart\"":false,\""showPurchaseOptions\"":true,\""showPurchaseOptionsOnSingleSellingPlan\"":false,\""orderTag\"":\""appikon-pre-order\"",\""comingSoonEnable\"":false,\""comingSoonHeader\"":\""Coming Soon\"",\""comingSoonMessage\"":\""Dropping on\"",\""comingSoonAvailableFrom\"":\""-1\"",\""showPreOrderLabelOnCollectionPage\"":true,\""collectionPagePreOrderLabelText\"":\""Preorder\"",\""collectionPagePreOrderLabelClass\"":\""\"",\""collectionPagePreOrderLabelCSS\"":\"".appikon-pre-order-button-message {\\nmargin-top: 16px;\\n}\"",\""preOrderClosedMessage\"":\""Sold Out\""},\""39837372809262\"":{\""preOrderEnabled\"":false,\""quantityLimit\"":0,\""overallQuantityLimit\"":0,\""totalQuantityOrdered\"":0,\""buttonText\"":\""Preorder\"",\""buttonMessage\"":\""Estimated shipping March 22nd\"",\""buttonMessageVisibility\"":\""ALWAYS\"",\""cartCheckoutLabel\"":\"" \"",\""preOrderTimeEnable\"":false,\""dateStart\"":\""-1\"",\""dateStop\"":\""-1\"",\""discountValue\"":0.0,\""discountType\"":\""PERCENTAGE\"",\""showPriceOnCheckoutLabelOnCart\"":false,\""showFullPriceLabelOnCart\"":false,\""showSellingPlanLabelOnCart\"":false,\""showPurchaseOptions\"":true,\""showPurchaseOptionsOnSingleSellingPlan\"":false,\""orderTag\"":\""appikon-pre-order\"",\""comingSoonEnable\"":false,\""comingSoonHeader\"":\""Coming Soon\"",\""comingSoonMessage\"":\""Dropping on\"",\""comingSoonAvailableFrom\"":\""-1\"",\""showPreOrderLabelOnCollectionPage\"":true,\""collectionPagePreOrderLabelText\"":\""Preorder\"",\""collectionPagePreOrderLabelClass\"":\""\"",\""collectionPagePreOrderLabelCSS\"":\"".appikon-pre-order-button-message {\\nmargin-top: 16px;\\n}\"",\""preOrderClosedMessage\"":\""Sold Out\""},\""39837372743726\"":{\""preOrderEnabled\"":false,\""quantityLimit\"":0,\""overallQuantityLimit\"":0,\""totalQuantityOrdered\"":0,\""buttonText\"":\""Preorder\"",\""buttonMessage\"":\""Estimated shipping March 22nd\"",\""buttonMessageVisibility\"":\""ALWAYS\"",\""cartCheckoutLabel\"":\"" \"",\""preOrderTimeEnable\"":false,\""dateStart\"":\""-1\"",\""dateStop\"":\""-1\"",\""discountValue\"":0.0,\""discountType\"":\""PERCENTAGE\"",\""showPriceOnCheckoutLabelOnCart\"":false,\""showFullPriceLabelOnCart\"":false,\""showSellingPlanLabelOnCart\"":false,\""showPurchaseOptions\"":true,\""showPurchaseOptionsOnSingleSellingPlan\"":false,\""orderTag\"":\""appikon-pre-order\"",\""comingSoonEnable\"":false,\""comingSoonHeader\"":\""Coming Soon\"",\""comingSoonMessage\"":\""Dropping on\"",\""comingSoonAvailableFrom\"":\""-1\"",\""showPreOrderLabelOnCollectionPage\"":true,\""collectionPagePreOrderLabelText\"":\""Preorder\"",\""collectionPagePreOrderLabelClass\"":\""\"",\""collectionPagePreOrderLabelCSS\"":\"".appikon-pre-order-button-message {\\nmargin-top: 16px;\\n}\"",\""preOrderClosedMessage\"":\""Sold Out\""},\""39837372678190\"":{\""preOrderEnabled\"":false,\""quantityLimit\"":0,\""overallQuantityLimit\"":0,\""totalQuantityOrdered\"":0,\""buttonText\"":\""Preorder\"",\""buttonMessage\"":\""Estimated shipping March 22nd\"",\""buttonMessageVisibility\"":\""ALWAYS\"",\""cartCheckoutLabel\"":\"" \"",\""preOrderTimeEnable\"":false,\""dateStart\"":\""-1\"",\""dateStop\"":\""-1\"",\""discountValue\"":0.0,\""discountType\"":\""PERCENTAGE\"",\""showPriceOnCheckoutLabelOnCart\"":false,\""showFullPriceLabelOnCart\"":false,\""showSellingPlanLabelOnCart\"":false,\""showPurchaseOptions\"":true,\""showPurchaseOptionsOnSingleSellingPlan\"":false,\""orderTag\"":\""appikon-pre-order\"",\""comingSoonEnable\"":false,\""comingSoonHeader\"":\""Coming Soon\"",\""comingSoonMessage\"":\""Dropping on\"",\""comingSoonAvailableFrom\"":\""-1\"",\""showPreOrderLabelOnCollectionPage\"":true,\""collectionPagePreOrderLabelText\"":\""Preorder\"",\""collectionPagePreOrderLabelClass\"":\""\"",\""collectionPagePreOrderLabelCSS\"":\"".appikon-pre-order-button-message {\\nmargin-top: 16px;\\n}\"",\""preOrderClosedMessage\"":\""Sold Out\""}}""}","","",""
"6784839647278","chloe","MERGE","Chloé Top","<h6>WHY WE LOVE IT</h6>
<p>Cut from an ultra thin Italian matte stretch jersey, our Chloé top is the perfect day-to-night essential.</p>
Style with your favorite pair of jeans, leather pants or make it a set with <a href=""https://eterne.com/products/emma"">Éterne's Emma skirt</a>.","loop","REPLACE","174","Shirts & Tops","Apparel & Accessories > Clothing > Shirts & Tops","tops, soir, migration","shop, discount-collection, shop-2, shop-3","","","","","","<p><br></p><p><br></p><p><strong>Size &amp; Fit Information</strong></p><ul><li>Fits true to size, take your normal size</li><li>Designed for a close fit&nbsp;</li><li>76% Viscose, 19% Nylon, 5% Elastane</li><li>Model is 177 cm/5&#39;10&quot; and is wearing a size S</li><li>Dry clean only</li></ul>","","","","","",""
"6784839680046","simone","MERGE","Simone Top Black","<h6>WHY WE LOVE IT</h6>
<p>Cut from an ultra thin Italian matte stretch jersey, our Simone top is the perfect day-to-night essential.</p>
<p>Style with your favorite pair of jeans, leather pants or make it a set with <a href=""https://eterne.com/products/emma"">Éterne's Emma skirt</a>.</p>","loop","REPLACE","174","Shirts & Tops","Apparel & Accessories > Clothing > Shirts & Tops","tops, soir, migration","shop, discount-collection, shop-2, shop-3","","","","","","<p><br></p><p><br></p><p><strong>Size &amp; Fit Information</strong></p><ul><li>Fits true to size, take your normal size</li><li>Designed for a close fit&nbsp;</li><li>76% Viscose, 19% Nylon, 5% Elastane</li><li>Model is 177 cm/5&#39;10&quot; and is wearing a size S</li><li>Dry clean only</li></ul>","","","","","",""
"6784839712814","emma","MERGE","Emma Skirt Black","<h6>WHY WE LOVE IT</h6>
<p>Cut from an ultra thin Italian matte stretch jersey, our Emma maxi skirt is the perfect day-to-night essential.</p>
<p>Style with <a href=""https://eterne.com/products/cropped-scoop-neck-tank-black"">Éterne's cropped scoop neck tank</a>, or make it a set with <a href=""https://eterne.com/products/simone"">Éterne's Simone top</a>.</p>","bottoms:skirt, loop, skirt","REPLACE","176","Skirts","Apparel & Accessories > Clothing > Skirts","bottoms, soir, migration","shop, discount-collection, shop-2, shop-3","","","","","","<p><br></p><p><br></p><p><strong>Size &amp; Fit Information</strong></p><ul><li>Fits true to size, take your normal size</li><li>Designed for a close fit&nbsp;</li><li>76% Viscose, 19% Nylon, 5% Elastane</li><li>Model is 177 cm/5&#39;10&quot; and is wearing a size S</li><li>Dry clean only</li></ul>","","","","","",""
"6784839745582","sadie","MERGE","Sadie Dress Black","<h6>WHY WE LOVE IT</h6>
<p>Cut from an ultra thin Italian matte stretch jersey, our Sadie dress is ultra-flattering with its body con silhouette and mini length.</p>","archive, dresses:mini, Final Sale","REPLACE","160","Dresses","Apparel & Accessories > Clothing > Dresses","soir, sale, migration","shop, discount-collection, shop-2, shop-3","","","","","","<p><br></p><p><br></p><p><strong>Size &amp; Fit Information</strong></p><ul><li>This style runs small, take one size bigger than normal</li><li>Designed for a close fit&nbsp;</li><li>76% Viscose, 19% Nylon, 5% Elastane</li><li>Model is 177 cm/5&#39;10&quot; and is wearing a size S</li><li>Dry clean only</li></ul>","","","","","",""
"6784839778350","theodore","MERGE","Theodore Cardigan Black","<h6>WHY WE LOVE IT<br>
</h6>
<p>Cut from a medium weight, butter soft cashmere, our Theodore cardigan is the perfect everyday essential. <br></p>
<p>Style with your favorite pair of jeans or make it a set with Éterne's <a href=""https://eterne.com/products/straight-leg-sweatpant-black"">Straight Leg Sweatpant</a>.</p>","cashmere:cardigans, loop","REPLACE","174","Shirts & Tops","Apparel & Accessories > Clothing > Shirts & Tops","cashmere, migration","shop, discount-collection, shop-2, shop-3","","","","","","<p><br></p><p><br></p><p><strong>Size &amp; Fit Information</strong></p><ul><li>Fits true to size, take your normal size</li><li>Designed for a loose comfortable fit&nbsp;</li><li>100% Cashmere</li><li>Model is 177 cm/5&#39;10&quot; and is wearing a size S</li><li>Dry clean only</li></ul>","","","","","",""
"6784839811118","theodore-1","MERGE","Theodore Cardigan Cream","<meta charset=""utf-8"">
<h6 data-mce-fragment=""1"">WHY WE LOVE IT</h6>
<p data-mce-fragment=""1"">Cut from a medium weight, butter soft cashmere, our Theodore<span data-mce-fragment=""1""> cardigan</span> is<span data-mce-fragment=""1""> </span>the perfect everyday essential. </p>
<p data-mce-fragment=""1"">Style with your favorite pair of jeans or make it a set with Éterne's <a href=""https://eterne.com/products/straight-leg-sweatpant-cream"">Straight Leg Sweatpant.</a></p>","dev, loop","REPLACE","174","Shirts & Tops","Apparel & Accessories > Clothing > Shirts & Tops","migration","shop, discount-collection, shop-2, shop-3","","","","","","<p><br></p><p><br></p><p><strong>Size &amp; Fit Information</strong></p><ul><li>Fits true to size, take your normal size</li><li>Designed for a loose comfortable fit&nbsp;</li><li>100% Cashmere</li><li>Model is 177 cm/5&#39;10&quot; and is wearing a size S</li><li>Dry clean only</li></ul>","","","","","",""
"6784839843886","theodore-2","MERGE","Theodore Cardigan Heather Grey","<h6>WHY WE LOVE IT<br>
</h6>
<p>Cut from a medium weight, butter soft cashmere, our Theodore cardigan is the perfect everyday essential. <br></p>
<p>Style with your favorite pair of jeans or make it a set with Éterne's <a href=""https://eterne.com/products/wide-leg-sweatpant-heather-grey"">Straight Leg Sweatpant</a>.</p>","cashmere:cardigans, loop","REPLACE","174","Shirts & Tops","Apparel & Accessories > Clothing > Shirts & Tops","cashmere","shop, discount-collection, shop-2, shop-3","","","","","","<p><br></p><p><br></p><p><strong>Size &amp; Fit Information</strong></p><ul><li>Fits true to size, take your normal size</li><li>Designed for a loose comfortable fit&nbsp;</li><li>100% Cashmere</li><li>Model is 177 cm/5&#39;10&quot; and is wearing a size S</li><li>Dry clean only</li></ul>","","","","","",""
"6784839876654","theodore-3","MERGE","Theodore Cardigan Chocolate","<h6>WHY WE LOVE IT<br>
</h6>
<p>Cut from a medium weight, butter soft cashmere, our Theodore cardigan is the perfect everyday essential. <br></p>
<p>Style with your favorite pair of jeans or make it a set with Éterne's <a href=""https://eterne.com/products/wide-leg-sweatpant-heather-brown"">Straight Leg Sweatpant.</a></p>","cashmere:cardigans, loop","REPLACE","174","Shirts & Tops","Apparel & Accessories > Clothing > Shirts & Tops","cashmere, migration","shop, discount-collection, shop-2, shop-3","","","","","","<p><br></p><p><br></p><p><strong>Size &amp; Fit Information</strong></p><ul><li>Fits true to size, take your normal size</li><li>Designed for a loose comfortable fit&nbsp;</li><li>100% Cashmere</li><li>Model is 177 cm/5&#39;10&quot; and is wearing a size S</li><li>Dry clean only</li></ul>","","","","","",""
"6784839942190","james","MERGE","James Cashmere Sweater Black","<h6>WHY WE LOVE IT</h6>
Cut from a medium weight, butter soft cashmere, our James sweater is the perfect everyday essential. <br><br>Style with your favorite pair of jeans or make it a set with Éterne's <a href=""https://eterne.com/products/straight-leg-sweatpant-black"">Straight Leg Sweatpant</a>.","cashmere:sweaters, loop","REPLACE","174","Shirts & Tops","Apparel & Accessories > Clothing > Shirts & Tops","cashmere, bestsellers, migration","shop, discount-collection, shop-2, shop-3","","","","","","<p><br></p><p><br></p><p><strong>Size &amp; Fit Information</strong></p><ul><li>Fits true to size, take your normal size</li><li>Designed for a loose comfortable fit&nbsp;</li><li>100% Cashmere</li><li>Model is 177 cm/5&#39;10&quot; and is wearing a size S</li><li>Dry clean only</li></ul>","","","","","",""
"6784839974958","james-1","MERGE","James Cashmere Sweater Cream","<h6>WHY WE LOVE IT</h6>
Cut from a medium weight, butter soft cashmere, our James sweater is the perfect everyday essential. <br><br>Style with your favorite pair of jeans or make it a set with Éterne's <a href=""https://eterne.com/products/straight-leg-sweatpant-cream"">Straight Leg Sweatpant</a>.","cashmere:sweaters, loop","REPLACE","174","Shirts & Tops","Apparel & Accessories > Clothing > Shirts & Tops","cashmere, migration","shop, discount-collection, shop-2, shop-3","","","","","","<p><br></p><p><br></p><p><strong>Size &amp; Fit Information</strong></p><ul><li>Fits true to size, take your normal size</li><li>Designed for a loose comfortable fit&nbsp;</li><li>100% Cashmere</li><li>Model is 177 cm/5&#39;10&quot; and is wearing a size S</li><li>Dry clean only</li></ul>","","","","","",""
"6784840007726","james-2","MERGE","James Cashmere Sweater Heather Grey","<h6>WHY WE LOVE IT</h6>
Cut from a medium weight, butter soft cashmere, our James sweater is the perfect everyday essential. <br><br>Style with your favorite pair of jeans or make it a set with Éterne's <a href=""https://eterne.com/products/wide-leg-sweatpant-heather-grey"">Straight Leg Sweatpant</a>.","cashmere:sweaters, loop","REPLACE","174","Shirts & Tops","Apparel & Accessories > Clothing > Shirts & Tops","cashmere, migration","shop, discount-collection, shop-2, shop-3","","","","","","<p><br></p><p><br></p><p><strong>Size &amp; Fit Information</strong></p><ul><li>Fits true to size, take your normal size</li><li>Designed for a loose comfortable fit&nbsp;</li><li>100% Cashmere</li><li>Model is 177 cm/5&#39;10&quot; and is wearing a size S</li><li>Dry clean only</li></ul>","","","","","",""
"6784840040494","james-3","MERGE","James Cashmere Sweater Chocolate","<meta charset=""utf-8"">
<h6 data-mce-fragment=""1"">WHY WE LOVE IT</h6>
<p data-mce-fragment=""1"">Cut from a medium weight, butter soft cashmere, our James sweater is<span data-mce-fragment=""1""> </span>the perfect everyday essential. </p>
<p data-mce-fragment=""1"">Style with your favorite pair of jeans or make it a set with Éterne's <a href=""https://eterne.com/products/wide-leg-sweatpant-heather-brown"">Straight Leg Sweatpant.</a></p>","dev","REPLACE","174","Shirts & Tops","Apparel & Accessories > Clothing > Shirts & Tops","migration","shop, discount-collection, shop-2, shop-3","","","","","","<p><br></p><p><br></p><p><strong>Size &amp; Fit Information</strong></p><ul><li>Fits true to size, take your normal size</li><li>Designed for a loose comfortable fit&nbsp;</li><li>100% Cashmere</li><li>Model is 177 cm/5&#39;10&quot; and is wearing a size S</li><li>Dry clean only</li></ul>","","","","","",""
"6784840073262","francis","MERGE","Francis Cashmere Sweater Black","<h6>WHY WE LOVE IT</h6>
<p>Cut from a lightweight, butter soft cashmere, our Francis sweater features a slight cropped length with a comfortably fitted body. The Francis is<span> </span>the perfect day to night essential. </p>
<p>Style with your favorite pair of jeans or make it a set with Éterne's <a href=""https://eterne.com/products/straight-leg-sweatpant-black"">Straight Leg Sweatpant</a>.</p>","cashmere:sweaters, loop","REPLACE","174","Shirts & Tops","Apparel & Accessories > Clothing > Shirts & Tops","cashmere, bestsellers, migration","shop, discount-collection, shop-2, shop-3","","","","","","<p><br></p><p><br></p><p><strong>Size &amp; Fit Information</strong></p><ul><li>Runs small, size up</li><li>Designed for a slim fit&nbsp;</li><li>100% Cashmere</li><li>Model is 177 cm/5&#39;10&quot; and is wearing a size S</li><li>Dry clean only</li></ul>","","","","","",""
"6784840106030","francis-1","MERGE","Francis Cashmere Sweater Cream","<h6>WHY WE LOVE IT</h6>
<p><meta charset=""utf-8""><span>Cut from a lightweight, butter soft cashmere, our Francis sweater features a slight cropped length with a comfortably fitted body. The Francis is</span><span> </span><span>the perfect day to night essential. </span></p>
<p>Style with your favorite pair of jeans or make it a set with Éterne's <a href=""https://eterne.com/products/straight-leg-sweatpant-cream"">Straight Leg Sweatpant</a>.</p>","cashmere:sweaters, loop","REPLACE","174","Shirts & Tops","Apparel & Accessories > Clothing > Shirts & Tops","migration","shop, discount-collection, shop-2, shop-3","","","","","","<p><br></p><p><br></p><p><strong>Size &amp; Fit Information</strong></p><ul><li>Runs small, size up</li><li>Designed for a slim fit&nbsp;</li><li>100% Cashmere</li><li>Model is 177 cm/5&#39;10&quot; and is wearing a size S</li><li>Dry clean only</li></ul>","","","","","",""
"6784840138798","francis-2","MERGE","Francis Cashmere Sweater Heather Grey","<h6>WHY WE LOVE IT</h6>
<p><meta charset=""utf-8""><span>Cut from a lightweight, butter soft cashmere, our Francis sweater features a slight cropped length with a comfortably fitted body. The Francis is</span><span> </span><span>the perfect day to night essential. </span></p>
<p>Style with your favorite pair of jeans or make it a set with Éterne's <a href=""https://eterne.com/products/wide-leg-sweatpant-heather-grey"">Straight Leg Sweatpant</a>.</p>","cashmere:sweaters, loop","REPLACE","174","Shirts & Tops","Apparel & Accessories > Clothing > Shirts & Tops","cashmere, migration","shop, discount-collection, shop-2, shop-3","","","","","","<p><br></p><p><br></p><p><strong>Size &amp; Fit Information</strong></p><ul><li>Runs small, size up</li><li>Designed for a slim fit&nbsp;</li><li>100% Cashmere</li><li>Model is 177 cm/5&#39;10&quot; and is wearing a size S</li><li>Dry clean only</li></ul>","","","","","",""
"6784840171566","francis-3","MERGE","Francis Cashmere Sweater Chocolate","<h6>WHY WE LOVE IT</h6>
<p><meta charset=""utf-8""><span data-mce-fragment=""1"">Cut from a lightweight, butter soft cashmere, our Francis sweater features a slight cropped length with a comfortably fitted body. The Francis is</span><span data-mce-fragment=""1""> </span><span data-mce-fragment=""1"">the perfect day to night essential. </span></p>
<p>Style with your favorite pair of jeans or make it a set with Éterne's <a href=""https://eterne.com/products/wide-leg-sweatpant-heather-brown"">Straight Leg Sweatpant</a>.</p>","cashmere:sweaters, loop","REPLACE","174","Shirts & Tops","Apparel & Accessories > Clothing > Shirts & Tops","cashmere, migration","shop, discount-collection, shop-2, shop-3","","","","","","<p><br></p><p><br></p><p><strong>Size &amp; Fit Information</strong></p><ul><li>Runs small, size up</li><li>Designed for a slim fit&nbsp;</li><li>100% Cashmere</li><li>Model is 177 cm/5&#39;10&quot; and is wearing a size S</li><li>Dry clean only</li></ul>","","","","","",""
"6826174611502","test-product-90s-brief-black","MERGE","TEST PRODUCT 90'S Brief Black","<h6>WHY WE LOVE IT</h6>
<p>Inspired by the iconic Nineties, our 90's brief features a flattering low waist, a versatile waistband that can be worn high or low, with a second-skin feel made from an ultra-soft lightweight modal blend. </p>
<p>Pair with Éterne's triangle bra as a set. </p>","basics, briefs, dev, essentials, intimates: underwear, loop, underwear, womens","REPLACE","9483","Uncategorized","Uncategorized","","shop, discount-collection, shop-2, shop-3, underwear","90's Brief by Eterne","90's Brief by Eterne. Available in black or off-white. Designed with high cut sides and just enough coverage for comfort and a smooth, seamless profile.","{""XS"":[""0""],""S"":[""0""],""M"":[""0""],""L"":[""0""],""XL"":[""0""],""CleverCommon"":[""14084259053614"",""14084259020846"",""14084258955310"",""14084258922542"",""14084258889774""]}","0","1","<p><strong><br></strong></p><p><strong>Size &amp; Fit Information</strong></p><ul><li>Fits true to size, take your normal size</li><li>89% Modal / 11% Lycra&nbsp;</li><li>Model is 177 cm/5&#39;10&quot; and is wearing a size S</li><li>Machine wash cold. Non-chlorine bleach. Tumble dry low. Cool iron.&nbsp;</li></ul>","{""XS"":[[""0""],[""31763911114798""]],""S"":[[""0""],[""31763911147566""]],""M"":[[""0""],[""31763911180334""]],""L"":[[""0""],[""31763911213102""]],""XL"":[[""0""],[""31763911245870""]],""CleverCommon"":[""0""],""undefined"":""14084258889774""}","213","{""productSettings"":""{\""6826174611502\"":{\""preOrderEnabled\"":false,\""quantityLimit\"":0,\""overallQuantityLimit\"":0,\""totalQuantityOrdered\"":0,\""buttonText\"":\""Preorder\"",\""buttonMessage\"":\""Estimated shipping March 22nd\"",\""buttonMessageVisibility\"":\""ALWAYS\"",\""cartCheckoutLabel\"":\"" \"",\""preOrderTimeEnable\"":false,\""dateStart\"":\""-1\"",\""dateStop\"":\""-1\"",\""discountValue\"":0.0,\""discountType\"":\""PERCENTAGE\"",\""showPriceOnCheckoutLabelOnCart\"":false,\""showFullPriceLabelOnCart\"":false,\""showSellingPlanLabelOnCart\"":false,\""showPurchaseOptions\"":true,\""showPurchaseOptionsOnSingleSellingPlan\"":false,\""orderTag\"":\""appikon-pre-order\"",\""comingSoonEnable\"":false,\""comingSoonHeader\"":\""Coming Soon\"",\""comingSoonMessage\"":\""Dropping on\"",\""comingSoonAvailableFrom\"":\""-1\"",\""showPreOrderLabelOnCollectionPage\"":true,\""collectionPagePreOrderLabelText\"":\""Preorder\"",\""collectionPagePreOrderLabelClass\"":\""\"",\""collectionPagePreOrderLabelCSS\"":\"".appikon-pre-order-button-message {\\nmargin-top: 16px;\\n}\"",\""preOrderClosedMessage\"":\""Sold Out\""}}"",""variantSettings"":""{\""40025559007278\"":{\""preOrderEnabled\"":false,\""quantityLimit\"":0,\""overallQuantityLimit\"":0,\""totalQuantityOrdered\"":0,\""buttonText\"":\""Preorder\"",\""buttonMessage\"":\""Estimated shipping March 22nd\"",\""buttonMessageVisibility\"":\""ALWAYS\"",\""cartCheckoutLabel\"":\"" \"",\""preOrderTimeEnable\"":false,\""dateStart\"":\""-1\"",\""dateStop\"":\""-1\"",\""discountValue\"":0.0,\""discountType\"":\""PERCENTAGE\"",\""showPriceOnCheckoutLabelOnCart\"":false,\""showFullPriceLabelOnCart\"":false,\""showSellingPlanLabelOnCart\"":false,\""showPurchaseOptions\"":true,\""showPurchaseOptionsOnSingleSellingPlan\"":false,\""orderTag\"":\""appikon-pre-order\"",\""comingSoonEnable\"":false,\""comingSoonHeader\"":\""Coming Soon\"",\""comingSoonMessage\"":\""Dropping on\"",\""comingSoonAvailableFrom\"":\""-1\"",\""showPreOrderLabelOnCollectionPage\"":true,\""collectionPagePreOrderLabelText\"":\""Preorder\"",\""collectionPagePreOrderLabelClass\"":\""\"",\""collectionPagePreOrderLabelCSS\"":\"".appikon-pre-order-button-message {\\nmargin-top: 16px;\\n}\"",\""preOrderClosedMessage\"":\""Sold Out\""},\""40025559072814\"":{\""preOrderEnabled\"":false,\""quantityLimit\"":0,\""overallQuantityLimit\"":0,\""totalQuantityOrdered\"":0,\""buttonText\"":\""Preorder\"",\""buttonMessage\"":\""Estimated shipping March 22nd\"",\""buttonMessageVisibility\"":\""ALWAYS\"",\""cartCheckoutLabel\"":\"" \"",\""preOrderTimeEnable\"":false,\""dateStart\"":\""-1\"",\""dateStop\"":\""-1\"",\""discountValue\"":0.0,\""discountType\"":\""PERCENTAGE\"",\""showPriceOnCheckoutLabelOnCart\"":false,\""showFullPriceLabelOnCart\"":false,\""showSellingPlanLabelOnCart\"":false,\""showPurchaseOptions\"":true,\""showPurchaseOptionsOnSingleSellingPlan\"":false,\""orderTag\"":\""appikon-pre-order\"",\""comingSoonEnable\"":false,\""comingSoonHeader\"":\""Coming Soon\"",\""comingSoonMessage\"":\""Dropping on\"",\""comingSoonAvailableFrom\"":\""-1\"",\""showPreOrderLabelOnCollectionPage\"":true,\""collectionPagePreOrderLabelText\"":\""Preorder\"",\""collectionPagePreOrderLabelClass\"":\""\"",\""collectionPagePreOrderLabelCSS\"":\"".appikon-pre-order-button-message {\\nmargin-top: 16px;\\n}\"",\""preOrderClosedMessage\"":\""Sold Out\""},\""40025559105582\"":{\""preOrderEnabled\"":false,\""quantityLimit\"":0,\""overallQuantityLimit\"":0,\""totalQuantityOrdered\"":0,\""buttonText\"":\""Preorder\"",\""buttonMessage\"":\""Estimated shipping March 22nd\"",\""buttonMessageVisibility\"":\""ALWAYS\"",\""cartCheckoutLabel\"":\"" \"",\""preOrderTimeEnable\"":false,\""dateStart\"":\""-1\"",\""dateStop\"":\""-1\"",\""discountValue\"":0.0,\""discountType\"":\""PERCENTAGE\"",\""showPriceOnCheckoutLabelOnCart\"":false,\""showFullPriceLabelOnCart\"":false,\""showSellingPlanLabelOnCart\"":false,\""showPurchaseOptions\"":true,\""showPurchaseOptionsOnSingleSellingPlan\"":false,\""orderTag\"":\""appikon-pre-order\"",\""comingSoonEnable\"":false,\""comingSoonHeader\"":\""Coming Soon\"",\""comingSoonMessage\"":\""Dropping on\"",\""comingSoonAvailableFrom\"":\""-1\"",\""showPreOrderLabelOnCollectionPage\"":true,\""collectionPagePreOrderLabelText\"":\""Preorder\"",\""collectionPagePreOrderLabelClass\"":\""\"",\""collectionPagePreOrderLabelCSS\"":\"".appikon-pre-order-button-message {\\nmargin-top: 16px;\\n}\"",\""preOrderClosedMessage\"":\""Sold Out\""},\""40025558974510\"":{\""preOrderEnabled\"":false,\""quantityLimit\"":0,\""overallQuantityLimit\"":0,\""totalQuantityOrdered\"":0,\""buttonText\"":\""Preorder\"",\""buttonMessage\"":\""Estimated shipping March 22nd\"",\""buttonMessageVisibility\"":\""ALWAYS\"",\""cartCheckoutLabel\"":\"" \"",\""preOrderTimeEnable\"":false,\""dateStart\"":\""-1\"",\""dateStop\"":\""-1\"",\""discountValue\"":0.0,\""discountType\"":\""PERCENTAGE\"",\""showPriceOnCheckoutLabelOnCart\"":false,\""showFullPriceLabelOnCart\"":false,\""showSellingPlanLabelOnCart\"":false,\""showPurchaseOptions\"":true,\""showPurchaseOptionsOnSingleSellingPlan\"":false,\""orderTag\"":\""appikon-pre-order\"",\""comingSoonEnable\"":false,\""comingSoonHeader\"":\""Coming Soon\"",\""comingSoonMessage\"":\""Dropping on\"",\""comingSoonAvailableFrom\"":\""-1\"",\""showPreOrderLabelOnCollectionPage\"":true,\""collectionPagePreOrderLabelText\"":\""Preorder\"",\""collectionPagePreOrderLabelClass\"":\""\"",\""collectionPagePreOrderLabelCSS\"":\"".appikon-pre-order-button-message {\\nmargin-top: 16px;\\n}\"",\""preOrderClosedMessage\"":\""Sold Out\""},\""40025559040046\"":{\""preOrderEnabled\"":false,\""quantityLimit\"":0,\""overallQuantityLimit\"":0,\""totalQuantityOrdered\"":0,\""buttonText\"":\""Preorder\"",\""buttonMessage\"":\""Estimated shipping March 22nd\"",\""buttonMessageVisibility\"":\""ALWAYS\"",\""cartCheckoutLabel\"":\"" \"",\""preOrderTimeEnable\"":false,\""dateStart\"":\""-1\"",\""dateStop\"":\""-1\"",\""discountValue\"":0.0,\""discountType\"":\""PERCENTAGE\"",\""showPriceOnCheckoutLabelOnCart\"":false,\""showFullPriceLabelOnCart\"":false,\""showSellingPlanLabelOnCart\"":false,\""showPurchaseOptions\"":true,\""showPurchaseOptionsOnSingleSellingPlan\"":false,\""orderTag\"":\""appikon-pre-order\"",\""comingSoonEnable\"":false,\""comingSoonHeader\"":\""Coming Soon\"",\""comingSoonMessage\"":\""Dropping on\"",\""comingSoonAvailableFrom\"":\""-1\"",\""showPreOrderLabelOnCollectionPage\"":true,\""collectionPagePreOrderLabelText\"":\""Preorder\"",\""collectionPagePreOrderLabelClass\"":\""\"",\""collectionPagePreOrderLabelCSS\"":\"".appikon-pre-order-button-message {\\nmargin-top: 16px;\\n}\"",\""preOrderClosedMessage\"":\""Sold Out\""}}""}","18-11-2020","20-11-2020","false"
"6844488974382","test-style-for-aims360","MERGE","TEST STYLE FOR AIMS360","","loop","REPLACE","","","","","shop, discount-collection, shop-2, shop-3","","","","","","","","","","","",""
"6858672209966","long-sleeve-crewneck-dress-mini-earth","MERGE","Long Sleeve Crewneck Mini Dress Earth","<meta charset=""utf-8"">
<h6>WHY WE LOVE IT</h6>
<p>Éterne's long sleeve crewneck mini dress is crafted from a butter soft ribbed cotton and modal blend, offering a slim fit and a mini length—a versatile essential for everyday wear.<br></p>
<p>Style with your favorite oversized blazer or a pair of high knee boots.</p>","dresses, dresses:mini, loop","REPLACE","160","Dresses","Apparel & Accessories > Clothing > Dresses","dresses-2, migration","shop, discount-collection, shop-2, shop-3, dresses, dresses-1","","","","","","<p><br></p><p><br></p><p><strong>Size &amp; Fit Information</strong></p><ul><li>Fits true to size, take your normal size</li><li>Designed for a slim fit&nbsp;</li><li>48% Cotton 48% Modal 4% Spandex</li><li>Model is 177 cm/5&#39;10&quot; and is wearing a size S</li><li>Machine wash cold. Non-chlorine bleach. Tumble dry low. Cool iron. Do not dry clean.&nbsp;</li></ul>","","","","","",""
"6858672242734","short-sleeve-baby-tee-earth","MERGE","Short Sleeve Baby Tee Earth","<h6>WHY WE LOVE IT</h6>
<p>Cut from a lightweight cotton and modal blend, our short sleeve baby tee features a shrunken slim fit and a thin-lined crewneck. This t-shirt is a perfect everyday essential. </p>
<p>Style with your favorite pair of jeans, leather pants, layered under an oversized blazer, or paired with <a href=""https://eterne.com/products/lounge-pant-earth"">Éterne's lounge pants</a> as a set. </p>","loop, tops:s/s","REPLACE","174","Shirts & Tops","Apparel & Accessories > Clothing > Shirts & Tops","t-shirt-styles","shop, discount-collection, shop-2, shop-3","","","","","","<p><br></p><p><br></p><p><strong>Size &amp; Fit Information</strong></p><ul><li>Fits true to size, take your normal size</li><li>Designed for a slim fit&nbsp;</li><li>50% Cotton 50% Modal&nbsp;</li><li>Model is 177 cm/5&#39;10&quot; and is wearing a size S</li><li>Machine wash cold. Non-chlorine bleach. Tumble dry low. Cool iron. Do not dry clean.&nbsp;</li></ul>","","","","","",""
"6858672275502","lounge-pant-earth","MERGE","Lounge Pant Earth","<meta charset=""utf-8"">
<h6>WHY WE LOVE IT</h6>
<p>Cut from a lightweight cotton and modal blend, our lounge pant features a comfortable and relaxed fit with its soft elastic waistband and flattering wide legs. </p>
<p>Pair with <a href=""https://eterne.com/products/short-sleeve-baby-tee-earth"">Éterne's short sleeve baby tee</a> as a set.</p>","bottoms:pants, loop, loungewear, pants","REPLACE","173","Pants","Apparel & Accessories > Clothing > Pants","bottoms","shop, discount-collection, shop-2, shop-3, pants, loungewear","","","","","","<p><br></p><p><br></p><p><strong>Size &amp; Fit Information</strong></p><ul><li>Fits true to size, take your normal size</li><li>Designed for a loose fit</li><li>50% cotton, 50% modal</li><li>Model is 177 cm/5&#39;10&quot; and is wearing a size S</li><li>Inseam 33 &frac14;&nbsp;</li><li><span style=""font-size:11pt;font-family:Arial;color:#454545;background-color:transparent;font-weight:400;font-style:normal;font-variant:normal;text-decoration:none;vertical-align:baseline;white-space:pre;white-space:pre-wrap;"">Machine wash cold. Non-chlorine bleach. Tumble dry low. Cool iron. Do not dry clean.&nbsp;</span></li></ul>","","","","","",""
"6860514099246","long-sleeve-crewneck-dress-maxi-sand","MERGE","Long Sleeve Crewneck Maxi Dress Sand","<h6>WHY WE LOVE IT</h6>
<p>Cut from a butter soft ribbed cotton and modal blend, our maxi crewneck is form-fitting, ultra flattering and lightweight. This maxi dress is the perfect day to night essential.</p>
<p>Style with your favorite oversized blazer and a pair of knee high boots.<br></p>","archive, dresses, dresses:maxi, Final Sale, loop, new_in: 2023-01-17","REPLACE","160","Dresses","Apparel & Accessories > Clothing > Dresses","dresses-2, sale, migration","shop, discount-collection, shop-2, shop-3, dresses, dresses-1","","","","","","<p><br></p><p><br></p><p><strong>Size &amp; Fit Information</strong></p><ul><li>Fits true to size, take your normal size</li><li>Designed for a slim fit&nbsp;</li><li>48% Cotton 48% Modal 4% Spandex</li><li>Model is 177 cm/5&#39;10&quot; and is wearing a size S</li><li>Machine wash cold. Non-chlorine bleach. Tumble dry low. Cool iron. Do not dry clean.&nbsp;</li></ul>","","","","","",""
"6861625655342","tank-dress-mini-earth","MERGE","Tank Mini Dress Earth","<p> </p>
<h6>WHY WE LOVE IT</h6>
<div>
<p dir=""ltr""><span>Éterne's tank mini dress is crafted from a butter soft ribbed cotton and modal blend, offering a slim fit and a mini length—a versatile essential for everyday wear.</span></p>
</div>
<p><span>Style with your favorite oversized blazer and a pair of knee high boots, or over your bikini as the perfect summer coverup.</span></p>
<div></div>","dresses, dresses:mini, loop","REPLACE","160","Dresses","Apparel & Accessories > Clothing > Dresses","dresses-2","shop, discount-collection, shop-2, shop-3, dresses, dresses-1","","","","","","<p><br></p><p><br></p><p><strong>Size &amp; Fit Information</strong></p><ul><li>Fits true to size, take your normal size</li><li>Designed for a slim fit&nbsp;</li><li>48% Cotton 48% Modal 4% Spandex</li><li>Model is 177 cm/5&#39;10&quot; and is wearing a size S</li><li>Machine wash cold. Non-chlorine bleach. Tumble dry low. Cool iron. Do not dry clean.&nbsp;</li></ul>","","","","","",""
"6861625720878","tank-dress-mini-oat","MERGE","Tank Mini Dress Oat","<p> </p>
<h6>WHY WE LOVE IT</h6>
<div>
<p dir=""ltr""><span>Éterne's tank mini dress is crafted from a butter soft ribbed cotton and modal blend, offering a slim fit and a mini length—a versatile essential for everyday wear.</span></p>
</div>
<p><span>Style with your favorite oversized blazer and a pair of knee high boots, or over your bikini as the perfect summer coverup.</span></p>
<div></div>","archive, dresses, dresses:mini, Final Sale, new_in: 2023-03-07","REPLACE","160","Dresses","Apparel & Accessories > Clothing > Dresses","dresses-2, sale","shop, discount-collection, shop-2, shop-3, dresses, dresses-1","","","","","","<p><br></p><p><br></p><p><strong>Size &amp; Fit Information</strong></p><ul><li>Fits true to size, take your normal size</li><li>Designed for a slim fit&nbsp;</li><li>48% Cotton 48% Modal 4% Spandex</li><li>Model is 177 cm/5&#39;10&quot; and is wearing a size S</li><li>Machine wash cold. Non-chlorine bleach. Tumble dry low. Cool iron. Do not dry clean.&nbsp;</li></ul><p><strong>Final Sale</strong></p><ul><li>This item is FINAL SALE and not eligible for a refund, exchange, or store credit.</li></ul>","","","","","",""
"6861625786414","tank-dress-mini-olive","MERGE","Tank Mini Dress Olive","<h6>WHY WE LOVE IT</h6>
Cut from a butter soft ribbed cotton and modal blend, our mini tank dress is form-fitting, ultra flattering and lightweight. This tank dress is the perfect everyday summer essential.<br><br>Style with your favorite oversized blazer and a pair of knee high boots, or over your bikini as the perfect summer coverup.<br>","archive, dresses, dresses:mini, Final Sale, loop, new_in: 2023-05-09","REPLACE","160","Dresses","Apparel & Accessories > Clothing > Dresses","dresses-2, sale","shop, discount-collection, shop-2, shop-3, dresses, dresses-1","","","","","","<p><br></p><p><br></p><p><strong>Size &amp; Fit Information</strong></p><ul><li>Fits true to size, take your normal size</li><li>Designed for a slim fit&nbsp;</li><li>48% Cotton 48% Modal 4% Spandex</li><li>Model is 177 cm/5&#39;10&quot; and is wearing a size S</li><li>Machine wash cold. Non-chlorine bleach. Tumble dry low. Cool iron. Do not dry clean.</li></ul><p><strong>Final Sale</strong></p><ul><li>This item is FINAL SALE and not eligible for a refund, exchange, or store credit.</li></ul><p>&nbsp;</p>","","","","","",""
"6861625851950","tank-dress-mini-sand","MERGE","Tank Mini Dress Sand","<p> </p>
<h6>WHY WE LOVE IT</h6>
<p><span>Cut from a butter soft ribbed cotton and modal blend, our mini tank dress is form-fitting, ultra flattering and lightweight. This tank dress is the perfect everyday summer essential.</span></p>
<p><span>Style with your favorite oversized blazer and a pair of knee high boots, or over your bikini as the perfect summer coverup.</span></p>
<div></div>","archive, dresses:mini, Final Sale, loop, new_in: 2023-06-30","REPLACE","160","Dresses","Apparel & Accessories > Clothing > Dresses","dresses-2, sale","shop, discount-collection, shop-2, shop-3","","","","","","<p><br></p><p><br></p><p><strong>Size &amp; Fit Information</strong></p><ul><li>Fits true to size, take your normal size</li><li>Designed for a slim fit&nbsp;</li><li>48% Cotton 48% Modal 4% Spandex</li><li>Model is 177 cm/5&#39;10&quot; and is wearing a size S</li><li>Machine wash cold. Non-chlorine bleach. Tumble dry low. Cool iron. Do not dry clean.&nbsp;</li></ul>","","","","","",""
"6861625884718","tank-dress-maxi-chocolate","MERGE","Tank Maxi Dress Chocolate","<meta charset=""utf-8"">
<h6>WHY WE LOVE IT</h6>
<p><span>Éterne's tank maxi dress is crafted from a butter soft ribbed cotton and modal blend, offering a slim fit and a maxi length—a versatile essential for everyday wear.</span></p>
<p><span>Style with your favorite oversized blazer and a pair of knee high boots, or over your bikini as the perfect summer cover-up.</span></p>","dresses, dresses:maxi, loop","REPLACE","160","Dresses","Apparel & Accessories > Clothing > Dresses","dresses-2","shop, discount-collection, shop-2, shop-3, dresses, dresses-1","","","","","","<p><br></p><p><br></p><p><strong>Size &amp; Fit Information</strong></p><ul><li>Fits true to size, take your normal size</li><li>Designed for a slim fit&nbsp;</li><li>48% Cotton 48% Modal 4% Spandex</li><li>Model is 177 cm/5&#39;10&quot; and is wearing a size S</li><li>Machine wash cold. Non-chlorine bleach. Tumble dry low. Cool iron. Do not dry clean.</li></ul>","","","","","",""
"6861625983022","tank-dress-maxi-earth","MERGE","Tank Maxi Dress Earth","<meta charset=""utf-8"">
<h6>WHY WE LOVE IT</h6>
<p><span>Éterne's tank maxi dress is crafted from a butter soft ribbed cotton and modal blend, offering a slim fit and a maxi length—a versatile essential for everyday wear.</span></p>
<p><span>Style with your favorite oversized blazer and a pair of knee high boots, or over your bikini as the perfect summer cover-up.</span></p>","dresses, dresses:maxi, loop","REPLACE","160","Dresses","Apparel & Accessories > Clothing > Dresses","dresses-2","shop, discount-collection, shop-2, shop-3, dresses, dresses-1","","","","","","<p><br></p><p><br></p><p><strong>Size &amp; Fit Information</strong></p><ul><li>Fits true to size, take your normal size</li><li>Designed for a slim fit&nbsp;</li><li>48% Cotton 48% Modal 4% Spandex</li><li>Model is 177 cm/5&#39;10&quot; and is wearing a size S</li><li>Machine wash cold. Non-chlorine bleach. Tumble dry low. Cool iron. Do not dry clean.&nbsp;</li></ul>","","","","","",""
"6861626048558","tank-dress-maxi-olive","MERGE","Tank Maxi Dress Olive","<h6>WHY WE LOVE IT</h6>
<p>Cut from a butter soft ribbed cotton and modal blend, our maxi tank dress is form-fitting, ultra flattering and lightweight. This tank dress is the perfect day to night essential.</p>
<p>Style with your favorite oversized blazer and a pair of knee high boots, or over your bikini as the perfect summer cover-up.</p>","archive, dresses, dresses:maxi, Final Sale, loop, new_in: 2023-02-28","REPLACE","160","Dresses","Apparel & Accessories > Clothing > Dresses","dresses-2, sale","shop, discount-collection, shop-2, shop-3, dresses, dresses-1","","","","","","<p><br></p><p><br></p><p><strong>Size &amp; Fit Information</strong></p><ul><li>Fits true to size, take your normal size</li><li>Designed for a slim fit&nbsp;</li><li>48% Cotton 48% Modal 4% Spandex</li><li>Model is 177 cm/5&#39;10&quot; and is wearing a size S</li><li>Machine wash cold. Non-chlorine bleach. Tumble dry low. Cool iron. Do not dry clean.&nbsp;</li></ul><p><strong>Final Sale</strong></p><ul><li>This item is FINAL SALE and not eligible for a refund, exchange, or store credit.</li></ul>","","","","","",""
"6861626114094","tank-dress-maxi-sand","MERGE","Tank Maxi Dress Sand","<meta charset=""utf-8"">
<h6>WHY WE LOVE IT</h6>
<p><span>Cut from a butter soft ribbed cotton and modal blend, our maxi tank dress is form-fitting, ultra flattering and lightweight. This tank dress is the perfect day to night essential.</span></p>
<p><span>Style with your favorite oversized blazer and a pair of knee high boots, or over your bikini as the perfect summer cover-up.</span></p>","archive, dresses:maxi, Final Sale, loop, new_in: 2023-02-07","REPLACE","127","Clothing","Apparel & Accessories > Clothing","dresses-2, sale","shop, discount-collection, shop-2, shop-3","","","","","","<p><br></p><p><br></p><p><strong>Size &amp; Fit Information</strong></p><ul><li>Fits true to size, take your normal size</li><li>Designed for a slim fit&nbsp;</li><li>48% Cotton 48% Modal 4% Spandex</li><li>Model is 177 cm/5&#39;10&quot; and is wearing a size S</li><li>Machine wash cold. Non-chlorine bleach. Tumble dry low. Cool iron. Do not dry clean.&nbsp;</li></ul>","","","","","",""
"6861626212398","tank-dress-maxi-oat","MERGE","Tank Maxi Dress Oat","<h6>WHY WE LOVE IT</h6>
<p>Cut from a butter soft ribbed cotton and modal blend, our maxi tank dress is form-fitting, ultra flattering and lightweight. This tank dress is the perfect day to night essential.</p>
<p>Style with your favorite oversized blazer and a pair of knee high boots, or over your bikini as the perfect summer cover-up.</p>","archive, dresses:maxi, Final Sale, loop, new_in: 2023-03-07","REPLACE","160","Dresses","Apparel & Accessories > Clothing > Dresses","dresses-2, sale","shop, discount-collection, shop-2, shop-3","","","","","","<p><br></p><p><br></p><p><strong>Size &amp; Fit Information</strong></p><ul><li>Fits true to size, take your normal size</li><li>Designed for a slim fit&nbsp;</li><li>48% Cotton 48% Modal 4% Spandex</li><li>Model is 177 cm/5&#39;10&quot; and is wearing a size S</li><li>Machine wash cold. Non-chlorine bleach. Tumble dry low. Cool iron. Do not dry clean.&nbsp;</li></ul><p><strong>Final Sale</strong></p><ul><li>This item is FINAL SALE and not eligible for a refund, exchange, or store credit.</li></ul>","","","","","",""
"6861626277934","long-sleeve-crewneck-dress-mini-chocolate","MERGE","Long Sleeve Crewneck Mini Dress Chocolate","<meta charset=""utf-8"">
<h6>WHY WE LOVE IT</h6>
<p>Éterne's long sleeve crewneck mini dress is crafted from a butter soft ribbed cotton and modal blend, offering a slim fit and a mini length—a versatile essential for everyday wear.<br></p>
<p>Style with your favorite oversized blazer or a pair of high knee boots.</p>","dresses, dresses:mini, loop","REPLACE","160","Dresses","Apparel & Accessories > Clothing > Dresses","dresses-2, migration","shop, discount-collection, shop-2, shop-3, dresses, dresses-1","","","","","","<p><br></p><p><br></p><p><strong>Size &amp; Fit Information</strong></p><ul><li>Fits true to size, take your normal size</li><li>Designed for a slim fit&nbsp;</li><li>48% Cotton 48% Modal 4% Spandex</li><li>Model is 177 cm/5&#39;10&quot; and is wearing a size S</li><li>Machine wash cold. Non-chlorine bleach. Tumble dry low. Cool iron. Do not dry clean.&nbsp;</li></ul>","","","","","",""
"6861626376238","long-sleeve-crewneck-dress-mini-oat","MERGE","Long Sleeve Crewneck Mini Dress Oat","","loop","REPLACE","160","Dresses","Apparel & Accessories > Clothing > Dresses","migration","shop, discount-collection, shop-2, shop-3","","","","","","","","","","","",""
"6861626441774","long-sleeve-crewneck-dress-mini-sand","MERGE","Long Sleeve Crewneck Mini Dress Sand","","archive, loop","REPLACE","160","Dresses","Apparel & Accessories > Clothing > Dresses","migration","shop, discount-collection, shop-2, shop-3","","","","","","","","","","","",""
"6861626507310","long-sleeve-crewneck-dress-maxi-chocolate","MERGE","Long Sleeve Crewneck Maxi Dress Chocolate","<h6>WHY WE LOVE IT</h6>
<p>Éterne's long sleeve crewneck maxi dress is crafted from a butter soft ribbed cotton and modal blend, offering a slim fit and a maxi length—a versatile essential for everyday wear.</p>
<p>Style with your favorite oversized blazer and a pair of knee high boots.<br></p>","dresses, dresses:maxi, loop","REPLACE","160","Dresses","Apparel & Accessories > Clothing > Dresses","dresses-2, migration","shop, discount-collection, shop-2, shop-3, dresses, dresses-1","","","","","","<p><br></p><p><br></p><p><strong>Size &amp; Fit Information</strong></p><ul><li>Fits true to size, take your normal size</li><li>Designed for a slim fit&nbsp;</li><li>48% Cotton 48% Modal 4% Spandex</li><li>Model is 177 cm/5&#39;10&quot; and is wearing a size S</li><li>Machine wash cold. Non-chlorine bleach. Tumble dry low. Cool iron. Do not dry clean.&nbsp;</li></ul>","","","","","",""
"6861626605614","long-sleeve-crewneck-dress-maxi-earth","MERGE","Long Sleeve Crewneck Maxi Dress Earth","<h6>WHY WE LOVE IT</h6>
<p>Éterne's long sleeve crewneck maxi dress is crafted from a butter soft ribbed cotton and modal blend, offering a slim fit and a maxi length—a versatile essential for everyday wear.</p>
<p>Style with your favorite oversized blazer and a pair of knee high boots.<br></p>","dresses, dresses:maxi, loop","REPLACE","160","Dresses","Apparel & Accessories > Clothing > Dresses","dresses-2, migration","shop, discount-collection, shop-2, shop-3, dresses, dresses-1","","","","","","<p><br></p><p><br></p><p><strong>Size &amp; Fit Information</strong></p><ul><li>Fits true to size, take your normal size</li><li>Designed for a slim fit&nbsp;</li><li>48% Cotton 48% Modal 4% Spandex</li><li>Model is 177 cm/5&#39;10&quot; and is wearing a size S</li><li>Machine wash cold. Non-chlorine bleach. Tumble dry low. Cool iron. Do not dry clean.&nbsp;</li></ul>","","","","","",""
"6861626671150","long-sleeve-crewneck-dress-maxi-oat","MERGE","Long Sleeve Crewneck Maxi Dress Oat","","loop","REPLACE","160","Dresses","Apparel & Accessories > Clothing > Dresses","migration","shop, discount-collection, shop-2, shop-3","","","","","","","","","","","",""
"6861626736686","long-sleeve-turtleneck-dress-mini-chocolate","MERGE","Long Sleeve Turtleneck Mini Dress Chocolate","<meta charset=""utf-8"">
<h6>WHY WE LOVE IT</h6>
<p>Cut from a butter soft ribbed cotton and modal blend, our mini turtleneck dress is form-fitting, ultra flattering and lightweight. This mini dress is the perfect day to night essential.</p>
<p>Style with your favorite oversized blazer or a pair of high knee boots.</p>","dresses, dresses:mini, loop","REPLACE","160","Dresses","Apparel & Accessories > Clothing > Dresses","dresses-2, migration","shop, discount-collection, shop-2, shop-3, dresses, dresses-1","","","","","","<p><br></p><p><br></p><p><strong>Size &amp; Fit Information</strong></p><ul><li>Fits true to size, take your normal size</li><li>Designed for a slim fit&nbsp;</li><li>48% Cotton 48% Modal 4% Spandex</li><li>Model is 177 cm/5&#39;10&quot; and is wearing a size S</li><li>Machine wash cold. Non-chlorine bleach. Tumble dry low. Cool iron. Do not dry clean.&nbsp;</li></ul>","","","","","",""
"6861626802222","long-sleeve-turtleneck-dress-maxi-earth","MERGE","Long Sleeve Turtleneck Maxi Dress Earth","<h6>WHY WE LOVE IT</h6>
Cut from a butter soft ribbed cotton and modal blend, our maxi turtleneck dress is form-fitting, ultra flattering and lightweight. This maxi dress is the perfect day to night essential.<br><br>Style with your favorite oversized blazer and a pair of knee high boots.","dresses, dresses:maxi, loop","REPLACE","160","Dresses","Apparel & Accessories > Clothing > Dresses","dresses-2, migration","shop, discount-collection, shop-2, shop-3, dresses, dresses-1","","","","","","<p><br></p><p><br></p><p><strong>Size &amp; Fit Information</strong></p><ul><li>Fits true to size, take your normal size</li><li>Designed for a slim fit&nbsp;</li><li>48% Cotton 48% Modal 4% Spandex</li><li>Model is 177 cm/5&#39;10&quot; and is wearing a size S</li><li>Machine wash cold. Non-chlorine bleach. Tumble dry low. Cool iron. Do not dry clean.&nbsp;</li></ul>","","","","","",""
"6861626867758","long-sleeve-turtleneck-dress-maxi-sand","MERGE","Long Sleeve Turtleneck Maxi Dress Sand","<h6>WHY WE LOVE IT</h6>
Cut from a butter soft ribbed cotton and modal blend, our maxi turtleneck dress is form-fitting, ultra flattering and lightweight. This maxi dress is the perfect day to night essential.<br><br>Style with your favorite oversized blazer and a pair of knee high boots.","archive, dresses:maxi, Final Sale, loop, new_in: 2023-03-21","REPLACE","160","Dresses","Apparel & Accessories > Clothing > Dresses","dresses-2, sale, migration","shop, discount-collection, shop-2, shop-3","","","","","","<p><br></p><p><br></p><p><strong>Size &amp; Fit Information</strong></p><ul><li>Fits true to size, take your normal size</li><li>Designed for a slim fit&nbsp;</li><li>48% Cotton 48% Modal 4% Spandex</li><li>Model is 177 cm/5&#39;10&quot; and is wearing a size S</li><li>Machine wash cold. Non-chlorine bleach. Tumble dry low. Cool iron. Do not dry clean.&nbsp;</li></ul>","","","","","",""
"6861626933294","short-sleeve-baby-tee-chocolate","MERGE","Short Sleeve Baby Tee Chocolate","","loop","REPLACE","174","Shirts & Tops","Apparel & Accessories > Clothing > Shirts & Tops","","shop, discount-collection, shop-2, shop-3","","","","","","","","","","","",""
"6861626998830","short-sleeve-baby-tee-oat","MERGE","Short Sleeve Baby Tee Oat","<h6>WHY WE LOVE IT</h6>
<p>Cut from a lightweight cotton and modal blend, our short sleeve baby tee features a shrunken slim fit and a thin-lined crewneck. This t-shirt is a perfect everyday essential. </p>
<p>Style with your favorite pair of jeans, leather pants, layered under an oversized blazer, or paired with <a href=""https://eterne.com/products/lounge-pant-oat"">Éterne's lounge pants</a> as a set. </p>","archive, Final Sale, loungewear, new_in: 2023-04-04, tops:s/s","REPLACE","174","Shirts & Tops","Apparel & Accessories > Clothing > Shirts & Tops","t-shirt-collection-2, sale","shop, discount-collection, shop-2, shop-3, loungewear","","","","","","<p><br></p><p><br></p><p><strong>Size &amp; Fit Information</strong></p><ul><li>Fits true to size, take your normal size</li><li>Designed for a slim fit&nbsp;</li><li>50% Cotton 50% Modal&nbsp;</li><li>Model is 177 cm/5&#39;10&quot; and is wearing a size S</li><li>Machine wash cold. Non-chlorine bleach. Tumble dry low. Cool iron. Do not dry clean.&nbsp;</li></ul><p><strong>Final Sale</strong></p><ul><li>This item is FINAL SALE and not eligible for a refund, exchange, or store credit.</li></ul>","","","","","",""
"6861627064366","short-sleeve-baby-tee-olive","MERGE","Short Sleeve Baby Tee Olive","<meta charset=""utf-8"">
<h6>WHY WE LOVE IT</h6>
<p>Cut from a lightweight cotton and modal blend, our short sleeve baby tee features a shrunken slim fit and a thin-lined crewneck. This t-shirt is a perfect everyday essential. </p>
<p>Style with your favorite pair of jeans, leather pants, layered under an oversized blazer, or paired with <a href=""https://eterne.com/products/lounge-pant-olive"">Éterne's lounge pants</a> as a set. </p>","","REPLACE","174","Shirts & Tops","Apparel & Accessories > Clothing > Shirts & Tops","","shop, discount-collection, shop-2, shop-3","","","","","","<p><br></p><p><br></p><p><strong>Size &amp; Fit Information</strong></p><ul><li>Fits true to size, take your normal size</li><li>Designed for a slim fit&nbsp;</li><li>50% Cotton 50% Modal&nbsp;</li><li>Model is 177 cm/5&#39;10&quot; and is wearing a size S</li><li>Machine wash cold. Non-chlorine bleach. Tumble dry low. Cool iron. Do not dry clean.&nbsp;</li></ul><p><strong>Final Sale</strong></p><ul><li>This item is FINAL SALE and not eligible for a refund, exchange, or store credit.</li></ul>","","","","","",""
"6861627129902","short-sleeve-baby-tee-sand","MERGE","Short Sleeve Baby Tee Sand","<h6>WHY WE LOVE IT</h6>
<p>Cut from a lightweight cotton and modal blend, our short sleeve baby tee features a shrunken slim fit and a thin-lined crewneck. This t-shirt is a perfect everyday essential. </p>
<p>Style with your favorite pair of jeans, leather pants, layered under an oversized blazer, or paired with <a href=""https://eterne.com/products/lounge-pant-sand"">Éterne's lounge pants</a> as a set. </p>","archive, Final Sale, new_in: 2021-02-21, tops:s/s, tops:t-shirt","REPLACE","174","Shirts & Tops","Apparel & Accessories > Clothing > Shirts & Tops","t-shirt-styles, sale","shop, discount-collection, shop-2, shop-3","","","","","","<p><br></p><p><br></p><p><strong>Size &amp; Fit Information</strong></p><ul><li>Fits true to size, take your normal size</li><li>Designed for a slim fit&nbsp;</li><li>50% Cotton 50% Modal&nbsp;</li><li>Model is 177 cm/5&#39;10&quot; and is wearing a size S</li><li>Machine wash cold. Non-chlorine bleach. Tumble dry low. Cool iron. Do not dry clean.&nbsp;</li></ul>","","","","","",""
"6861627195438","short-sleeve-boyfriend-t-shirt-chocolate","MERGE","Short Sleeve Boyfriend T-Shirt Chocolate","","loop","REPLACE","174","Shirts & Tops","Apparel & Accessories > Clothing > Shirts & Tops","migration","shop, discount-collection, shop-2, shop-3","","","","","","","","","","","",""
"6861627228206","short-sleeve-boyfriend-t-shirt-oat","MERGE","Short Sleeve Boyfriend T-Shirt Oat","","loop","REPLACE","174","Shirts & Tops","Apparel & Accessories > Clothing > Shirts & Tops","migration","shop, discount-collection, shop-2, shop-3","","","","","","","","","","","",""
"6861627260974","short-sleeve-boyfriend-t-shirt-olive","MERGE","Short Sleeve Boyfriend T-Shirt Olive","","loop","REPLACE","174","Shirts & Tops","Apparel & Accessories > Clothing > Shirts & Tops","migration","shop, discount-collection, shop-2, shop-3","","","","","","","","","","","",""
"6861627293742","short-sleeve-boyfriend-t-shirt-sand","MERGE","Short Sleeve Boyfriend T-Shirt Sand","<h6>WHY WE LOVE IT</h6>
<p>Cut from a lightweight cotton and modal blend, our short sleeve boyfriend tee features a relaxed loose fit with an unfinished raw edge neckline detail. This t-shirt is the perfect everyday essential. </p>
<p>Style with your favorite pair of jeans, leather pants, layered under an oversized blazer, or paired with Éterne's lounge pants as a set. </p>","archive, Final Sale, loop, loungewear, new_in: 2023-07-21, t-shirt, tops:t-shirt","REPLACE","174","Shirts & Tops","Apparel & Accessories > Clothing > Shirts & Tops","t-shirt-styles, sale, migration","shop, discount-collection, shop-2, shop-3, t-shirts, loungewear","","","","","","<p><br></p><p><br></p><p><strong>Size &amp; Fit Information</strong></p><ul><li>Fits true to size, take your normal size</li><li>Designed for a loose fit</li><li>50% Cotton 50% Modal&nbsp;</li><li>Model is 177 cm/5&#39;10&quot; and is wearing a size S</li><li>Machine wash cold. Non-chlorine bleach. Tumble dry low. Cool iron. Do not dry clean.&nbsp;</li></ul>","","","","","",""
"6861627326510","long-sleeve-boyfriend-t-shirt-chocolate","MERGE","Long Sleeve Boyfriend T-Shirt Chocolate","","loop","REPLACE","174","Shirts & Tops","Apparel & Accessories > Clothing > Shirts & Tops","migration","shop, discount-collection, shop-2, shop-3","","","","","","","","","","","",""
"6861627359278","long-sleeve-boyfriend-t-shirt-oat","MERGE","Long Sleeve Boyfriend T-Shirt Oat","","loop","REPLACE","174","Shirts & Tops","Apparel & Accessories > Clothing > Shirts & Tops","migration","shop, discount-collection, shop-2, shop-3","","","","","","","","","","","",""
"6861627424814","long-sleeve-boyfriend-t-shirt-olive","MERGE","Long Sleeve Boyfriend T-Shirt Olive","","loop","REPLACE","174","Shirts & Tops","Apparel & Accessories > Clothing > Shirts & Tops","migration","shop, discount-collection, shop-2, shop-3","","","","","","","","","","","",""
"6861627523118","long-sleeve-boyfriend-t-shirt-sand","MERGE","Long Sleeve Boyfriend T-Shirt Sand","<h6>WHY WE LOVE IT</h6>
<p>Cut from lightweight cotton and modal blend, our long sleeve boyfriend tee features a relaxed loose fit, unfinished raw edge neckline detail along with Éterne's signature extra long sleeves. </p>
<p>Style with your favorite pair of jeans, leather pants, layered under an oversized blazer, or paired with Éterne's lounge pant as a set. </p>","archive, Final Sale, loungewear, new_in: 2023-05-19, t-shirt, tops:l/s, tops:t-shirt","REPLACE","174","Shirts & Tops","Apparel & Accessories > Clothing > Shirts & Tops","t-shirt-collection-2, t-shirt-styles, sale, migration","shop, discount-collection, shop-2, shop-3, t-shirts, loungewear","","","","","","<p><br></p><p><br></p><p><strong>Size &amp; Fit Information</strong></p><ul><li>Fits true to size, take your normal size</li><li>Designed for a loose fit</li><li>50% Cotton / 50% Modal&nbsp;</li><li>Model is 177 cm/5&#39;10&quot; and is wearing a size S</li><li>Machine wash cold. Non-chlorine bleach. Tumble dry low. Cool iron. Do not dry clean.&nbsp;</li></ul>","","","","","",""
"6861627654190","rib-tank-chocolate","MERGE","Rib Tank Chocolate","","loop","REPLACE","174","Shirts & Tops","Apparel & Accessories > Clothing > Shirts & Tops","","shop, discount-collection, shop-2, shop-3","","","","","","","","","","","",""
"6861627752494","rib-tank-oat","MERGE","Rib Tank Oat","<h6>WHY WE LOVE IT</h6>
<p>Cut from a lightweight cotton 100% rib fabric, our ribbed tank features a slim fit with its flattering thin tank straps and vintage-inspired neckline. </p>
<p>Style with your favorite pair of jeans, leather pants, layered under an oversized blazer or under a pantsuit. </p>","Archive, Final Sale, loungewear, new_in: 2023-08-01, tank, tank top, tank tops, tops:tanks","REPLACE","174","Shirts & Tops","Apparel & Accessories > Clothing > Shirts & Tops","tank-styles, sale, migration","shop, discount-collection, shop-2, shop-3, tank-tops, loungewear","","","","","","<p><br></p><p><br></p><p><strong>Size &amp; Fit Information</strong></p><ul><li>Fits true to size, take your normal size</li><li>Designed for a slim fit</li><li>100% cotton</li><li>Model is 177 cm/5&#39;10&quot; and is wearing a size S</li><li>Machine wash cold. Non-chlorine bleach. Tumble dry low. Cool iron. Do not dry clean.&nbsp;</li></ul><p><strong>Final Sale</strong></p><ul><li>This item is FINAL SALE and not eligible for a refund, exchange, or store credit.</li></ul>","","","","","",""
"6861627818030","rib-tank-olive","MERGE","Rib Tank Olive","<h6>WHY WE LOVE IT</h6>
<p>Cut from a lightweight cotton 100% rib fabric, our ribbed tank features a slim fit with its flattering thin tank straps and vintage-inspired neckline. </p>
<p>Style with your favorite pair of jeans, leather pants, layered under an oversized blazer or under a pantsuit. </p>","archive, Final Sale, new_in: 2023-05-05, tank, tank top, tank tops, tops:tanks","REPLACE","174","Shirts & Tops","Apparel & Accessories > Clothing > Shirts & Tops","tank-styles, sale, migration","shop, discount-collection, shop-2, shop-3, tank-tops","","","","","","<p><br></p><p><br></p><p><strong>Size &amp; Fit Information</strong></p><ul><li>Fits true to size, take your normal size</li><li>Designed for a slim fit</li><li>100% cotton</li><li>Model is 177 cm/5&#39;10&quot; and is wearing a size S</li><li>Machine wash cold. Non-chlorine bleach. Tumble dry low. Cool iron. Do not dry clean.&nbsp;</li></ul><p><strong>Final Sale</strong></p><ul><li>This item is FINAL SALE and not eligible for a refund, exchange, or store credit.</li></ul>","","","","","",""
"6861627916334","rib-tank-sand","MERGE","Rib Tank Sand","<meta charset=""utf-8"">
<h6>WHY WE LOVE IT</h6>
<p>Cut from a lightweight cotton 100% rib fabric, our ribbed tank features a slim fit with its flattering thin tank straps and vintage-inspired neckline. </p>
<p>Style with your favorite pair of jeans, leather pants, layered under an oversized blazer or under a pantsuit. </p>","archive, Final Sale, new_in: 2023-05-05, tank, tank top, tank tops, tops:tanks","REPLACE","127","Clothing","Apparel & Accessories > Clothing","tank-styles, sale, migration","shop, discount-collection, shop-2, shop-3, tank-tops","","","","","","<p><br></p><p><br></p><p><strong>Size &amp; Fit Information</strong></p><ul><li>Fits true to size, take your normal size</li><li>Designed for a slim fit</li><li>100% cotton</li><li>Model is 177 cm/5&#39;10&quot; and is wearing a size S</li><li>Machine wash cold. Non-chlorine bleach. Tumble dry low. Cool iron. Do not dry clean.&nbsp;</li></ul>","","","","","",""
"6861627981870","rib-tank-earth","MERGE","Rib Tank Earth","<meta charset=""utf-8"">
<h6>WHY WE LOVE IT</h6>
<p>Cut from a lightweight cotton 100% rib fabric, our ribbed tank features a slim fit with its flattering thin tank straps and vintage-inspired neckline. </p>
<p>Style with your favorite pair of jeans, leather pants, layered under an oversized blazer or under a pantsuit. </p>","loop","REPLACE","174","Shirts & Tops","Apparel & Accessories > Clothing > Shirts & Tops","tank-styles","shop, discount-collection, shop-2, shop-3","","","","","","<p><br></p><p><br></p><p><strong>Size &amp; Fit Information</strong></p><ul><li>Fits true to size, take your normal size</li><li>Designed for a slim fit</li><li>100% cotton</li><li>Model is 177 cm/5&#39;10&quot; and is wearing a size S</li><li>Machine wash cold. Non-chlorine bleach. Tumble dry low. Cool iron. Do not dry clean.&nbsp;</li></ul>","","","","","",""
"6861628047406","cropped-scoop-neck-tank-earth","MERGE","Cropped Scoop Neck Tank Earth","<h6>WHY WE LOVE IT</h6>
<p>Cut from a lightweight 100% cotton ribbed fabric, our cropped scoop neck tank features a flattering slim fit cropped at the waist with its meticulously measured scoop neck. It is the ultimate everyday basic.</p>
<p><meta charset=""utf-8"">Style with your favorite pair of jeans, leather pants, layered under an oversized blazer, or pair with Éterne's <a href=""https://eterne.com/products/lounge-pant-earth"">lounge pant</a> as a set.</p>","archive, Final Sale, new_in: 2023-04-26, tank, tank top, tank tops, tops:tanks","REPLACE","174","Shirts & Tops","Apparel & Accessories > Clothing > Shirts & Tops","tank-styles, sale, migration","shop, discount-collection, shop-2, shop-3, tank-tops","","","","","","<p><br></p><p><br></p><p><strong>Size &amp; Fit Information</strong></p><ul><li>Fits true to size, take your normal size</li><li>Designed for a slim fit</li><li>48% cotton, 48% modal, 4% spandex</li><li>Model is 177 cm/5&#39;10&quot; and is wearing a size S</li><li>Machine wash cold. Non-chlorine bleach. Tumble dry low. Cool iron. Do not dry clean.&nbsp;</li></ul>","","","","","",""
"6861628112942","cropped-scoop-neck-tank-chocolate","MERGE","Cropped Scoop Neck Tank Chocolate","","loop","REPLACE","174","Shirts & Tops","Apparel & Accessories > Clothing > Shirts & Tops","migration","shop, discount-collection, shop-2, shop-3","","","","","","","","","","","",""
"6861628178478","cropped-scoop-neck-tank-oat","MERGE","Cropped Scoop Neck Tank Oat","","loop","REPLACE","174","Shirts & Tops","Apparel & Accessories > Clothing > Shirts & Tops","migration","shop, discount-collection, shop-2, shop-3","","","","","","","","","","","",""
"6861628244014","cropped-scoop-neck-tank-olive","MERGE","Cropped Scoop Neck Tank Olive","<h6>WHY WE LOVE IT</h6>
<p>Cut from a lightweight 100% cotton ribbed fabric, our cropped scoop neck tank features a flattering slim fit cropped at the waist with its meticulously measured scoop neck. It is the ultimate everyday basic.</p>
<p><meta charset=""utf-8"">Style with your favorite pair of jeans, leather pants, layered under an oversized blazer, or pair with Éterne's <a href=""https://eterne.com/products/lounge-pant-olive"">lounge pant</a> as a set.</p>","archive, Final Sale, new_in: 2023-03-14, tank, tank top, tank tops, tops:tanks","REPLACE","174","Shirts & Tops","Apparel & Accessories > Clothing > Shirts & Tops","tank-styles, sale, migration","shop, discount-collection, shop-2, shop-3, tank-tops","","","","","","<p><br></p><p><br></p><p><strong>Size &amp; Fit Information</strong></p><ul><li>Fits true to size, take your normal size</li><li>Designed for a slim fit</li><li>48% cotton, 48% modal, 4% spandex</li><li>Model is 177 cm/5&#39;10&quot; and is wearing a size S</li><li>Machine wash cold. Non-chlorine bleach. Tumble dry low. Cool iron. Do not dry clean.&nbsp;</li></ul><p><strong>Final Sale</strong></p><ul><li>This item is FINAL SALE and not eligible for a refund, exchange, or store credit.</li></ul>","","","","","",""
"6861628309550","cropped-scoop-neck-tank-sand","MERGE","Cropped Scoop Neck Tank Sand","<p>Cut from a lightweight 100% cotton ribbed fabric, our cropped scoop neck tank features a flattering slim fit cropped at the waist with its meticulously measured scoop neck. It is the ultimate everyday basic.</p>
<p><meta charset=""utf-8"">Style with your favorite pair of jeans, leather pants, layered under an oversized blazer, or pair with Éterne's <a href=""https://eterne.com/products/lounge-pant-sand"">lounge pant</a> as a set.</p>","archive, Final Sale, loungewear, new_in: 2023-02-21, tank, tank top, tank tops, tops:tanks","REPLACE","174","Shirts & Tops","Apparel & Accessories > Clothing > Shirts & Tops","tank-styles, sale, migration","shop, discount-collection, shop-2, shop-3, tank-tops, loungewear","","","","","","<p><br></p><p><br></p><p><strong>Size &amp; Fit Information</strong></p><ul><li>Fits true to size, take your normal size</li><li>Designed for a slim fit</li><li>48% cotton, 48% modal, 4% spandex</li><li>Model is 177 cm/5&#39;10&quot; and is wearing a size S</li><li>Machine wash cold. Non-chlorine bleach. Tumble dry low. Cool iron. Do not dry clean.&nbsp;</li></ul>","","","","","",""
"6861628407854","long-sleeve-cropped-t-shirt-earth","MERGE","Long Sleeve Cropped T-shirt Earth","<h6>WHY WE LOVE IT</h6>
<p><span style=""font-weight: 400;"">Cut from a lightweight cotton and modal blend, our long sleeve cropped t-shirt features a relaxed loose fit, crew neck, along with Éterne’s signature extra long sleeves.</span></p>
<p><span style=""font-weight: 400;"">Style with your favorite pair of jeans, leather pants, layered under an oversized blazer, or paired with <a href=""https://eterne.com/products/lounge-pant-earth"">Éterne’s lounge pant</a> as a set. </span></p>","archive, Final Sale, loungewear, new_in: 2023-04-11, t-shirt, tops:t-shirt","REPLACE","174","Shirts & Tops","Apparel & Accessories > Clothing > Shirts & Tops","t-shirt-collection-2, t-shirt-styles, sale, migration","shop, discount-collection, shop-2, shop-3, t-shirts, loungewear","","","","","","<p><br></p><p><br></p><p><strong>Size &amp; Fit Information</strong></p><ul><li>Fits true to size, take your normal size</li><li>Designed for a slightly loose fit</li><li>Lightweight, 50% Cotton / 50% Modal&nbsp;</li><li>Model is 177 cm/5&#39;10&quot; and is wearing a size S</li><li>Machine wash cold. Non-chlorine bleach. Tumble dry low. Cool iron. Do not dry clean.&nbsp;</li></ul>","","","","","",""
"6861628473390","long-sleeve-cropped-t-shirt-olive","MERGE","Long Sleeve Cropped T-Shirt Olive","<h6>WHY WE LOVE IT</h6>
<p><span style=""font-weight: 400;"">Cut from a lightweight cotton and modal blend, our long sleeve cropped t-shirt features a relaxed loose fit, crew neck, along with Éterne’s signature extra long sleeves.</span></p>
<p><span style=""font-weight: 400;"">Style with your favorite pair of jeans, leather pants, layered under an oversized blazer, or paired with <a href=""https://eterne.com/products/lounge-pant-olive"">Éterne’s lounge pant</a> as a set. </span></p>","archive, Final Sale, loop, loungewear, new_in: 2023-04-11, t-shirt, tops:l/s, tops:t-shirt","REPLACE","174","Shirts & Tops","Apparel & Accessories > Clothing > Shirts & Tops","t-shirt-collection-2, t-shirt-styles, sale, migration","shop, discount-collection, shop-2, shop-3, t-shirts, loungewear","","","","","","<p><br></p><p><br></p><p><strong>Size &amp; Fit Information</strong></p><ul><li>Fits true to size, take your normal size</li><li>Designed for a slightly loose fit</li><li>Lightweight, 50% Cotton / 50% Modal&nbsp;</li><li>Model is 177 cm/5&#39;10&quot; and is wearing a size S</li><li>Machine wash cold. Non-chlorine bleach. Tumble dry low. Cool iron. Do not dry clean.&nbsp;</li></ul><p><strong>Final Sale</strong></p><ul><li>This item is FINAL SALE and not eligible for a refund, exchange, or store credit.</li></ul>","","","","","",""
"6861628538926","lounge-pant-chocolate","MERGE","Lounge Pant Chocolate","","loop","REPLACE","173","Pants","Apparel & Accessories > Clothing > Pants","","shop, discount-collection, shop-2, shop-3","","","","","","","","","","","",""
"6861628604462","lounge-pant-oat","MERGE","Lounge Pant Oat","<h6>WHY WE LOVE IT</h6>
<p>Cut from a lightweight cotton and modal blend, our lounge pant features a comfortable and relaxed fit with its soft elastic waistband and flattering wide legs. </p>
<p>Pair with <a href=""https://eterne.com/products/short-sleeve-baby-tee-oat"">Éterne's short sleeve baby tee</a> as a set.</p>","archive, bottoms:pants, Final Sale, loop, lounge, loungewear, new_in: 2023-04-04","REPLACE","173","Pants","Apparel & Accessories > Clothing > Pants","bottoms, sale","shop, discount-collection, shop-2, shop-3, loungewear","","","","","","<p><br></p><p><br></p><p><strong>Size &amp; Fit Information</strong></p><ul><li>Fits true to size, take your normal size</li><li>Designed for a loose fit</li><li>50% cotton, 50% modal</li><li>Model is 177 cm/5&#39;10&quot; and is wearing a size S</li><li>Inseam 33 &frac14;&nbsp;</li><li><span style=""font-size:11pt;font-family:Arial;color:#454545;background-color:transparent;font-weight:400;font-style:normal;font-variant:normal;text-decoration:none;vertical-align:baseline;white-space:pre;white-space:pre-wrap;"">Machine wash cold. Non-chlorine bleach. Tumble dry low. Cool iron. Do not dry clean.&nbsp;</span></li></ul><p><strong>Final Sale</strong></p><ul><li>This item is FINAL SALE and not eligible for a refund, exchange, or store credit.</li></ul>","","","","","",""
"6861628669998","lounge-pant-olive","MERGE","Lounge Pant Olive","<h6>WHY WE LOVE IT</h6>
<p>Cut from a lightweight cotton and modal blend, our lounge pant features a comfortable and relaxed fit with its soft elastic waistband and flattering wide legs. </p>
<p>Pair with <a href=""https://eterne.com/products/short-sleeve-baby-tee-olive"">Éterne's short sleeve baby tee</a> as a set.</p>","archive, bottoms:pants, Final Sale, loungewear, new_in: 2023-03-14","REPLACE","173","Pants","Apparel & Accessories > Clothing > Pants","bottoms, sale, migration","shop, discount-collection, shop-2, shop-3, loungewear","","","","","","<p><br></p><p><br></p><p><strong>Size &amp; Fit Information</strong></p><ul><li>Fits true to size, take your normal size</li><li>Designed for a loose fit</li><li>50% cotton, 50% modal</li><li>Model is 177 cm/5&#39;10&quot; and is wearing a size S</li><li>Inseam 33 &frac14;&nbsp;</li><li><span style=""font-size:11pt;font-family:Arial;color:#454545;background-color:transparent;font-weight:400;font-style:normal;font-variant:normal;text-decoration:none;vertical-align:baseline;white-space:pre;white-space:pre-wrap;"">Machine wash cold. Non-chlorine bleach. Tumble dry low. Cool iron. Do not dry clean.&nbsp;</span></li></ul><p><strong>Final Sale</strong></p><ul><li>This item is FINAL SALE and not eligible for a refund, exchange, or store credit.</li></ul>","","","","","",""
"6861628735534","lounge-pant-sand","MERGE","Lounge Pant Sand","<h6>WHY WE LOVE IT</h6>
<p>Cut from a lightweight cotton and modal blend, our lounge pant features a comfortable and relaxed fit with its soft elastic waistband and flattering wide legs. </p>
<p>Pair with <a href=""https://eterne.com/products/short-sleeve-baby-tee-sand"">Éterne's short sleeve baby tee</a> as a set.</p>","archive, bottoms:pants, Final Sale, loop, loungewear, new_in: 2023-02-21","REPLACE","173","Pants","Apparel & Accessories > Clothing > Pants","bottoms, sale","shop, discount-collection, shop-2, shop-3, loungewear","","","","","","<p><br></p><p><br></p><p><strong>Size &amp; Fit Information</strong></p><ul><li>Fits true to size, take your normal size</li><li>Designed for a loose fit</li><li>50% cotton, 50% modal</li><li>Model is 177 cm/5&#39;10&quot; and is wearing a size S</li><li>Inseam 33 &frac14;&nbsp;</li><li><span style=""font-size:11pt;font-family:Arial;color:#454545;background-color:transparent;font-weight:400;font-style:normal;font-variant:normal;text-decoration:none;vertical-align:baseline;white-space:pre;white-space:pre-wrap;"">Machine wash cold. Non-chlorine bleach. Tumble dry low. Cool iron. Do not dry clean.&nbsp;</span></li></ul>","","","","","",""
"6861628801070","lounge-boxer-short-chocolate","MERGE","Lounge Boxer Short Chocolate","","loop","REPLACE","175","Shorts","Apparel & Accessories > Clothing > Shorts","","shop, discount-collection, shop-2, shop-3","","","","","","","","","","","",""
"6861628866606","lounge-boxer-short-oat","MERGE","Lounge Boxer Short Oat","<h6>WHY WE LOVE IT</h6>
<p>Cut from a lightweight cotton and modal blend, our lounge boxer short features a comfortable and relaxed fit with it's soft elastic waistband, button and top stitch detail.</p>
<p>Pair with Éterne's <a href=""https://eterne.com/products/super-cropped-rib-tank"">super cropped rib tank</a> as a set.</p>","archive, bottoms:shorts, Final Sale, loungewear, new_in: 2023-05-05","REPLACE","175","Shorts","Apparel & Accessories > Clothing > Shorts","bottoms, sale, migration","shop, discount-collection, shop-2, shop-3, loungewear","","","","","","<p><br></p><p><br></p><p><strong>Size &amp; Fit Information</strong></p><ul><li>Fits true to size, take your normal size</li><li>Designed for a loose fit</li><li>50% cotton, 50% modal</li><li>Model is 177 cm/5&#39;10&quot; and is wearing a size S</li><li>Inseam <span style=""font-size:11pt;font-family:Arial;color:#454545;background-color:transparent;font-weight:400;font-style:normal;font-variant:normal;text-decoration:none;vertical-align:baseline;white-space:pre;white-space:pre-wrap;"">3 &frac34;&nbsp;</span></li><li><span style=""font-size:11pt;font-family:Arial;color:#454545;background-color:transparent;font-weight:400;font-style:normal;font-variant:normal;text-decoration:none;vertical-align:baseline;white-space:pre;white-space:pre-wrap;"">Machine wash cold. Non-chlorine bleach. Tumble dry low. Cool iron. Do not dry clean.&nbsp;</span></li></ul><p><strong>Final Sale</strong></p><ul><li>This item is FINAL SALE and not eligible for a refund, exchange, or store credit.</li></ul>","","","","","",""
"6861628932142","lounge-boxer-short-olive","MERGE","Lounge Boxer Short Olive","","loop","REPLACE","175","Shorts","Apparel & Accessories > Clothing > Shorts","","shop, discount-collection, shop-2, shop-3","","","","","","","","","","","",""
"6861628997678","lounge-boxer-short-sand","MERGE","Lounge Boxer Short Sand","<h6>WHY WE LOVE IT</h6>
<p>Cut from a lightweight cotton and modal blend, our lounge boxer short features a comfortable and relaxed fit with it's soft elastic waistband, button and top stitch detail.</p>
<p>Pair with Éterne's cropped rib tank as a set.</p>","archive, bottoms:shorts, Final Sale, loungewear, new_in: 2023-05-05","REPLACE","175","Shorts","Apparel & Accessories > Clothing > Shorts","bottoms, sale, migration","shop, discount-collection, shop-2, shop-3, loungewear","","","","","","<p><br></p><p><br></p><p><strong>Size &amp; Fit Information</strong></p><ul><li>Fits true to size, take your normal size</li><li>Designed for a loose fit</li><li>50% cotton, 50% modal</li><li>Model is 177 cm/5&#39;10&quot; and is wearing a size S</li><li>Inseam <span style=""font-size:11pt;font-family:Arial;color:#454545;background-color:transparent;font-weight:400;font-style:normal;font-variant:normal;text-decoration:none;vertical-align:baseline;white-space:pre;white-space:pre-wrap;"">3 &frac34;&nbsp;</span></li><li><span style=""font-size:11pt;font-family:Arial;color:#454545;background-color:transparent;font-weight:400;font-style:normal;font-variant:normal;text-decoration:none;vertical-align:baseline;white-space:pre;white-space:pre-wrap;"">Machine wash cold. Non-chlorine bleach. Tumble dry low. Cool iron. Do not dry clean.&nbsp;</span></li></ul>","","","","","",""
"6861629063214","super-cropped-rib-tank","MERGE","Super Cropped Rib Tank Oat","<meta charset=""utf-8"">
<h6>WHY WE LOVE IT</h6>
<p><span>Cut from lightweight 100% cotton ribbed fabric, our super cropped tank features a slim flit with its flattering thin straps and vintage-inspired neckline with slit.</span></p>
<p>Style with Éterne's <a href=""https://eterne.com/products/lounge-boxer-short-oat"">Lounge Boxer Short</a> to make it a set.</p>","archive, Final Sale, loop, tops:tanks","REPLACE","174","Shirts & Tops","Apparel & Accessories > Clothing > Shirts & Tops","tank-styles","shop, discount-collection, shop-2, shop-3","","","","","","<p><br></p><p><br></p><p><strong>Size &amp; Fit Information</strong></p><ul><li>Fits true to size, take your normal size</li><li>Designed for a slim fit&nbsp;</li><li>100% Cotton</li><li>Model is 177 cm/5&#39;10&quot; and is wearing a size S</li><li>Machine wash cold. Non-chlorine bleach. Tumble dry low. Cool iron. Do not dry clean.&nbsp;</li></ul><p><strong>Final Sale</strong></p><ul><li>This item is FINAL SALE and not eligible for a refund, exchange, or store credit.</li></ul>","","","","","",""
"6861629128750","super-cropped-rib-tank-1","MERGE","Super Cropped Rib Tank Oat","<meta charset=""utf-8"">
<h6>WHY WE LOVE IT</h6>
<p><span>Cut from lightweight 100% cotton ribbed fabric, our super cropped tank features a slim flit with its flattering thin straps and vintage-inspired neckline with slit.</span></p>
<p>Style with Éterne's <a href=""https://eterne.com/products/lounge-boxer-short-oat"">Lounge Boxer Short</a> to make it a set.</p>","archive, Final Sale, new_in: 2022-06-21, tank, tank top, tank tops, tops:tanks","REPLACE","174","Shirts & Tops","Apparel & Accessories > Clothing > Shirts & Tops","tank-styles, sale","shop, discount-collection, shop-2, shop-3, tank-tops","","","","","","<p><br></p><p><br></p><p><strong>Size &amp; Fit Information</strong></p><ul><li>Fits true to size, take your normal size</li><li>Designed for a slim fit&nbsp;</li><li>100% Cotton</li><li>Model is 177 cm/5&#39;10&quot; and is wearing a size S</li><li>Machine wash cold. Non-chlorine bleach. Tumble dry low. Cool iron. Do not dry clean.&nbsp;</li></ul><p><strong>Final Sale</strong></p><ul><li>This item is FINAL SALE and not eligible for a refund, exchange, or store credit.</li></ul>","","","","","",""
"6861629194286","super-cropped-rib-tank-2","MERGE","Super Cropped Rib Tank Olive","","archive, loop","REPLACE","174","Shirts & Tops","Apparel & Accessories > Clothing > Shirts & Tops","","shop, discount-collection, shop-2, shop-3","","","","","","","","","","","",""
"6861629292590","super-cropped-rib-tank-3","MERGE","Super Cropped Rib Tank Sand","<meta charset=""utf-8"">
<h6>WHY WE LOVE IT</h6>
<p><span>Cut from lightweight 100% cotton ribbed fabric, our super cropped tank features a slim flit with its flattering thin straps and vintage-inspired neckline with slit.</span></p>
<p><span>Style with your favorite pair of jeans, leather pants, layered under an oversized blazer or under a pantsuit.</span></p>","archive, Final Sale, new_in: 2022-06-21, tank, tank top, tank tops, tops:tanks","REPLACE","174","Shirts & Tops","Apparel & Accessories > Clothing > Shirts & Tops","tank-styles, sale","shop, discount-collection, shop-2, shop-3, tank-tops","","","","","","<p><br></p><p><br></p><p><strong>Size &amp; Fit Information</strong></p><ul><li>Fits true to size, take your normal size</li><li>Designed for a slim fit&nbsp;</li><li>100% Cotton</li><li>Model is 177 cm/5&#39;10&quot; and is wearing a size S</li><li>Machine wash cold. Non-chlorine bleach. Tumble dry low. Cool iron. Do not dry clean.&nbsp;</li></ul><p><strong>Final Sale</strong></p><ul><li>This item is FINAL SALE and not eligible for a refund, exchange, or store credit.</li></ul>","","","","","",""
"6861635485742","test-product-for-testing","MERGE","Test Product for Testing","Test Product for Testing","","REPLACE","","","","","shop, discount-collection, shop-2, shop-3","","","","","","","","","","","",""
"6863702458414","high-neck-fitted-tank","MERGE","High Neck Fitted Tank Black","<h6>WHY WE LOVE IT</h6>
<p><meta charset=""utf-8"">Éterne's high neck fitted tank is crafted from a butter soft ribbed cotton and modal blend, offering a slim fit and a full length<meta charset=""utf-8"">—a versatile essential for everyday wear.</p>
<p>Style with your favorite high-rise jeans, leather pants, or pair with Éterne's <a href=""https://eterne.com/collections/bottoms/products/thermal-lounge-pant-black"">thermal lounge pant</a> as a set. </p>","loop, tank top, tops:tanks","REPLACE","174","Shirts & Tops","Apparel & Accessories > Clothing > Shirts & Tops","bestsellers, tank-styles, migration","shop, discount-collection, shop-2, shop-3, tank-tops","","","","","","<p><br></p><p><br></p><p><strong>Size &amp; Fit Information</strong></p><ul><li>Fits true to size, take your normal size</li><li>Designed for a slim fit</li><li>48% Cotton, 48% Modal, 4% Spandex</li><li>Model is 177 cm/5&#39;10&quot; and is wearing a size S</li><li><span style=""font-size:11pt;font-family:Arial;color:#454545;background-color:transparent;font-weight:400;font-style:normal;font-variant:normal;text-decoration:none;vertical-align:baseline;white-space:pre;white-space:pre-wrap;"">Machine wash cold. Non-chlorine bleach. Tumble dry low. Cool iron. Do not dry clean.&nbsp;</span></li></ul>","","","","","",""
"6863702491182","high-neck-fitted-tank-1","MERGE","High Neck Fitted Tank Chocolate","<h6>WHY WE LOVE IT</h6>
<p><meta charset=""utf-8"">Éterne's high neck fitted tank is crafted from a butter soft ribbed cotton and modal blend, offering a slim fit and a full length<meta charset=""utf-8"">—a versatile essential for everyday wear.</p>
<p>Style with your favorite high-rise jeans, leather pants, or pair with Éterne's <a href=""https://eterne.com/products/classic-sweatpant-heather-brown"">classic sweatpant</a> or <a href=""https://eterne.com/products/straight-leg-sweatpant-heather-brown"">straight leg sweatpant</a> as a set. </p>","loop, tank tops, tops:tanks","REPLACE","174","Shirts & Tops","Apparel & Accessories > Clothing > Shirts & Tops","tank-styles, migration","shop, discount-collection, shop-2, shop-3","","","","","","<p><br></p><p><br></p><p><strong>Size &amp; Fit Information</strong></p><ul><li>Fits true to size, take your normal size</li><li>Designed for a slim fit</li><li>48% Cotton, 48% Modal, 4% Spandex</li><li>Model is 177 cm/5&#39;10&quot; and is wearing a size S</li><li><span style=""font-size:11pt;font-family:Arial;color:#454545;background-color:transparent;font-weight:400;font-style:normal;font-variant:normal;text-decoration:none;vertical-align:baseline;white-space:pre;white-space:pre-wrap;"">Machine wash cold. Non-chlorine bleach. Tumble dry low. Cool iron. Do not dry clean.&nbsp;</span></li></ul>","","","","","",""
"6863702523950","high-neck-fitted-tank-2","MERGE","High Neck Fitted Tank Cream","<h6>WHY WE LOVE IT</h6>
<p><meta charset=""utf-8"">Éterne's high neck fitted tank is crafted from a butter soft ribbed cotton and modal blend, offering a slim fit and a full length<meta charset=""utf-8"">—a versatile essential for everyday wear.</p>
<p>Style with your favorite high-rise jeans, leather pants, or pair with Éterne's <a href=""https://eterne.com/collections/bottoms/products/thermal-lounge-pant-heather-grey"">thermal lounge pant</a> as a set. </p>","loop, tank top, tops:tanks","REPLACE","174","Shirts & Tops","Apparel & Accessories > Clothing > Shirts & Tops","bestsellers, tank-styles, migration","shop, discount-collection, shop-2, shop-3, tank-tops","","","","","","<p><br></p><p><br></p><p><strong>Size &amp; Fit Information</strong></p><ul><li>Fits true to size, take your normal size</li><li>Designed for a slim fit</li><li>48% Cotton, 48% Modal, 4% Spandex</li><li>Model is 177 cm/5&#39;10&quot; and is wearing a size S</li><li><span style=""font-size:11pt;font-family:Arial;color:#454545;background-color:transparent;font-weight:400;font-style:normal;font-variant:normal;text-decoration:none;vertical-align:baseline;white-space:pre;white-space:pre-wrap;"">Machine wash cold. Non-chlorine bleach. Tumble dry low. Cool iron. Do not dry clean.&nbsp;</span></li></ul>","","","","","",""
"6863702556718","high-neck-fitted-tank-3","MERGE","High Neck Fitted Tank Heather Grey","<h6>WHY WE LOVE IT</h6>
<p><meta charset=""utf-8"">Éterne's high neck fitted tank is crafted from a butter soft ribbed cotton and modal blend, offering a slim fit and a full length<meta charset=""utf-8"">—a versatile essential for everyday wear.</p>
<p>Style with your favorite high-rise jeans, leather pants, or pair with Éterne's <a href=""https://eterne.com/collections/bottoms/products/thermal-lounge-pant-heather-grey"">thermal lounge pant</a> as a set. </p>","loop, tank top, tops:tanks","REPLACE","174","Shirts & Tops","Apparel & Accessories > Clothing > Shirts & Tops","bestsellers, tank-styles, migration","shop, discount-collection, shop-2, shop-3, tank-tops","","","","","","<p><br></p><p><br></p><p><strong>Size &amp; Fit Information</strong></p><ul><li>Fits true to size, take your normal size</li><li>Designed for a slim fit</li><li>48% Cotton, 48% Modal, 4% Spandex</li><li>Model is 177 cm/5&#39;10&quot; and is wearing a size S</li><li><span style=""font-size:11pt;font-family:Arial;color:#454545;background-color:transparent;font-weight:400;font-style:normal;font-variant:normal;text-decoration:none;vertical-align:baseline;white-space:pre;white-space:pre-wrap;"">Machine wash cold. Non-chlorine bleach. Tumble dry low. Cool iron. Do not dry clean.&nbsp;</span></li></ul>","","","","","",""
"6877038510126","cropped-rib-tank-oat","MERGE","Cropped Rib Tank Oat","<h6>WHY WE LOVE IT</h6>
<p>Cut from a lightweight 100% cotton rib fabric, our cropped rib racerback tank features a flattering slim fit with its thin racer-back straps and low scooped neck. </p>
<p>Style with your favorite high-rise jeans, leather pants, or layered under an oversized blazer</p>","archive, loop","REPLACE","174","Shirts & Tops","Apparel & Accessories > Clothing > Shirts & Tops","migration","shop, discount-collection, shop-2, shop-3","","","","","","<p><br></p><p><br></p><p><strong>Size &amp; Fit Information</strong></p><ul><li>Fits true to size, take your normal size</li><li>Designed for a slim fit&nbsp;</li><li>100% cotton</li><li>Model is 177 cm/5&#39;10&quot; and is wearing a size S</li><li>Machine wash cold. Non-chlorine bleach. Tumble dry low. Cool dry. Do not dry clean.&nbsp;</li></ul><p><strong>Final Sale</strong></p><ul><li>This item is FINAL SALE and not eligible for a refund, exchange, or store credit.</li></ul>","","","","","",""
"6877038542894","cropped-rib-tank-sand","MERGE","Cropped Rib Tank Sand","<h6>WHY WE LOVE IT</h6>
<p>Cut from a lightweight 100% cotton rib fabric, our cropped rib racerback tank features a flattering slim fit with its thin racer-back straps and low scooped neck. </p>
<p>Style with your favorite high-rise jeans, leather pants, or layered under an oversized blazer</p>","archive, loop","REPLACE","174","Shirts & Tops","Apparel & Accessories > Clothing > Shirts & Tops","migration","shop, discount-collection, shop-2, shop-3","","","","","","<p><br></p><p><br></p><p><strong>Size &amp; Fit Information</strong></p><ul><li>Fits true to size, take your normal size</li><li>Designed for a slim fit</li><li>100% cotton</li><li>Model is 177 cm/5&#39;10&quot; and is wearing a size S</li><li>Machine wash cold. Non-chlorine bleach. Tumble dry low. Cool iron. Do not dry clean.&nbsp;</li></ul>","","","","","",""
"6878371643438","amelia-halter-one-piece","MERGE","Amelia Halter One Piece Black","<h6>WHY WE LOVE IT</h6>
<p>The Amelia halter one piece swimsuit has a slim fit with a plunging ""V"" neckline that forms a halter neck silhouette with a dramatic open back. It's made from matte swim fabric that's both stretchy and shaping. The high-cut legs create an elongating effect.</p>
<p>Style with Eterne's <a href=""https://eterne.com/products/esme-mini-sarong"">Esme Mini Sarong</a> or <a href=""https://eterne.com/collections/soleil/products/lennon-robe"">Lennon Robe</a>.</p>","loop, swimwear:onepieces","REPLACE","187","Swimwear","Apparel & Accessories > Clothing > Swimwear","soleil, migration, chloes-packing-list","shop, discount-collection, shop-2, shop-3","","","","","","<p><br></p><p><br></p><p><strong>Size &amp; Fit Information</strong></p><ul><li>Fits true to size, take your normal size</li><li>Designed for a slim fit&nbsp;</li><li>80% Nylon, 20% Spandex</li><li>Model is 179 cm/5&#39;10.5&quot; and is wearing a size S</li><li>Delicate cycle in cold water with like colors. No bleach. Iron on medium. Hang to dry.</li></ul>","","","","","",""
"6878371840046","amelia-halter-one-piece-1","MERGE","Amelia Halter One Piece Ivory","<h6>WHY WE LOVE IT</h6>
<p>The Amelia halter one piece swimsuit has a slim fit with a plunging ""V"" neckline that forms a halter neck silhouette with a dramatic open back. It's made from matte swim fabric that's both stretchy and shaping. The high-cut legs create an elongating effect.</p>
<p>Style with Eterne's <a href=""https://eterne.com/products/esme-mini-sarong-2"">Esme Mini Sarong</a> or <a href=""https://eterne.com/collections/soleil/products/lennon-robe-1"">Lennon Robe</a>.</p>","loop, swimwear:onepieces","REPLACE","187","Swimwear","Apparel & Accessories > Clothing > Swimwear","soleil, migration","shop, discount-collection, shop-2, shop-3","","","","","","<p><br></p><p><br></p><p><strong>Size &amp; Fit Information</strong></p><ul><li>Fits true to size, take your normal size</li><li>Designed for a slim fit&nbsp;</li><li>80% Nylon, 20% Spandex</li><li>Model is 179 cm/5&#39;10.5&quot; and is wearing a size S</li><li>Delicate cycle in cold water with like colors. No bleach. Iron on medium. Hang to dry.</li></ul>","","","","","",""
"6878371971118","amelia-halter-one-piece-2","MERGE","Amelia Halter One Piece Chocolate","<h6>WHY WE LOVE IT</h6>
<p>The Amelia halter one piece swimsuit has a slim fit with a plunging ""V"" neckline that forms a halter neck silhouette with a dramatic open back. It's made from matte swim fabric that's both stretchy and shaping. The high-cut legs create an elongating effect.</p>
<p>Style with Eterne's <a href=""https://eterne.com/products/esme-mini-sarong-1"">Esme Mini Sarong</a> or <a href=""https://eterne.com/collections/soleil/products/lennon-robe-2"">Lennon Robe</a>.</p>","loop, swimwear:onepieces","REPLACE","187","Swimwear","Apparel & Accessories > Clothing > Swimwear","soleil, migration","shop, discount-collection, shop-2, shop-3","","","","","","<p><br></p><p><br></p><p><strong>Size &amp; Fit Information</strong></p><ul><li>Fits true to size, take your normal size</li><li>Designed for a slim fit&nbsp;</li><li>80% Nylon, 20% Spandex</li><li>Model is 179 cm/5&#39;10.5&quot; and is wearing a size S</li><li>Delicate cycle in cold water with like colors. No bleach. Iron on medium. Hang to dry.</li></ul>","","","","","",""
"6878372003886","isla-string-bikini-top","MERGE","Isla String Bikini Top Black","<h6>WHY WE LOVE IT</h6>
<p>Consider our Isla bikini top for your summer getaway. The triangular silhouette cups have halter neck ties that are finished with gold tip ends and is secured with Eterne's logo signature gold-tone clasp at the back. Made from matte swim fabric, just like the matching bottom.</p>
<p>Style with Eterne's <a href=""https://eterne.com/products/isla-string-bikini-brief"">Isla String Bikini Bottom</a> and <a href=""https://eterne.com/collections/soleil/products/esme-mini-sarong"">Esme Mini Sarong</a>.</p>","loop, swimwear:bikini-tops","REPLACE","187","Swimwear","Apparel & Accessories > Clothing > Swimwear","soleil, migration","shop, discount-collection, shop-2, shop-3","","","","","","<p><br></p><p><br></p><p><strong>Size &amp; Fit Information</strong></p><ul><li>Fits true to size, take your normal size</li><li>Designed for a slim fit&nbsp;</li><li>80% Nylon, 20% Spandex</li><li>Model is 179 cm/5&#39;10.5&quot; and is wearing a size S</li><li>Delicate cycle in cold water with like colors. No bleach. Iron on medium. Hang to dry.</li></ul>","","","","","",""
"6878372036654","isla-string-bikini-top-1","MERGE","Isla String Bikini Top Ivory","<h6>WHY WE LOVE IT</h6>
<p>Consider our Isla bikini top for your summer getaway. The triangular silhouette cups have halter neck ties that are finished with gold tip ends and is secured with Eterne's logo signature gold-tone clasp at the back. Made from matte swim fabric, just like the matching bottom.</p>
<p>Style with Eterne's <a href=""https://eterne.com/collections/soleil/products/isla-string-bikini-brief-1"">Isla string bikini bottom</a> and <a href=""https://eterne.com/collections/soleil/products/esme-mini-sarong-2"">Esme mini sarong</a>.</p>","loop, swimwear:bikini-tops","REPLACE","187","Swimwear","Apparel & Accessories > Clothing > Swimwear","soleil, migration","shop, discount-collection, shop-2, shop-3","","","","","","<p><br></p><p><br></p><p><strong>Size &amp; Fit Information</strong></p><ul><li></li><li>Fits true to size, take your normal size</li><li>Designed for a slim fit&nbsp;</li><li>80% Nylon, 20% Spandex</li><li>Model is 179 cm/5&#39;10.5&quot; and is wearing a size S</li><li>Delicate cycle in cold water with like colors. No bleach. Iron on medium. Hang to dry.</li></ul>","","","","","",""
"6878372069422","isla-string-bikini-top-2","MERGE","Isla String Bikini Top Chocolate","<h6>WHY WE LOVE IT</h6>
<p>Consider our Isla bikini top for your summer getaway. The triangular silhouette cups have halter neck ties that are finished with gold tip ends and is secured with Eterne's logo signature gold-tone clasp at the back. Made from matte swim fabric, just like the matching bottom.</p>
<p>Style with Eterne's <a href=""https://eterne.com/products/isla-string-bikini-brief-2"">Isla String Bikini Bottom</a> <meta charset=""utf-8""><span data-mce-fragment=""1"">and <a href=""https://eterne.com/products/esme-mini-sarong-1"">Esme mini sarong</a></span>.</p>","loop, swimwear:bikini-tops","REPLACE","187","Swimwear","Apparel & Accessories > Clothing > Swimwear","soleil, migration","shop, discount-collection, shop-2, shop-3","","","","","","<p><br></p><p><br></p><p><strong>Size &amp; Fit Information</strong></p><ul><li></li><li>Fits true to size, take your normal size</li><li>Designed for a slim fit&nbsp;</li><li>80% Nylon, 20% Spandex</li><li>Model is 179 cm/5&#39;10.5&quot; and is wearing a size S</li><li>Delicate cycle in cold water with like colors. No bleach. Iron on medium. Hang to dry.</li></ul>","","","","","",""
"6878372102190","isla-string-bikini-brief","MERGE","Isla String Bikini Bottom Black","<h6>WHY WE LOVE IT</h6>
<p>The Isla string bikini bottom is all you need for your tropical getaway. Made from matte swim fabric, the bikini bottom offers minimal coverage with a low-rise waist and slender, elasticed sides.</p>
<p>Style with Eterne's <a href=""https://eterne.com/products/isla-string-bikini-top"">Isla String Bikini Top</a> and <a href=""https://eterne.com/products/esme-mini-sarong"">Esme Mini Sarong</a>.</p>","loop, swimwear:bikini-bottoms","REPLACE","187","Swimwear","Apparel & Accessories > Clothing > Swimwear","soleil, migration","shop, discount-collection, shop-2, shop-3","","","","","","<p><br></p><p><br></p><p><strong>Size &amp; Fit Information</strong></p><ul><li>Fits true to size, take your normal size.</li><li>Designed for a slim fit&nbsp;</li><li>80% Nylon, 20% Spandex</li><li>Model is 179 cm/5&#39;10.5&quot; and is wearing a size S</li><li>Delicate cycle in cold water with like colors. No bleach. Iron on medium. Hang to dry.</li></ul>","","","","","",""
"6878372167726","isla-string-bikini-brief-1","MERGE","Isla String Bikini Bottom Ivory","<h6>WHY WE LOVE IT</h6>
<p>The Isla string bikini bottom is all you need for your tropical getaway. Made from matte swim fabric, the bikini bottom offers minimal coverage with a low-rise waist and slender, elasticed sides.</p>
<p>Style with Eterne's <a href=""https://eterne.com/products/isla-string-bikini-top-1"">Isla String Bikini Top</a> and <a href=""https://eterne.com/collections/soleil/products/esme-mini-sarong-2"">Esme Mini Sarong</a>.</p>","loop, swimwear:bikini-bottoms","REPLACE","187","Swimwear","Apparel & Accessories > Clothing > Swimwear","soleil, migration","shop, discount-collection, shop-2, shop-3","","","","","","<p><br></p><p><br></p><p><strong>Size &amp; Fit Information</strong></p><ul><li>Fits true to size, take your normal size.</li><li>Designed for a slim fit&nbsp;</li><li>80% Nylon, 20% Spandex</li><li>Model is 179 cm/5&#39;10.5&quot; and is wearing a size S</li><li>Delicate cycle in cold water with like colors. No bleach. Iron on medium. Hang to dry.</li></ul>","","","","","",""
"6878372200494","isla-string-bikini-brief-2","MERGE","Isla String Bikini Bottom Chocolate","<h6>WHY WE LOVE IT</h6>
<p>The Isla string bikini bottom is all you need for your tropical getaway. Made from matte swim fabric, the bikini bottom offers minimal coverage with a low-rise waist and slender, elasticed sides.</p>
<p>Style with Eterne's <a href=""https://eterne.com/products/isla-string-bikini-top-2"">Isla String Bikini Top</a> and <a href=""https://eterne.com/products/esme-mini-sarong-1"">Esme Mini Sarong</a>.</p>","loop, swimwear:bikini-bottoms","REPLACE","187","Swimwear","Apparel & Accessories > Clothing > Swimwear","soleil, migration","shop, discount-collection, shop-2, shop-3","","","","","","<p><br></p><p><br></p><p><strong>Size &amp; Fit Information</strong></p><ul><li>Fits true to size, take your normal size.</li><li>Designed for a slim fit&nbsp;</li><li>80% Nylon, 20% Spandex</li><li>Model is 179 cm/5&#39;10.5&quot; and is wearing a size S</li><li>Delicate cycle in cold water with like colors. No bleach. Iron on medium. Hang to dry.</li></ul>","","","","","",""
"6878372233262","jolene-button-down-top","MERGE","Jolene Button Down Top Black","<h6>WHY WE LOVE IT</h6>
<p>The Jolene Top has a laid-back feel that's perfect for vacations and warm weekends. Made from 100% cotton with a light, airy weave to keep you cool.</p>
<p>Style with Eterne's <a href=""https://eterne.com/products/dylan-boxer-short"">Dylan Boxer Short</a> to complete the look.</p>","loop, shirt, tops:l/s, womens","REPLACE","174","Shirts & Tops","Apparel & Accessories > Clothing > Shirts & Tops","tops, soleil, migration","shop, discount-collection, shop-2, shop-3","","","","","","<p><br></p><p><br></p><p><strong>Size &amp; Fit Information</strong></p><ul><li>Fits true to size, take your normal size.</li><li>Designed for a slim fit&nbsp;</li><li>100% cotton</li><li>Model is 179 cm/5&#39;10.5&quot; and is wearing a size S</li><li>Delicate cycle in cold water with like colors. No bleach. Iron on medium. Hang to dry.</li></ul>","","","","","",""
"6878372298798","jolene-button-down-top-1","MERGE","Jolene Button Down Top Ivory","<h6>WHY WE LOVE IT</h6>
<p>The Jolene Top has a laid-back feel that's perfect for vacations and warm weekends. Made from 100% cotton with a light, airy weave to keep you cool.</p>
<p>Style with Eterne's <a href=""https://eterne.com/products/dylan-boxer-short-1"">Dylan Boxer Short</a> to complete the look.</p>","loop, shirt, tops:l/s, womens","REPLACE","174","Shirts & Tops","Apparel & Accessories > Clothing > Shirts & Tops","tops, soleil, migration, chloes-packing-list","shop, discount-collection, shop-2, shop-3","","","","","","<p><br></p><p><br></p><p><strong>Size &amp; Fit Information</strong></p><ul><li>Fits true to size, take your normal size.</li><li>Designed for a slim fit&nbsp;</li><li>100% cotton</li><li>Model is 179 cm/5&#39;10.5&quot; and is wearing a size S</li><li>Delicate cycle in cold water with like colors. No bleach. Iron on medium. Hang to dry.</li></ul>","","","","","",""
"6878372331566","jolene-button-down-top-2","MERGE","Jolene Button Down Top Chocolate","<h6>WHY WE LOVE IT</h6>
<p>The Jolene Top has a laid-back feel that's perfect for vacations and warm weekends. Made from 100% cotton with a light, airy weave to keep you cool.</p>
<p>Style with Eterne's <a href=""https://eterne.com/products/dylan-boxer-short-2"">Dylan</a> Boxer Short to complete the look.</p>","archive, loop","REPLACE","174","Shirts & Tops","Apparel & Accessories > Clothing > Shirts & Tops","migration","shop, discount-collection, shop-2, shop-3","","","","","","<p><br></p><p><br></p><p><strong>Size &amp; Fit Information</strong></p><ul><li>Fits true to size, take your normal size.</li><li>Designed for a slim fit&nbsp;</li><li>100% cotton</li><li>Model is 179 cm/5&#39;10.5&quot; and is wearing a size S</li><li>Delicate cycle in cold water with like colors. No bleach. Iron on medium. Hang to dry.</li></ul>","","","","","",""
"6878372364334","dylan-boxer-short","MERGE","Dylan Boxer Short Black","<h6>WHY WE LOVE IT</h6>
<p>The Dylan Boxer Short is made from a woven, lightweight cotton. This style has an elasticated waist for a relaxed profile, easing into relaxed leg opening with a concealed front fly.</p>
<p>Style with Eterne's <a href=""https://eterne.com/products/jolene-button-down-top"">Jolene Button Down Top</a> to complete the look.</p>","archive, bottoms:shorts, Final Sale, new_in: 2023-05-05","REPLACE","175","Shorts","Apparel & Accessories > Clothing > Shorts","bottoms, soleil, sale, migration","shop, discount-collection, shop-2, shop-3","","","","","","<p><br></p><p><br></p><p><strong>Size &amp; Fit Information</strong></p><ul><li>Fits true to size, take your normal size.</li><li>Designed for a slim fit&nbsp;</li><li>100% cotton</li><li>Model is 179 cm/5&#39;10.5&quot; and is wearing a size S</li><li>Delicate cycle in cold water with like colors. No bleach. Iron on medium. Hang to dry.</li></ul>","","","","","",""
"6878372429870","dylan-boxer-short-1","MERGE","Dylan Boxer Short Ivory","<h6>WHY WE LOVE IT</h6>
<p>The Dylan Boxer Short is made from a woven, lightweight cotton. This style has an elasticated waist for a relaxed profile, easing into relaxed leg opening with a concealed front fly.</p>
<p>Style with Eterne's <a href=""https://eterne.com/products/jolene-button-down-top-1"">Jolene Button Down Top</a> to complete the look.</p>","archive, bottoms:shorts, Final Sale, new_in: 2023-05-05","REPLACE","175","Shorts","Apparel & Accessories > Clothing > Shorts","bottoms, soleil, sale, migration","shop, discount-collection, shop-2, shop-3","","","","","","<p><br></p><p><br></p><p><strong>Size &amp; Fit Information</strong></p><ul><li>Fits true to size, take your normal size.</li><li>Designed for a slim fit&nbsp;</li><li>100% cotton</li><li>Model is 179 cm/5&#39;10.5&quot; and is wearing a size S</li><li>Delicate cycle in cold water with like colors. No bleach. Iron on medium. Hang to dry.</li></ul>","","","","","",""
"6878372495406","dylan-boxer-short-2","MERGE","Dylan Boxer Short Chocolate","<h6>WHY WE LOVE IT</h6>
<p>The Dylan Boxer Short is made from a woven, lightweight cotton. This style has an elasticated waist for a relaxed profile, easing into relaxed leg opening with a concealed front fly.</p>
<p>Style with Eterne's <a href=""https://eterne.com/products/jolene-button-down-top-2"">Jolene</a> Button Down Top to complete the look.</p>","archive, Final Sale, loop, new_in: 2023-05-05","REPLACE","175","Shorts","Apparel & Accessories > Clothing > Shorts","soleil, sale, migration","shop, discount-collection, shop-2, shop-3","","","","","","<p><br></p><p><br></p><p><strong>Size &amp; Fit Information</strong></p><ul><li>Fits true to size, take your normal size.</li><li>Designed for a slim fit&nbsp;</li><li>100% cotton</li><li>Model is 179 cm/5&#39;10.5&quot; and is wearing a size S</li><li>Delicate cycle in cold water with like colors. No bleach. Iron on medium. Hang to dry.</li></ul>","","","","","",""
"6878372528174","esme-mini-sarong","MERGE","Esme Mini Sarong Black","<h6>WHY WE LOVE IT</h6>
<p>Made from lightweight cotton that has a naturally crinkle finish, the Esme mini sarong has an effortless drape and dries quickly thanks to its lightweight handle. Tie it around to sculpt your waist.</p>
<p>Style with Eterne's <a href=""https://eterne.com/products/amelia-halter-one-piece"">Amelia Halter One Piece</a> to complete the look.</p>","loop, new_in: 2023-04-27, swimwear:onepieces","REPLACE","187","Swimwear","Apparel & Accessories > Clothing > Swimwear","soleil, migration","shop, discount-collection, shop-2, shop-3","","","","","","<p><br></p><p><br></p><p><strong>Size &amp; Fit Information</strong></p><ul><li>Fits true to size, take your normal size.</li><li>Designed for a slim fit&nbsp;</li><li>100% cotton</li><li>Model is 179 cm/5&#39;10.5&quot; and is wearing a size S</li><li>Delicate cycle in cold water with like colors. No bleach. Iron on medium. Hang to dry.</li></ul>","","","","","",""
"6878372560942","esme-mini-sarong-1","MERGE","Esme Mini Sarong Chocolate","<h6>WHY WE LOVE IT</h6>
<p>Made from lightweight cotton that has a naturally crinkle finish, the Esme mini sarong has an effortless drape and dries quickly thanks to its lightweight handle. Tie it around to sculpt your waist.</p>
<p>Style with Eterne's <a href=""https://eterne.com/products/amelia-halter-one-piece-2"">Amelia Halter One Piece</a> to complete the look.</p>","loop, new_in: 2023-04-27, swimwear:onepieces","REPLACE","187","Swimwear","Apparel & Accessories > Clothing > Swimwear","soleil, migration","shop, discount-collection, shop-2, shop-3","","","","","","<p><br></p><p><br></p><p><strong>Size &amp; Fit Information</strong></p><ul><li>Fits true to size, take your normal size.</li><li>Designed for a slim fit&nbsp;</li><li>100% cotton</li><li>Model is 179 cm/5&#39;10.5&quot; and is wearing a size O/S</li><li>Delicate cycle in cold water with like colors. No bleach. Iron on medium. Hang to dry.</li></ul>","","","","","",""
"6878372593710","esme-mini-sarong-2","MERGE","Esme Mini Sarong Ivory","<h6>WHY WE LOVE IT</h6>
<p>Made from lightweight cotton that has a naturally crinkle finish, the Esme mini sarong has an effortless drape and dries quickly thanks to its lightweight handle. Tie it around to sculpt your waist.</p>
<p>Style with Eterne's <a href=""https://eterne.com/products/amelia-halter-one-piece-1"">Amelia Halter One Piece</a> to complete the look.</p>","loop, new_in: 2023-04-27, swimwear:onepieces","REPLACE","187","Swimwear","Apparel & Accessories > Clothing > Swimwear","soleil, migration","shop, discount-collection, shop-2, shop-3","","","","","","<p><br></p><p><br></p><p><strong>Size &amp; Fit Information</strong></p><ul><li>Fits true to size, take your normal size.</li><li>Designed for a slim fit&nbsp;</li><li>100% cotton</li><li>Model is 179 cm/5&#39;10.5&quot; and is wearing a size O/S</li><li>Delicate cycle in cold water with like colors. No bleach. Iron on medium. Hang to dry.</li></ul>","","","","","",""
"6880194986030","bella-tank-one-piece","MERGE","Bella Tank One Piece Black","<h6>WHY WE LOVE IT</h6>
<p>A timeless summer staple, the Bella tank one piece is cut from matte swim fabric and has an ultra smooth silhouette. The rounded neckline, slim straps and low back are incredibly flattering. This one piece has a low-scooped back and high-cut legs that add to the retro feel.</p>
<p>Style with Eterne's <a href=""https://eterne.com/products/esme-maxi-sarong"">Esme Maxi Sarong</a> or <a href=""https://eterne.com/collections/soleil/products/lennon-robe"">Lennon Robe</a>.</p>","loop, swimwear:onepieces","REPLACE","187","Swimwear","Apparel & Accessories > Clothing > Swimwear","soleil, migration","shop, discount-collection, shop-2, shop-3","","","","","","<p><br></p><p><br></p><p><strong>Size &amp; Fit Information</strong></p><ul><li>Fits true to size, take your normal size</li><li>Designed for a slim fit&nbsp;</li><li>80% Nylon, 20% Spandex</li><li>Model is 179 cm/5&#39;10.5&quot; and is wearing a size S</li><li>Delicate cycle in cold water with like colors. No bleach. Iron on medium. Hang to dry.</li></ul>","","","","","",""
"6880195018798","bella-tank-one-piece-1","MERGE","Bella Tank One Piece Ivory","<h6>WHY WE LOVE IT</h6>
<p>A timeless summer staple, the Bella tank one piece is cut from matte swim fabric and has an ultra smooth silhouette. The rounded neckline, slim straps and low back are incredibly flattering. This one piece has a low-scooped back and high-cut legs that add to the retro feel.</p>
<p>Style with Eterne's <a href=""https://eterne.com/products/esme-maxi-sarong-1"">Esme Maxi Sarong</a> or <a href=""https://eterne.com/collections/soleil/products/lennon-robe-1"">Lennon Robe</a>.</p>","loop, swimwear:onepieces","REPLACE","187","Swimwear","Apparel & Accessories > Clothing > Swimwear","soleil, migration","shop, discount-collection, shop-2, shop-3","","","","","","<p><br></p><p><br></p><p><strong>Size &amp; Fit Information</strong></p><ul><li>Fits true to size, take your normal size</li><li>Designed for a slim fit&nbsp;</li><li>80% Nylon, 20% Spandex</li><li>Model is 179 cm/5&#39;10.5&quot; and is wearing a size S</li><li>Delicate cycle in cold water with like colors. No bleach. Iron on medium. Hang to dry.</li></ul>","","","","","",""
"6880195051566","bella-tank-one-piece-2","MERGE","Bella Tank One Piece Chocolate","<h6>WHY WE LOVE IT</h6>
<p>A timeless summer staple, the Bella tank one piece is cut from matte swim fabric and has an ultra smooth silhouette. The rounded neckline, slim straps and low back are incredibly flattering. This one piece has a low-scooped back and high-cut legs that add to the retro feel.</p>
<p>Style with Eterne's <a href=""https://eterne.com/products/esme-maxi-sarong-1"">Esme Maxi Sarong</a> or <a href=""https://eterne.com/collections/soleil/products/lennon-robe-2"">Lennon Robe</a>.</p>","loop, swimwear:onepieces","REPLACE","187","Swimwear","Apparel & Accessories > Clothing > Swimwear","soleil, migration","shop, discount-collection, shop-2, shop-3","","","","","","<p><br></p><p><br></p><p><strong>Size &amp; Fit Information</strong></p><ul><li>Fits true to size, take your normal size</li><li>Designed for a slim fit&nbsp;</li><li>80% Nylon, 20% Spandex</li><li>Model is 179 cm/5&#39;10.5&quot; and is wearing a size S</li><li>Delicate cycle in cold water with like colors. No bleach. Iron on medium. Hang to dry.</li></ul>","","","","","",""
"6880195117102","thea-90s-bikini-top","MERGE","Thea Bikini Top Black","<h6>WHY WE LOVE IT</h6>
<p>The Thea bikini top is a timeless poolside staple. Made from matte swim fabric, it's both stretchy and shaping with slender straps that can be fastened around the neck. It has gently ruched triangle cups for minimal coverage and secures with a self-tie at the back. The ties are finished with gold tip ends.</p>
<p>Style with Eterne's <a href=""https://eterne.com/products/thea-90s-bikini-bottom"">Thea Bikini Bottom</a> and <a href=""https://eterne.com/products/esme-maxi-sarong"">Esme Maxi Sarong</a>.</p>","loop, swimwear:bikini-tops","REPLACE","187","Swimwear","Apparel & Accessories > Clothing > Swimwear","soleil","shop, discount-collection, shop-2, shop-3","","","","","","<p><br></p><p><br></p><p><strong>Size &amp; Fit Information</strong></p><ul><li>Runs small, take one size bigger than normal</li><li>Designed for a slim fit&nbsp;</li><li>80% Nylon, 20% Spandex</li><li>Model is 179 cm/5&#39;10.5&quot; and is wearing a size S</li><li>Delicate cycle in cold water with like colors. No bleach. Iron on medium. Hang to dry.</li></ul>","","","","","",""
"6880195149870","thea-90s-bikini-top-1","MERGE","Thea Bikini Top Ivory","<h6>WHY WE LOVE IT</h6>
<p>The Thea bikini top is a timeless poolside staple. Made from matte swim fabric, it's both stretchy and shaping with slender straps that can be fastened around the neck. It has gently ruched triangle cups for minimal coverage and secures with a self-tie at the back. The ties are finished with gold tip ends.</p>
<p>Style with Eterne's <a href=""https://eterne.com/products/thea-90s-bikini-bottom-1"">Thea Bikini Bottom</a> or <a href=""https://eterne.com/products/esme-maxi-sarong-2"">Esme Maxi Sarong</a>.</p>","loop, swimwear:bikini-tops","REPLACE","187","Swimwear","Apparel & Accessories > Clothing > Swimwear","soleil, chloes-packing-list","shop, discount-collection, shop-2, shop-3","","","","","","<p><br></p><p><br></p><p><strong>Size &amp; Fit Information</strong></p><ul><li>Runs small, take one size bigger than normal</li><li>Designed for a slim fit&nbsp;</li><li>80% Nylon, 20% Spandex</li><li>Model is 179 cm/5&#39;10.5&quot; and is wearing a size S</li><li>Delicate cycle in cold water with like colors. No bleach. Iron on medium. Hang to dry.</li></ul>","","","","","",""
"6880195182638","thea-90s-bikini-top-2","MERGE","Thea Bikini Top Chocolate","<h6>WHY WE LOVE IT</h6>
<p>The Thea bikini top is a timeless poolside staple. Made from matte swim fabric, it's both stretchy and shaping with slender straps that can be fastened around the neck. It has gently ruched triangle cups for minimal coverage and secures with a self-tie at the back. The ties are finished with gold tip ends.</p>
<p>Style with Eterne's <a href=""https://eterne.com/products/thea-90s-bikini-bottom-2"">Thea Bikini Bottom</a> or <a href=""https://eterne.com/products/esme-maxi-sarong-1"">Esme Maxi Sarong</a>.</p>","loop, swimwear:bikini-tops","REPLACE","187","Swimwear","Apparel & Accessories > Clothing > Swimwear","soleil","shop, discount-collection, shop-2, shop-3","","","","","","<p><br></p><p><br></p><p><strong>Size &amp; Fit Information</strong></p><ul><li>Runs small, take one size bigger than normal</li><li>Designed for a slim fit&nbsp;</li><li>80% Nylon, 20% Spandex</li><li>Model is 179 cm/5&#39;10.5&quot; and is wearing a size S</li><li>Delicate cycle in cold water with like colors. No bleach. Iron on medium. Hang to dry.</li></ul>","","","","","",""
"6880195215406","thea-90s-bikini-bottom","MERGE","Thea Bikini Bottom Black","<h6>WHY WE LOVE IT</h6>
<p>The Thea bikini bottom will have you strutting confidently along the seashore. Made from matte swim fabric that's stretchy and shaping, they have a low-coverage silhouette that can be adjusted to fit via slender ties at the sides.</p>
<p>Style with Eterne's <a href=""https://eterne.com/products/thea-90s-bikini-top"">Thea Bikini Top</a> and <a href=""https://eterne.com/products/esme-maxi-sarong"">Esme Maxi Sarong</a>.</p>","loop, swimwear:bikini-bottoms","REPLACE","187","Swimwear","Apparel & Accessories > Clothing > Swimwear","soleil, migration","shop, discount-collection, shop-2, shop-3","","","","","","<p><br></p><p><br></p><p><strong>Size &amp; Fit Information</strong></p><ul><li>Fits true to size, take your normal size</li><li>Designed for a slim fit&nbsp;</li><li>80% Nylon, 20% Spandex</li><li>Model is 179 cm/5&#39;10.5&quot; and is wearing a size S</li><li>Delicate cycle in cold water with like colors. No bleach. Iron on medium. Hang to dry.</li></ul>","","","","","",""
"6880195248174","thea-90s-bikini-bottom-1","MERGE","Thea Bikini Bottom Ivory","<h6>WHY WE LOVE IT</h6>
<p>The Thea bikini bottom will have you strutting confidently along the seashore. Made from matte swim fabric that's stretchy and shaping, they have a low-coverage silhouette that can be adjusted to fit via slender ties at the sides.</p>
<p>Style with Eterne's <a href=""https://eterne.com/products/thea-90s-bikini-top-1"">Thea Bikini Top</a> and <a href=""https://eterne.com/products/esme-maxi-sarong-2"">Esme Maxi Sarong</a>.</p>","loop, swimwear:bikini-bottoms","REPLACE","187","Swimwear","Apparel & Accessories > Clothing > Swimwear","soleil, migration, chloes-packing-list","shop, discount-collection, shop-2, shop-3","","","","","","<p><br></p><p><br></p><p><strong>Size &amp; Fit Information</strong></p><ul><li>Fits true to size, take your normal size</li><li>Designed for a slim fit&nbsp;</li><li>80% Nylon, 20% Spandex</li><li>Model is 179 cm/5&#39;10.5&quot; and is wearing a size S</li><li>Delicate cycle in cold water with like colors. No bleach. Iron on medium. Hang to dry.</li></ul>","","","","","",""
"6880195280942","thea-90s-bikini-bottom-2","MERGE","Thea Bikini Bottom Chocolate","<h6>WHY WE LOVE IT</h6>
<p>The Thea bikini bottom will have you strutting confidently along the seashore. Made from matte swim fabric that's stretchy and shaping, they have a low-coverage silhouette that can be adjusted to fit via slender ties at the sides.</p>
<p>Style with Eterne's <a href=""https://eterne.com/products/thea-90s-bikini-top-2"">Thea Bikini Top</a> and <a href=""https://eterne.com/products/esme-maxi-sarong-1"">Esme Maxi Sarong</a>.</p>","loop, swimwear:bikini-bottoms","REPLACE","187","Swimwear","Apparel & Accessories > Clothing > Swimwear","soleil, migration","shop, discount-collection, shop-2, shop-3","","","","","","<p><br></p><p><br></p><p><strong>Size &amp; Fit Information</strong></p><ul><li>Fits true to size, take your normal size</li><li>Designed for a slim fit&nbsp;</li><li>80% Nylon, 20% Spandex</li><li>Model is 179 cm/5&#39;10.5&quot; and is wearing a size S</li><li>Delicate cycle in cold water with like colors. No bleach. Iron on medium. Hang to dry.</li></ul>","","","","","",""
"6880195313710","esme-maxi-sarong","MERGE","Esme Maxi Sarong Black","<h6>WHY WE LOVE IT</h6>
<p>The Esme maxi sarong is made from lightweight cotton and has a naturally crinkle finish, so you can take it straight from your luggage and head to the beach. Tie it around to sculpt your waist or knot it around your chest, styling it as a maxi dress.</p>
<p>Style with Eterne's <a href=""https://eterne.com/products/thea-90s-bikini-top"">Thea Bikini Top</a> and <a href=""https://eterne.com/products/thea-90s-bikini-bottom"">Bikini Bottom</a>.</p>","loop, new_in: 2023-04-27, swimwear:onepieces","REPLACE","187","Swimwear","Apparel & Accessories > Clothing > Swimwear","soleil, migration","shop, discount-collection, shop-2, shop-3","","","","","","<p><br></p><p><br></p><p><strong>Size &amp; Fit Information</strong></p><ul><li>Fits true to size, take your normal size.</li><li>Designed for a slim fit&nbsp;</li><li>100% cotton</li><li>Model is 179 cm/5&#39;10.5&quot; and is wearing a size O/S</li><li>Delicate cycle in cold water with like colors. No bleach. Iron on medium. Hang to dry.</li></ul>","","","","","",""
"6880195346478","esme-maxi-sarong-1","MERGE","Esme Maxi Sarong Chocolate","<h6>WHY WE LOVE IT</h6>
<p>The Esme maxi sarong is made from lightweight cotton and has a naturally crinkle finish, so you can take it straight from your luggage and head to the beach. Tie it around to sculpt your waist or knot it around your chest, styling it as a maxi dress.</p>
<p>Style with Eterne's <a href=""https://eterne.com/products/thea-90s-bikini-top-2"">Thea Bikini Top</a> and <a href=""https://eterne.com/products/thea-90s-bikini-bottom-2"">Bikini Bottom</a>.</p>","loop, new_in: 2023-04-27, swimwear:onepieces","REPLACE","187","Swimwear","Apparel & Accessories > Clothing > Swimwear","soleil, migration","shop, discount-collection, shop-2, shop-3","","","","","","<p><br></p><p><br></p><p><strong>Size &amp; Fit Information</strong></p><ul><li>Fits true to size, take your normal size.</li><li>Designed for a slim fit&nbsp;</li><li>100% cotton</li><li>Model is 179 cm/5&#39;10.5&quot; and is wearing a size S</li><li>Delicate cycle in cold water with like colors. No bleach. Iron on medium. Hang to dry.</li></ul>","","","","","",""
"6880195379246","esme-maxi-sarong-2","MERGE","Esme Maxi Sarong Ivory","<h6>WHY WE LOVE IT</h6>
<p>The Esme maxi sarong is made from lightweight cotton and has a naturally crinkle finish, so you can take it straight from your luggage and head to the beach. Tie it around to sculpt your waist or knot it around your chest, styling it as a maxi dress.</p>
<p>Style with Eterne's <a href=""https://eterne.com/products/thea-90s-bikini-top-1"">Thea Bikini Top</a> and <a href=""https://eterne.com/products/thea-90s-bikini-bottom-1"">Bikini Bottom</a>.</p>","loop, new_in: 2023-04-27, swimwear:onepieces","REPLACE","187","Swimwear","Apparel & Accessories > Clothing > Swimwear","soleil, migration","shop, discount-collection, shop-2, shop-3","","","","","","<p><br></p><p><br></p><p><strong>Size &amp; Fit Information</strong></p><ul><li>Fits true to size, take your normal size.</li><li>Designed for a slim fit&nbsp;</li><li>100% cotton</li><li>Model is 179 cm/5&#39;10.5&quot; and is wearing a size S</li><li>Delicate cycle in cold water with like colors. No bleach. Iron on medium. Hang to dry.</li></ul>","","","","","",""
"6880502186030","willow-pant","MERGE","Willow Pant Black","<h6>WHY WE LOVE IT</h6>
<p>Cut from 100% cotton to a relaxed silhouette with flowing loose-cut legs and a comfy drawstring waist. </p>
<p>Style with Éterne's <a href=""https://eterne.com/collections/soleil/products/jolene-button-down-top"">Jolene</a> button down top to complete the look.</p>","bottoms:pants, loop, pants","REPLACE","173","Pants","Apparel & Accessories > Clothing > Pants","soleil","shop, discount-collection, shop-2, shop-3, pants","","","","","","<p><br></p><p><br></p><p><strong>Size &amp; Fit Information</strong></p><ul><li>Fits true to size, take your normal size</li><li>Designed for a slim fit</li><li>100% cotton</li><li>Model is 179 cm/5&#39;10.5&quot; and is wearing a size S</li><li>Inseam 33 &frac14;&nbsp;</li><li><span style=""font-size:11pt;font-family:Arial;color:#454545;background-color:transparent;font-weight:400;font-style:normal;font-variant:normal;text-decoration:none;vertical-align:baseline;white-space:pre;white-space:pre-wrap;"">Delicate cycle in cold water. No bleach. Iron on medium. Hang to dry.</span></li></ul>","","","","","",""
"6880502218798","willow-pant-1","MERGE","Willow Pant Ivory","<h6>WHY WE LOVE IT</h6>
<p>Cut from 100% cotton to a relaxed silhouette with flowing loose-cut legs and a comfy drawstring waist. </p>
<p>Style with Éterne's <a href=""https://eterne.com/collections/soleil/products/jolene-button-down-top-1"">Jolene</a> button down top to complete the look.</p>","bottoms:pants, loop, pants","REPLACE","173","Pants","Apparel & Accessories > Clothing > Pants","soleil, chloes-packing-list","shop, discount-collection, shop-2, shop-3, pants","","","","","","<p><br></p><p><br></p><p><strong>Size &amp; Fit Information</strong></p><ul><li>Fits true to size, take your normal size</li><li>Designed for a slim fit</li><li>100% cotton</li><li>Model is 179 cm/5&#39;10.5&quot; and is wearing a size S</li><li>Inseam 33 &frac14;&nbsp;</li><li><span style=""font-size:11pt;font-family:Arial;color:#454545;background-color:transparent;font-weight:400;font-style:normal;font-variant:normal;text-decoration:none;vertical-align:baseline;white-space:pre;white-space:pre-wrap;"">Delicate cycle in cold water. No bleach. Iron on medium. Hang to dry.</span></li></ul>","","","","","",""
"6880502251566","willow-pant-2","MERGE","Willow Pant Chocolate","<h6>WHY WE LOVE IT</h6>
<p>Cut from 100% cotton to a relaxed silhouette with flowing loose-cut legs and a comfy drawstring waist. </p>
<p>Style with Éterne's <a href=""https://eterne.com/products/willow-pant-2"">Jolene</a> button down top to complete the look.</p>","archive, bottoms:pants, loop","REPLACE","173","Pants","Apparel & Accessories > Clothing > Pants","bottoms, soleil","shop, discount-collection, shop-2, shop-3","","","","","","<p><br></p><p><br></p><p><strong>Size &amp; Fit Information</strong></p><ul><li>Fits true to size, take your normal size</li><li>Designed for a slim fit</li><li>100% cotton</li><li>Model is 179 cm/5&#39;10.5&quot; and is wearing a size S</li><li>Inseam 33 &frac14;&nbsp;</li><li><span style=""font-size:11pt;font-family:Arial;color:#454545;background-color:transparent;font-weight:400;font-style:normal;font-variant:normal;text-decoration:none;vertical-align:baseline;white-space:pre;white-space:pre-wrap;"">Delicate cycle in cold water. No bleach. Iron on medium. Hang to dry.</span></li></ul>","","","","","",""
"6880502284334","lennon-robe","MERGE","Lennon Robe Black","<h6>WHY WE LOVE IT</h6>
<p>Made from lightweight cotton, the Lennon Robe is cut for a relaxed fit with a tie belt to cinch the shape. Designed with pockets and long sleeves.</p>
<p>Style with Eterne's <a href=""https://eterne.com/collections/soleil/products/amelia-halter-one-piece"">Amelia</a> or <a href=""https://eterne.com/collections/soleil/products/bella-tank-one-piece"">Bella</a> one piece swimsuits.</p>","archive, Final Sale, new_in: 2023-05-23","REPLACE","182","Robes","Apparel & Accessories > Clothing > Sleepwear & Loungewear > Robes","soleil, sale, migration","shop, discount-collection, shop-2, shop-3","","","","","","<p><br></p><p><br></p><p><strong>Size &amp; Fit Information</strong></p><ul><li>Fits true to size, take your normal size</li><li>Designed for a slim fit</li><li>100% cotton</li><li>Model is 179 cm/5&#39;10.5&quot; and is wearing a size S</li><li>Inseam 33 &frac14;&nbsp;</li><li><span style=""font-size:11pt;font-family:Arial;color:#454545;background-color:transparent;font-weight:400;font-style:normal;font-variant:normal;text-decoration:none;vertical-align:baseline;white-space:pre;white-space:pre-wrap;"">Delicate cycle in cold water. No bleach. Iron on medium. Hang to dry.</span></li></ul>","","","","","",""
"6880502317102","lennon-robe-1","MERGE","Lennon Robe Ivory","<h6>WHY WE LOVE IT</h6>
<p>Made from lightweight cotton, the Lennon Robe is cut for a relaxed fit with a tie belt to cinch the shape. Designed with pockets and long sleeves.</p>
<p>Style with Eterne's <a href=""https://eterne.com/collections/soleil/products/amelia-halter-one-piece"">Amelia</a> or <a href=""https://eterne.com/collections/soleil/products/bella-tank-one-piece-1"">Bella</a> one piece swimsuits.</p>","archive, Final Sale, new_in: 2023-05-23","REPLACE","182","Robes","Apparel & Accessories > Clothing > Sleepwear & Loungewear > Robes","soleil, sale, migration","shop, discount-collection, shop-2, shop-3","","","","","","<p><br></p><p><br></p><p><strong>Size &amp; Fit Information</strong></p><ul><li>Fits true to size, take your normal size</li><li>Designed for a slim fit</li><li>100% cotton</li><li>Model is 179 cm/5&#39;10.5&quot; and is wearing a size S</li><li>Inseam 33 &frac14;&nbsp;</li><li><span style=""font-size:11pt;font-family:Arial;color:#454545;background-color:transparent;font-weight:400;font-style:normal;font-variant:normal;text-decoration:none;vertical-align:baseline;white-space:pre;white-space:pre-wrap;"">Delicate cycle in cold water. No bleach. Iron on medium. Hang to dry.</span></li></ul>","","","","","",""
"6880502349870","lennon-robe-2","MERGE","Lennon Robe Chocolate","<h6>WHY WE LOVE IT</h6>
<p>Made from lightweight cotton, the Lennon Robe is cut for a relaxed fit with a tie belt to cinch the shape. Designed with pockets and long sleeves.</p>
<p>Style with Eterne's <a href=""https://eterne.com/collections/soleil/products/amelia-halter-one-piece-2"">Amelia</a> or <a href=""https://eterne.com/collections/soleil/products/bella-tank-one-piece-2"">Bella</a> one piece swimsuits.</p>","archive, Final Sale, new_in: 2023-05-05","REPLACE","182","Robes","Apparel & Accessories > Clothing > Sleepwear & Loungewear > Robes","soleil, sale, migration","shop, discount-collection, shop-2, shop-3","","","","","","<p><br></p><p><br></p><p><strong>Size &amp; Fit Information</strong></p><ul><li>Fits true to size, take your normal size</li><li>Designed for a slim fit</li><li>100% cotton</li><li>Model is 179 cm/5&#39;10.5&quot; and is wearing a size S</li><li>Inseam 33 &frac14;&nbsp;</li><li><span style=""font-size:11pt;font-family:Arial;color:#454545;background-color:transparent;font-weight:400;font-style:normal;font-variant:normal;text-decoration:none;vertical-align:baseline;white-space:pre;white-space:pre-wrap;"">Delicate cycle in cold water. No bleach. Iron on medium. Hang to dry.</span></li></ul>","","","","","",""
"6884500176942","georgia-maxi-dress","MERGE","Georgia Dress Cream","<h6>WHY WE LOVE IT</h6>
<p>Cut from an ultra thin Italian matte stretch jersey, our Georgia dress is ultra-flattering with its maxi length and front button closure.</p>","loop","REPLACE","160","Dresses","Apparel & Accessories > Clothing > Dresses","soir, migration","shop, discount-collection, shop-2, shop-3","","","","","","<p><br></p><p><br></p><p><strong>Size &amp; Fit Information</strong></p><ul><li>This style runs small, take one size bigger than normal</li><li>Designed for a close fit&nbsp;</li><li>76% Viscose, 19% Nylon, 5% Elastane</li><li>Model is 177 cm/5&#39;10&quot; and is wearing a size S</li><li>Dry clean only</li></ul>","","","","","",""
"6884500209710","charlie-top","MERGE","Charlie Top Cream","<h6>WHY WE LOVE IT<br>
</h6>
<p>Cut from an ultra thin Italian matte stretch jersey, our Charlie top is the perfect day-to-night essential.<br></p>
<p>Style with your favorite pair of jeans, leather pants or make it a set with Éterne's <a href=""https://eterne.com/products/emma"">Emma maxi skirt</a>.</p>","loop","REPLACE","174","Shirts & Tops","Apparel & Accessories > Clothing > Shirts & Tops","tops, soir, migration","shop, discount-collection, shop-2, shop-3","","","","","","<p><br></p><p><br></p><p><strong>Size &amp; Fit Information</strong></p><ul><li>Fits true to size, take your normal size</li><li>Designed for a close fit&nbsp;</li><li>76% Viscose, 19% Nylon, 5% Elastane</li><li>Model is 177 cm/5&#39;10&quot; and is wearing a size S</li><li>Dry clean only</li></ul>","","","","","",""
"6884500242478","sloane-dress","MERGE","Sloane Dress Cream","<h6>WHY WE LOVE IT</h6>
<p>Cut from an ultra thin Italian matte stretch jersey, our Sloane dress is ultra-flattering with its mini length and front button closure.</p>","archive, dresses, dresses:mini, Final Sale","REPLACE","160","Dresses","Apparel & Accessories > Clothing > Dresses","soir, sale, migration","shop, discount-collection, shop-2, shop-3, dresses, dresses-1","","","","","","<p><br></p><p><br></p><p><strong>Size &amp; Fit Information</strong></p><ul><li>This style runs small, take one size bigger than normal</li><li>Designed for a close fit&nbsp;</li><li>76% Viscose, 19% Nylon, 5% Elastane</li><li>Model is 177 cm/5&#39;10&quot; and is wearing a size S</li><li>Dry clean only</li></ul>","","","","","",""
"6884500275246","romee-top","MERGE","Romee Top Cream","<h6>WHY WE LOVE IT<br>
</h6>
<p>Cut from an ultra thin Italian matte stretch jersey, our Romee top is the perfect day-to-night essential.<br></p>
<p>Style with your favorite pair of jeans, leather pants or make it a set with Éterne's <a href=""https://eterne.com/products/emma-skirt"">Emma maxi skirt</a>.</p>","archive, Final Sale, tops:l/s","REPLACE","174","Shirts & Tops","Apparel & Accessories > Clothing > Shirts & Tops","tops, soir, sale","shop, discount-collection, shop-2, shop-3","","","","","","<p><br></p><p><br></p><p><strong>Size &amp; Fit Information</strong></p><ul><li>Fits true to size, take your normal size</li><li>Designed for a close fit&nbsp;</li><li>76% Viscose, 19% Nylon, 5% Elastane</li><li>Model is 177 cm/5&#39;10&quot; and is wearing a size S</li><li>Dry clean only</li></ul>","","","","","",""
"6884500308014","chloe-top","MERGE","Chloé Top Cream","<h6>WHY WE LOVE IT</h6>
<p>Cut from an ultra thin Italian matte stretch jersey, our Chloé top is the perfect day-to-night essential.</p>
Style with your favorite pair of jeans, leather pants or make it a set with <a href=""https://eterne.com/products/emma-skirt"">Éterne's Emma skirt</a>.","archive, Final Sale, tops:s/s","REPLACE","174","Shirts & Tops","Apparel & Accessories > Clothing > Shirts & Tops","tops, soir, sale, migration","shop, discount-collection, shop-2, shop-3","","","","","","<p><br></p><p><br></p><p><strong>Size &amp; Fit Information</strong></p><ul><li>Fits true to size, take your normal size</li><li>Designed for a close fit&nbsp;</li><li>76% Viscose, 19% Nylon, 5% Elastane</li><li>Model is 177 cm/5&#39;10&quot; and is wearing a size S</li><li>Dry clean only</li></ul>","","","","","",""
"6884500340782","simone-top","MERGE","Simone Top Cream","<h6>WHY WE LOVE IT</h6>
<p>Cut from an ultra thin Italian matte stretch jersey, our Simone top is the perfect day-to-night essential.</p>
<p>Style with your favorite pair of jeans, leather pants or make it a set with <a href=""https://eterne.com/products/emma-skirt"">Éterne's Emma skirt</a>.</p>","archive, Final Sale, loop, tops:l/s","REPLACE","174","Shirts & Tops","Apparel & Accessories > Clothing > Shirts & Tops","tops, soir, sale, migration","shop, discount-collection, shop-2, shop-3","","","","","","<p><br></p><p><br></p><p><strong>Size &amp; Fit Information</strong></p><ul><li>Fits true to size, take your normal size</li><li>Designed for a close fit&nbsp;</li><li>76% Viscose, 19% Nylon, 5% Elastane</li><li>Model is 177 cm/5&#39;10&quot; and is wearing a size S</li><li>Dry clean only</li></ul>","","","","","",""
"6884500373550","emma-skirt","MERGE","Emma Skirt Cream","<h6>WHY WE LOVE IT</h6>
<p>Cut from an ultra thin Italian matte stretch jersey, our Emma maxi skirt is the perfect day-to-night essential.</p>
<p>Style with <a href=""https://eterne.com/products/cropped-scoop-neck-tank-ivory"">Éterne's cropped scoop neck tank</a>, or make it a set with <a href=""https://eterne.com/products/charlie-top"">Éterne's Charlie top</a>.</p>","archive, bottom:skirt, Final Sale, skirt","REPLACE","176","Skirts","Apparel & Accessories > Clothing > Skirts","bottoms, soir, sale, migration","shop, discount-collection, shop-2, shop-3","","","","","","<p><br></p><p><br></p><p><strong>Size &amp; Fit Information</strong></p><ul><li>Fits true to size, take your normal size</li><li>Designed for a close fit&nbsp;</li><li>76% Viscose, 19% Nylon, 5% Elastane</li><li>Model is 177 cm/5&#39;10&quot; and is wearing a size S</li><li>Dry clean only</li></ul>","","","","","",""
"6891031068718","tank-dress-mini-chocolate","MERGE","Tank Mini Dress Chocolate","<p> </p>
<h6>WHY WE LOVE IT</h6>
<div>
<p dir=""ltr""><span>Éterne's tank mini dress is crafted from a butter soft ribbed cotton and modal blend, offering a slim fit and a mini length—a versatile essential for everyday wear.</span></p>
</div>
<p><span>Style with your favorite oversized blazer and a pair of knee high boots, or over your bikini as the perfect summer coverup.</span></p>
<div></div>","dresses, dresses:mini, loop","REPLACE","160","Dresses","Apparel & Accessories > Clothing > Dresses","dresses-2","shop, discount-collection, shop-2, shop-3, dresses, dresses-1","","","","","","<p><br></p><p><br></p><p><strong>Size &amp; Fit Information</strong></p><ul><li>Fits true to size, take your normal size</li><li>Designed for a slim fit&nbsp;</li><li>48% Cotton 48% Modal 4% Spandex</li><li>Model is 177 cm/5&#39;10&quot; and is wearing a size S</li><li>Machine wash cold. Non-chlorine bleach. Tumble dry low. Cool iron. Do not dry clean.&nbsp;</li></ul>","","","","","",""
"6891031101486","terry-raglan-cutoff-top","MERGE","TERRY RAGLAN CUTOFF TOP HEATHER GREY","<h6>WHY WE LOVE IT</h6>
<p><meta charset=""utf-8""><span>Cut from a butter soft French terry, our Raglan Cutoff Top is a modern take on a vintage favorite. This classic ""V"" crewneck features a slight cropped length, comfortably loose body and cutoff raglan sleeves that instantly give it a lived-in feel.</span></p>
<p>Style with your favorite pair of jeans or make it a set with Éterne's <a href=""https://eterne.com/products/terry-boyfriend-short"">Terry Raglan Boyfriend Short</a>.</p>","bottoms:shorts, loop, loungewear","REPLACE","174","Shirts & Tops","Apparel & Accessories > Clothing > Shirts & Tops","tops, bottoms, terry","shop, discount-collection, shop-2, shop-3, loungewear","","","","","","<p><br></p><p><br></p><p><strong>Size &amp; Fit Information</strong></p><ul><li>Fits true to size, take your normal size</li><li>Designed for a slim fit&nbsp;</li><li>77% Cotton 23% Modal</li><li>Model is 179 cm/5&#39;10.5&quot; and is wearing a size S</li><li>Machine wash cold with like colors. Non-chlorine bleach if needed. Tumble dry low. Cool iron. Do not dry clean.&nbsp;</li></ul>","","","","","",""
"6891031134254","terry-raglan-cutoff-top-1","MERGE","TERRY RAGLAN CUTOFF TOP CREAM","<h6>WHY WE LOVE IT</h6>
<p><meta charset=""utf-8""><span>Cut from a butter soft French terry, our Raglan Cutoff Top is a modern take on a vintage favorite. This classic ""V"" crewneck features a slight cropped length, comfortably loose body and cutoff raglan sleeves that instantly give it a lived-in feel. </span></p>
<p>Style with your favorite pair of jeans or make it a set with Éterne's <a href=""https://eterne.com/products/terry-boyfriend-short-1"">Terry Raglan Boyfriend Short</a>.</p>","bottoms:shorts, loop, loungewear","REPLACE","174","Shirts & Tops","Apparel & Accessories > Clothing > Shirts & Tops","tops, bottoms, terry","shop, discount-collection, shop-2, shop-3, loungewear","","","","","","<p><br></p><p><br></p><p><strong>Size &amp; Fit Information</strong></p><ul><li>Fits true to size, take your normal size</li><li>Designed for a slim fit&nbsp;</li><li>77% Cotton 23% Modal</li><li>Model is 179 cm/5&#39;10.5&quot; and is wearing a size S</li><li>Machine wash cold with like colors. Non-chlorine bleach if needed. Tumble dry low. Cool iron. Do not dry clean.&nbsp;</li></ul>","","","","","",""
"6891031167022","terry-boyfriend-short","MERGE","TERRY BOYFRIEND SHORT HEATHER GREY","<h6>WHY WE LOVE IT</h6>
<p><meta charset=""utf-8""><span>Cut from a butter soft French terry, our Boyfriend Short features a loose and comfortable fit, relaxed waistband for a flattering silhouette. Style details include an elastized waistband, side slash pockets and raw hems. </span></p>
<p>Style with your favorite tank, white tee or make it a set with Éterne's <a href=""https://eterne.com/products/terry-raglan-cutoff-top"">Terry Raglan Cutoff Top</a>.</p>","bottoms:shorts, loop, loungewear","REPLACE","175","Shorts","Apparel & Accessories > Clothing > Shorts","bottoms, terry","shop, discount-collection, shop-2, shop-3, loungewear","","","","","","<p><br></p><p><br></p><p><strong>Size &amp; Fit Information</strong></p><ul><li>Fits true to size, take your normal size</li><li>Designed for a slim fit&nbsp;</li><li>77% Cotton 23% Modal</li><li>Model is 179 cm/5&#39;10.5&quot; and is wearing a size S</li><li>Machine wash cold with like colors. Non-chlorine bleach if needed. Tumble dry low. Cool iron. Do not dry clean.&nbsp;</li></ul>","","","","","",""
"6891031199790","terry-boyfriend-short-1","MERGE","TERRY BOYFRIEND SHORT CREAM","<h6>WHY WE LOVE IT</h6>
<p><meta charset=""utf-8""><span>Éterne’s terry boyfriend short is crafted from a butter soft french terry cotton and modal blend,
offering a relaxed fit and a unisex look—a versatile essential for everyday wear. </span></p>
<p>Style with your favorite tank, white tee or make it a set with Éterne's <a href=""https://eterne.com/products/terry-raglan-cutoff-top-1"">Terry Raglan Cutoff Top</a>.</p>","bottoms:shorts, loop, loungewear","REPLACE","175","Shorts","Apparel & Accessories > Clothing > Shorts","bottoms, terry","shop, discount-collection, shop-2, shop-3, loungewear","","","","","","<p><br></p><p><br></p><p><strong>Size &amp; Fit Information</strong></p><ul><li>Fits true to size, take your normal size</li><li>Designed for a slim fit&nbsp;</li><li>77% Cotton 23% Modal</li><li>Model is 179 cm/5&#39;10.5&quot; and is wearing a size S</li><li>Machine wash cold with like colors. Non-chlorine bleach if needed. Tumble dry low. Cool iron. Do not dry clean.&nbsp;</li></ul>","","","","","",""
"6895716728878","ines","MERGE","Ines Racerback Tank Millet","<h6>WHY WE LOVE IT<br>
</h6>
<p>Our classic racerback tank reimagined in super soft, featherweight ribbed cashmere. Perfect for layering or worn alone, it's the perfect tank upgrade.<br></p>

<p>Style with your favorite pair of jeans or make it a set with Éterne's <a href=""https://eterne.com/products/emma-skirt-1"">cashmere Emma Skirt</a>.</p>","archive, Final Sale, loop, tops:tanks","REPLACE","174","Shirts & Tops","Apparel & Accessories > Clothing > Shirts & Tops","cashmere, sale, migration","shop, discount-collection, shop-2, shop-3","","","","","","<p><br></p><p><br></p><p><strong>Size &amp; Fit Information</strong></p><ul><li>Fits true to size, take your normal size</li><li>Designed for a slim fit&nbsp;</li><li>100% Cashmere</li><li>Model is 177 cm/5&#39;10&quot; and is wearing a size S</li><li>&nbsp;Dry clean only</li></ul>","","","","","",""
"6895716761646","poppy","MERGE","Poppy Cardigan Millet","<h6>WHY WE LOVE IT<br>
</h6>
<p>A cropped, fitted cardigan in our super soft, featherweight cashmere -- an all-year-round essential.<br></p>
<p>Style with your favorite pair of jeans or make it a set with Éterne's <a href=""https://eterne.com/products/emma-skirt-1"">cashmere Emma Skirt</a>.</p>","archive, cashmere:cardigans, Final Sale, loop","REPLACE","174","Shirts & Tops","Apparel & Accessories > Clothing > Shirts & Tops","cashmere, sale","shop, discount-collection, shop-2, shop-3","","","","","","<p><br></p><p><br></p><p><strong>Size &amp; Fit Information</strong></p><ul><li>Fits true to size, take your normal size</li><li>Designed for a slim fit&nbsp;</li><li>100% Cashmere</li><li>Model is 177 cm/5&#39;10&quot; and is wearing a size S</li><li>Dry clean only</li></ul>","","","","","",""
"6895716794414","cheyenne","MERGE","Cheyenne Cropped Sweater Millet","<h6>WHY WE LOVE IT<br>
</h6>
<p>Our perfect all year round layering sweater in super soft, featherweight ribbed cashmere, the Cheyenne is a cropped long sleeve sweater cut for a slightly looser fit.<br></p>

<p>Style with your favorite pair of jeans or make it a set with Éterne's <a href=""https://eterne.com/products/emma-skirt-1"">cashmere Emma Skirt</a>.</p>","archive, cashmere:sweaters, Final Sale, loop, tops:l/s","REPLACE","174","Shirts & Tops","Apparel & Accessories > Clothing > Shirts & Tops","cashmere, sale, migration","shop, discount-collection, shop-2, shop-3","","","","","","<p><br></p><p><br></p><p><strong>Size &amp; Fit Information</strong></p><ul><li>Fits true to size, take your normal size</li><li>Designed for an oversized fit&nbsp;</li><li>100% Cashmere</li><li>Model is 177 cm/5&#39;10&quot; and is wearing a size S</li><li>Dry clean only</li></ul>","","","","","",""
"6895716827182","emma-skirt-1","MERGE","Emma Cashmere Skirt Millet","<h6>WHY WE LOVE IT</h6>
<p>Our classic maxi skirt reimagined in super soft, featherweight cashmere. The ultimate day to night piece upgraded for comfort and luxury.<br></p>
<p>Style with Éterne's <a href=""https://eterne.com/products/ines"">Ines Racerback Tank</a>, <a href=""https://eterne.com/products/cheyenne"">Cheyenne Sweater</a>, <a href=""https://eterne.com/products/poppy"">Poppy Cardigan</a>, or <a href=""https://eterne.com/products/james-sweater-millet"">James Sweater</a>.</p>","bottoms:skirt, loop, skirt","REPLACE","176","Skirts","Apparel & Accessories > Clothing > Skirts","bottoms, cashmere, migration","shop, discount-collection, shop-2, shop-3","","","","","","<p><br></p><p><br></p><p><strong>Size &amp; Fit Information</strong></p><ul><li>Fits true to size, take your normal size</li><li>Designed for a slim fit&nbsp;</li><li>100% Cashmere</li><li>Model is 177 cm/5&#39;10&quot; and is wearing a size S</li><li>Dry clean only</li></ul>","","","","","",""
"6895716859950","james-sweater-millet","MERGE","James Cashmere Sweater Millet","<h6>WHY WE LOVE IT</h6>
Cut from a medium weight, butter soft cashmere, our James sweater is the perfect everyday essential. <br><br>Style with your favorite pair of jeans or make it a set with Éterne's <a href=""https://eterne.com/collections/cashmere/products/emma-skirt-1"">Emma Cashmere Skirt</a>.","cashmere:sweaters, loop","REPLACE","174","Shirts & Tops","Apparel & Accessories > Clothing > Shirts & Tops","cashmere, migration","shop, discount-collection, shop-2, shop-3","","","","","","<p><br></p><p><br></p><p><strong>Size &amp; Fit Information</strong></p><ul><li>Fits true to size, take your normal size</li><li>Designed for a loose comfortable fit&nbsp;</li><li>100% Cashmere</li><li>Model is 177 cm/5&#39;10&quot; and is wearing a size S</li><li>Dry clean only</li></ul>","","","","","",""
"6895716892718","francis-top","MERGE","Francis Cashmere Sweater Millet","<h6>WHY WE LOVE IT</h6>
<p>Cut from a lightweight, butter soft cashmere, our Francis sweater features a slight cropped length with a comfortably fitted body. The Francis is<span> </span>the perfect day to night essential. </p>
<p>Style with your favorite pair of jeans or make it a set with Éterne's <a href=""https://eterne.com/collections/cashmere/products/emma-skirt-1"">Emma Cashmere Skirt.</a></p>","cashmere:sweaters, loop","REPLACE","174","Shirts & Tops","Apparel & Accessories > Clothing > Shirts & Tops","cashmere, migration","shop, discount-collection, shop-2, shop-3","","","","","","<p><br></p><p><br></p><p><strong>Size &amp; Fit Information</strong></p><ul><li>Runs small, size up</li><li>Designed for a slim fit&nbsp;</li><li>100% Cashmere</li><li>Model is 177 cm/5&#39;10&quot; and is wearing a size S</li><li>Dry clean only</li></ul>","","","","","",""
"6895719153710","ines-1","MERGE","Ines Racerback Tank Black","<h6>WHY WE LOVE IT<br>
</h6>
<p>Our classic racerback tank reimagined in super soft, featherweight ribbed cashmere. Perfect for layering or worn alone, it's the perfect tank upgrade.<br></p>
<p>Style with your favorite pair of jeans or make it a set with Éterne's <a href=""https://eterne.com/collections/bottoms/products/straight-leg-sweatpant-black"">Straight Leg Sweatpant.</a></p>","archive, Final Sale, loop, tops:tanks","REPLACE","174","Shirts & Tops","Apparel & Accessories > Clothing > Shirts & Tops","cashmere, sale, migration","shop, discount-collection, shop-2, shop-3","","","","","","<p><br></p><p><br></p><p><strong>Size &amp; Fit Information</strong></p><ul><li>Fits true to size, take your normal size</li><li>Designed for a slim fit&nbsp;</li><li>100% Cashmere</li><li>Model is 177 cm/5&#39;10&quot; and is wearing a size S</li><li>&nbsp;Dry clean only</li></ul>","","","","","",""
"6895719219246","ines-2","MERGE","Ines Racerback Top Cream","<h6>WHY WE LOVE IT<br>
</h6>
<p>Our classic racerback tank reimagined in super soft, featherweight ribbed cashmere. Perfect for layering or worn alone, it's the perfect tank upgrade.<br></p>

<p>Style with your favorite pair of jeans or make it a set with Éterne's <a href=""https://eterne.com/products/emma-skirt-3"">cashmere Emma Skirt</a>.</p>","loop","REPLACE","174","Shirts & Tops","Apparel & Accessories > Clothing > Shirts & Tops","migration","shop, discount-collection, shop-2, shop-3","","","","","","<p><br></p><p><br></p><p><strong>Size &amp; Fit Information</strong></p><ul><li>Fits true to size, take your normal size</li><li>Designed for a slim fit&nbsp;</li><li>100% Cashmere</li><li>Model is 177 cm/5&#39;10&quot; and is wearing a size S</li><li>&nbsp;Dry clean only</li></ul>","","","","","",""
"6895719284782","blaise","MERGE","BLAISE","","loop","REPLACE","","","","migration","shop, discount-collection, shop-2, shop-3","","","","","","","","","","","",""
"6895719317550","blaise-1","MERGE","BLAISE","","loop","REPLACE","","","","migration","shop, discount-collection, shop-2, shop-3","","","","","","","","","","","",""
"6895719383086","blaise-2","MERGE","BLAISE","","loop","REPLACE","","","","migration","shop, discount-collection, shop-2, shop-3","","","","","","","","","","","",""
"6895719415854","jamie","MERGE","JAMIE","","loop","REPLACE","9483","Uncategorized","Uncategorized","migration","shop, discount-collection, shop-2, shop-3","","","","","","","","","","","",""
"6895719481390","jamie-1","MERGE","JAMIE","","loop","REPLACE","9483","Uncategorized","Uncategorized","migration","shop, discount-collection, shop-2, shop-3","","","","","","","","","","","",""
"6895719514158","jamie-2","MERGE","JAMIE","","loop","REPLACE","9483","Uncategorized","Uncategorized","migration","shop, discount-collection, shop-2, shop-3","","","","","","","","","","","",""
"6895719579694","poppy-1","MERGE","Poppy Cardigan Black","<h6>WHY WE LOVE IT<br>
</h6>
<p>A cropped, fitted cardigan in our super soft, featherweight cashmere -- an all-year-round essential.<br></p>

<p>Style with your favorite pair of jeans or make it a set with Éterne's <a href=""https://eterne.com/products/emma-skirt-2"">cashmere Emma Skirt</a>.</p>","archive, cashmere:cardigans, Final Sale, loop","REPLACE","174","Shirts & Tops","Apparel & Accessories > Clothing > Shirts & Tops","cashmere, sale","shop, discount-collection, shop-2, shop-3","","","","","","<p><br></p><p><br></p><p><strong>Size &amp; Fit Information</strong></p><ul><li>Fits true to size, take your normal size</li><li>Designed for a slim fit&nbsp;</li><li>100% Cashmere</li><li>Model is 177 cm/5&#39;10&quot; and is wearing a size S</li><li>Dry clean only</li></ul>","","","","","",""
"6895719612462","poppy-2","MERGE","Poppy Cardigan Cream","<h6>WHY WE LOVE IT<br>
</h6>
<p>A cropped, fitted cardigan in our super soft, featherweight cashmere -- an all-year-round essential.<br></p>

<p>Style with your favorite pair of jeans or make it a set with Éterne's <a href=""https://eterne.com/products/emma-skirt-3"">cashmere Emma Skirt</a>.</p>","dev, loop","REPLACE","174","Shirts & Tops","Apparel & Accessories > Clothing > Shirts & Tops","","shop, discount-collection, shop-2, shop-3","","","","","","<p><br></p><p><br></p><p><strong>Size &amp; Fit Information</strong></p><ul><li>Fits true to size, take your normal size</li><li>Designed for a slim fit&nbsp;</li><li>100% Cashmere</li><li>Model is 177 cm/5&#39;10&quot; and is wearing a size S</li><li>Dry clean only</li></ul>","","","","","",""
"6895719645230","cheyenne-1","MERGE","Cheyenne Cropped Sweater Black","<h6>WHY WE LOVE IT<br>
</h6>
<p>Our perfect all year round layering sweater in super soft, featherweight ribbed cashmere, the Cheyenne is a cropped long sleeve sweater cut for a slightly looser fit.<br></p>
<p>Style with your favorite pair of jeans or make it a set with Éterne's <a href=""https://eterne.com/products/emma-skirt-2"">cashmere Emma Skirt</a>.</p>","archive, cashmere:sweaters, Final Sale, tops:l/s","REPLACE","174","Shirts & Tops","Apparel & Accessories > Clothing > Shirts & Tops","cashmere, sale, migration","shop, discount-collection, shop-2, shop-3","","","","","","<p><br></p><p><br></p><p><strong>Size &amp; Fit Information</strong></p><ul><li>Fits true to size, take your normal size</li><li>Designed for an oversized fit&nbsp;</li><li>100% Cashmere</li><li>Model is 177 cm/5&#39;10&quot; and is wearing a size S</li><li>Dry clean only</li></ul>","","","","","",""
"6895719677998","cheyenne-2","MERGE","Cheyenne Boat Neck Sweater Cream","<h6>WHY WE LOVE IT<br>
</h6>
<p>Our perfect all year round layering sweater in super soft, featherweight ribbed cashmere, the Cheyenne is a cropped long sleeve sweater cut for a slightly looser fit.<br></p>
<p>Style with your favorite pair of jeans or make it a set with Éterne's <a href=""https://eterne.com/products/emma-skirt-3"">cashmere Emma Skirt</a>.</p>","dev","REPLACE","174","Shirts & Tops","Apparel & Accessories > Clothing > Shirts & Tops","migration","shop, discount-collection, shop-2, shop-3","","","","","","<p><br></p><p><br></p><p><strong>Size &amp; Fit Information</strong></p><ul><li>Fits true to size, take your normal size</li><li>Designed for an oversized fit&nbsp;</li><li>100% Cashmere</li><li>Model is 177 cm/5&#39;10&quot; and is wearing a size S</li><li>Dry clean only</li></ul>","","","","","",""
"6895719710766","emma-skirt-2","MERGE","Emma Cashmere Skirt Black","<h6>WHY WE LOVE IT</h6>
<p>Our classic maxi skirt reimagined in super soft, featherweight cashmere. The ultimate day to night piece upgraded for comfort and luxury.<br></p>
<p>Style with Éterne's <a href=""https://eterne.com/products/willa"">Willa Bra</a>, <a href=""https://eterne.com/products/ines-1"">Ines Racerback Tank</a>, <a href=""https://eterne.com/products/cheyenne-1"">Cheyenne Sweater</a> or <a href=""https://eterne.com/products/ines-1"">Poppy Cardigan</a>.</p>","bottoms:skirt, cashmere:skirt, loop, skirt","REPLACE","176","Skirts","Apparel & Accessories > Clothing > Skirts","bottoms, cashmere, bestsellers, migration","shop, discount-collection, shop-2, shop-3","","","","","","<p><br></p><p><br></p><p><strong>Size &amp; Fit Information</strong></p><ul><li>Fits true to size, take your normal size</li><li>Designed for a slim fit&nbsp;</li><li>100% Cashmere</li><li>Model is 177 cm/5&#39;10&quot; and is wearing a size S</li><li>Dry clean only</li></ul>","","","","","",""
"6895719743534","emma-skirt-3","MERGE","Emma Cashmere Skirt Cream","<h6>WHY WE LOVE IT</h6>
<p>Our classic maxi skirt reimagined in super soft, featherweight cashmere. The ultimate day to night piece upgraded for comfort and luxury.<br></p>
<p>Style with Éterne's Ines Racerback Top.</p>","dev","REPLACE","176","Skirts","Apparel & Accessories > Clothing > Skirts","migration","shop, discount-collection, shop-2, shop-3","","","","","","<p><br></p><p><br></p><p><strong>Size &amp; Fit Information</strong></p><ul><li>Fits true to size, take your normal size</li><li>Designed for a slim fit&nbsp;</li><li>100% Cashmere</li><li>Model is 177 cm/5&#39;10&quot; and is wearing a size S</li><li>&nbsp;Dry clean only</li></ul>","","","","","",""
"6895719776302","emma-skirt-4","MERGE","Emma Cashmere Skirt Chocolate","<h6>WHY WE LOVE IT</h6>
<p>Our classic maxi skirt reimagined in super soft, featherweight cashmere. The ultimate day to night piece upgraded for comfort and luxury.<br></p>
<p>Style with Éterne's <a href=""https://eterne.com/products/willa-1"">Willa Bra</a>, <a href=""https://eterne.com/products/francis-3"">Francis Sweater</a>, and <a href=""https://eterne.com/products/cropped-scoop-neck-tank-ivory"">Cropped Scoop Neck Tank Ivory</a>.</p>","bottoms:skirt, cashmere:skirt, loop, skirt","REPLACE","176","Skirts","Apparel & Accessories > Clothing > Skirts","bottoms, cashmere, migration","shop, discount-collection, shop-2, shop-3","","","","","","<p><br></p><p><br></p><p><strong>Size &amp; Fit Information</strong></p><ul><li>Fits true to size, take your normal size</li><li>Designed for a slim fit&nbsp;</li><li>100% Cashmere</li><li>Model is 177 cm/5&#39;10&quot; and is wearing a size S</li><li>Dry clean only</li></ul>","","","","","",""
"6901652881454","ls-baby-tee-black","MERGE","Long Sleeve Baby Tee Black","<h6>WHY WE LOVE IT</h6>
<p>Cut from a lightweight cotton and modal blend, our long sleeve baby tee features a shrunken slim fit and a thin-lined crewneck. This t-shirt is a perfect everyday essential. </p>
<p>Style with your favorite pair of jeans, leather pants, layered under an oversized blazer, or paired with <a href=""https://eterne.com/collections/bottoms/products/lounge-pant-black"">Éterne's lounge pants</a> as a set. </p>","loop, tops:l/s, tops:t-shirt","REPLACE","174","Shirts & Tops","Apparel & Accessories > Clothing > Shirts & Tops","t-shirt-collection-2, bestsellers, t-shirt-styles, migration","shop, discount-collection, shop-2, shop-3","","","","","","<p><br></p><p><br></p><p><strong>Size &amp; Fit Information</strong></p><ul><li>Fits true to size, take your normal size</li><li>Designed for a slim fit&nbsp;</li><li>50% Cotton 50% Modal&nbsp;</li><li>Model is 177 cm/5&#39;10&quot; and is wearing a size S</li><li>Machine wash cold. Non-chlorine bleach. Tumble dry low. Cool iron. Do not dry clean.&nbsp;</li></ul>","","","","","",""
"6901652914222","ls-baby-tee-ivory","MERGE","Long Sleeve Baby Tee Ivory","<h6>WHY WE LOVE IT</h6>
<p>Cut from a lightweight cotton and modal blend, our long sleeve baby tee features a shrunken slim fit and a thin-lined crewneck. This t-shirt is a perfect everyday essential. </p>
<p>Style with your favorite pair of jeans, leather pants, layered under an oversized blazer, or paired with <a href=""https://eterne.com/collections/bottoms/products/lounge-pant-ivory"">Éterne's lounge pants</a> as a set. </p>","loop, t-shirt, tops:t-shirt","REPLACE","174","Shirts & Tops","Apparel & Accessories > Clothing > Shirts & Tops","t-shirt-collection-2, bestsellers, t-shirt-styles, migration","shop, discount-collection, shop-2, shop-3, t-shirts","","","","","","<p><br></p><p><br></p><p><strong>Size &amp; Fit Information</strong></p><ul><li>Fits true to size, take your normal size</li><li>Designed for a slim fit&nbsp;</li><li>50% Cotton 50% Modal&nbsp;</li><li>Model is 177 cm/5&#39;10&quot; and is wearing a size S</li><li>Machine wash cold. Non-chlorine bleach. Tumble dry low. Cool iron. Do not dry clean.&nbsp;</li></ul>","","","","","",""
"6901652946990","ls-baby-tee-heather-grey","MERGE","Long Sleeve Baby Tee Heather Grey","<h6>WHY WE LOVE IT</h6>
<p>Cut from a lightweight cotton and modal blend, our long sleeve baby tee features a shrunken slim fit and a thin-lined crewneck. This t-shirt is a perfect everyday essential. </p>
<p>Style with your favorite pair of jeans, leather pants, layered under an oversized blazer, or paired with <a href=""https://eterne.com/collections/bottoms/products/lounge-pant-heather-grey"">Éterne's lounge pants</a> as a set. </p>","loop, tops:l/s, tops:t-shirt","REPLACE","174","Shirts & Tops","Apparel & Accessories > Clothing > Shirts & Tops","t-shirt-collection-2, bestsellers, t-shirt-styles, migration","shop, discount-collection, shop-2, shop-3","","","","","","<p><br></p><p><br></p><p><strong>Size &amp; Fit Information</strong></p><ul><li>Fits true to size, take your normal size</li><li>Designed for a slim fit&nbsp;</li><li>50% Cotton 50% Modal&nbsp;</li><li>Model is 177 cm/5&#39;10&quot; and is wearing a size S</li><li>Machine wash cold. Non-chlorine bleach. Tumble dry low. Cool iron. Do not dry clean.&nbsp;</li></ul>","","","","","",""
"6902013132846","long-sleeve-turtleneck-dress-maxi-chocolate","MERGE","Long Sleeve Turtleneck Maxi Dress Chocolate","<h6>WHY WE LOVE IT</h6>
Cut from a butter soft ribbed cotton and modal blend, our maxi turtleneck dress is form-fitting, ultra flattering and lightweight. This maxi dress is the perfect day to night essential.<br><br>Style with your favorite oversized blazer and a pair of knee high boots.","dresses, dresses:maxi, loop","REPLACE","160","Dresses","Apparel & Accessories > Clothing > Dresses","dresses-2, migration","shop, discount-collection, shop-2, shop-3, dresses, dresses-1","","","","","","<p><br></p><p><br></p><p><strong>Size &amp; Fit Information</strong></p><ul><li>Fits true to size, take your normal size</li><li>Designed for a slim fit&nbsp;</li><li>48% Cotton 48% Modal 4% Spandex</li><li>Model is 177 cm/5&#39;10&quot; and is wearing a size S</li><li>Machine wash cold. Non-chlorine bleach. Tumble dry low. Cool iron. Do not dry clean.&nbsp;</li></ul>","","","","","",""
"6902013165614","ls-raglan-sweatshirt","MERGE","Long Sleeve Raglan Sweatshirt Black","<h6>WHY WE LOVE IT</h6>
<p>Cut from a butter soft cotton French terry, our long sleeve Raglan sweatshirt is a modern take on a vintage favorite. This cropped sweatshirt features a raw edge V slit neckline, a comfortable loose body and <meta charset=""utf-8""><span data-mce-fragment=""1"">Éterne's signature extra long sleeves.</span></p>
<p>Style with your favorite pair of jeans or make it a set with <a href=""https://eterne.com/collections/terry/products/terry-boyfriend-short"">Éterne's Terry Boyfriend Short</a>.</p>","archive, Final Sale, french-terry:sweatshirts, loungewear, tops:sweatshirts","REPLACE","174","Shirts & Tops","Apparel & Accessories > Clothing > Shirts & Tops","terry, sale, migration","shop, discount-collection, shop-2, shop-3, loungewear","","","","","","<p><br></p><p><br></p><p><strong>Size &amp; Fit Information</strong></p><ul><li>Fits true to size, take your normal size</li><li>Designed for a loose fit&nbsp;</li><li>French Terry</li><li>77% Cotton 23% Modal</li><li>Model is 177 cm/5&#39;10&quot; and is wearing a size S</li><li>Machine wash cold with like colors. Do not bleach. Tumble dry low. Cool iron, if needed or dry clean.&nbsp;</li></ul>","","","","","",""
"6902013198382","ls-raglan-sweatshirt-1","MERGE","Long Sleeve Raglan Sweatshirt Cream","<h6>WHY WE LOVE IT</h6>
<p>Cut from a butter soft cotton French terry, our long sleeve Raglan sweatshirt is a modern take on a vintage favorite. This cropped sweatshirt features a raw edge V slit neckline, a comfortable loose body and <meta charset=""utf-8""><span data-mce-fragment=""1"">Éterne's signature extra long sleeves.</span></p>
<p>Style with your favorite pair of jeans or make it a set with <a href=""https://eterne.com/collections/terry/products/terry-boyfriend-short-1"">Éterne's Terry Boyfriend Short</a>.</p>","archive, Final Sale, french-terry:sweatshirts, loungewear, tops:sweatshirts","REPLACE","174","Shirts & Tops","Apparel & Accessories > Clothing > Shirts & Tops","terry, sale, migration","shop, discount-collection, shop-2, shop-3, loungewear","","","","","","<p><br></p><p><br></p><p><strong>Size &amp; Fit Information</strong></p><ul><li>Fits true to size, take your normal size</li><li>Designed for a loose fit&nbsp;</li><li>French Terry</li><li>77% Cotton 23% Modal</li><li>Model is 177 cm/5&#39;10&quot; and is wearing a size S</li><li>Machine wash cold with like colors. Non-chlorine bleach, if needed. Tumble dry low. Cool iron. Do not dry clean.&nbsp;</li></ul>","","","","","",""
"6902013263918","ls-raglan-sweatshirt-2","MERGE","Long Sleeve Raglan Sweatshirt Heather Grey","<h6>WHY WE LOVE IT</h6>
<p>Cut from a butter soft cotton French terry, our long sleeve Raglan sweatshirt is a modern take on a vintage favorite. This cropped sweatshirt features a raw edge V slit neckline, a comfortable loose body and <meta charset=""utf-8""><span data-mce-fragment=""1"">Éterne's signature extra long sleeves.</span></p>
<p>Style with your favorite pair of jeans or make it a set with <a href=""https://eterne.com/collections/terry/products/terry-boyfriend-short"">Éterne's Terry Boyfriend Short</a>.</p>","french-terry:sweatshirts, loungewear","REPLACE","174","Shirts & Tops","Apparel & Accessories > Clothing > Shirts & Tops","terry, migration","shop, discount-collection, shop-2, shop-3, loungewear","","","","","","<p><br></p><p><br></p><p><strong>Size &amp; Fit Information</strong></p><ul><li>Fits true to size, take your normal size</li><li>Designed for a loose fit&nbsp;</li><li>French Terry</li><li>77% Cotton 23% Modal</li><li>Model is 177 cm/5&#39;10&quot; and is wearing a size S</li><li>Machine wash cold with like colors. Non-chlorine bleach, if needed. Tumble dry low. Cool iron. Do not dry clean.&nbsp;</li></ul>","","","","","",""
"6904431149102","high-rise-legging","MERGE","Soft Jersey High Rise Legging Black","<h6>WHY WE LOVE IT</h6>
High waisted and cut to flatter, these soft jersey leggings are the perfect combination of luxury and comfort.<br><br>Style with your favorite tank or white tee or make it a set with <a href=""https://eterne.com/products/sports-bra"">Éterne's Soft Jersey Sports Bra</a>.
<p> </p>","bottoms:pants, loop, loungewear","REPLACE","173","Pants","Apparel & Accessories > Clothing > Pants","bottoms, migration","shop, discount-collection, shop-2, shop-3, loungewear","","","","","","<p><br></p><p><br></p><p><strong>Size &amp; Fit Information</strong></p><ul><li>Fits true to size, take your normal size</li><li>89% Modal / 11% Lycra&nbsp;</li><li>Model is 177 cm/5&#39;10&quot; and is wearing a size S</li><li>Machine wash cold. Non-chlorine bleach. Tumble dry low. Cool iron.</li></ul>","","","","","",""
"6904431181870","boy-short","MERGE","Soft Jersey High Waisted Boy Short Black","<h6>WHY WE LOVE IT</h6>
Full coverage meets a flattering, feminine cut - our soft jersey boy short is a lounge essential.<br><br>Style with your favorite tank or white tee or make it a set with <a href=""https://eterne.com/products/sports-bra"">Éterne's Soft Jersey Sports Bra</a>.
<p> </p>","briefs, intimates: underwear, loop","REPLACE","175","Shorts","Apparel & Accessories > Clothing > Shorts","bra-underwear, migration","shop, discount-collection, shop-2, shop-3","","","","","","<p><br></p><p><br></p><p><strong>Size &amp; Fit Information</strong></p><ul><li>Fits true to size, take your normal size</li><li>89% Modal / 11% Lycra&nbsp;</li><li>Model is 177 cm/5&#39;10&quot; and is wearing a size S</li><li>Machine wash cold. Non-chlorine bleach. Tumble dry low. Cool iron.</li></ul>","","","","","",""
"6904431214638","sports-bra","MERGE","Soft Jersey Sports Bra Black","<h6>WHY WE LOVE IT</h6>
<p>Perfect for working out and lounging, this sports bra is comfortable and versatile. A racerback silhouette made from soft and stretchy soft jersey.</p>
<p>Pair with <a href=""https://eterne.com/products/high-rise-legging"">Éterne's Soft Jersey High Waisted Legging or </a><a href=""https://eterne.com/products/boy-short"">Soft Jersey High Waisted Boy Short. </a></p>","bra, intimates: bras, loop","REPLACE","205","Bras","Apparel & Accessories > Clothing > Underwear & Socks > Bras","bra-underwear","shop, discount-collection, shop-2, shop-3, bra","","","","","","<p><br></p><p><br></p><p><strong>Size &amp; Fit Information</strong></p><ul><li>Fits true to size, take your normal size</li><li>89% Modal / 11% Lycra</li><li>Model is 177 cm/5&#39;10&quot; and is wearing a size S</li><li>Machine wash cold. Non-chlorine bleach. Tumble dry low. Cool iron.&nbsp;</li></ul>","","","","","",""
"6905015402542","square-neck-maxi-dress","MERGE","Square Neck Maxi Dress Black","<meta charset=""utf-8"">
<h6>WHY WE LOVE IT</h6>
<p>Éterne's square neck maxi dress is crafted from a butter soft ribbed cotton and modal blend, offering a slim fit and a maxi length—a versatile essential for everyday wear.<br></p>
<p>Style with your favorite oversized blazer or a pair of high knee boots.</p>","dresses, dresses:maxi, loop","REPLACE","160","Dresses","Apparel & Accessories > Clothing > Dresses","dresses-2, bestsellers, migration","shop, discount-collection, shop-2, shop-3, dresses, dresses-1","","","","","","<p><br></p><p><br></p><p><strong>Size &amp; Fit Information</strong></p><ul><li>Fits true to size, take your normal size</li><li>Designed for a slim fit&nbsp;</li><li>48% Cotton 48% Modal 4% Spandex</li><li>Model is 177 cm/5&#39;10&quot; and is wearing a size S</li><li>Machine wash cold. Non-chlorine bleach. Tumble dry low. Cool iron. Do not dry clean.&nbsp;</li></ul>","","","","","",""
"6905015435310","square-neck-maxi-dress-1","MERGE","Square Neck Maxi Dress Cream","<meta charset=""utf-8"">
<h6>WHY WE LOVE IT</h6>
<p>Éterne's square neck maxi dress is crafted from a butter soft ribbed cotton and modal blend, offering a slim fit and a maxi length—a versatile essential for everyday wear.<br></p>
<p>Style with your favorite oversized blazer or a pair of high knee boots.</p>","dresses, dresses:maxi, loop","REPLACE","160","Dresses","Apparel & Accessories > Clothing > Dresses","dresses-2, migration","shop, discount-collection, shop-2, shop-3, dresses, dresses-1","","","","","","<p><br></p><p><br></p><p><strong>Size &amp; Fit Information</strong></p><ul><li>Fits true to size, take your normal size</li><li>Designed for a slim fit&nbsp;</li><li>48% Cotton 48% Modal 4% Spandex</li><li>Model is 177 cm/5&#39;10&quot; and is wearing a size S</li><li>Machine wash cold. Non-chlorine bleach. Tumble dry low. Cool iron. Do not dry clean.&nbsp;</li></ul>","","","","","",""
"6905015500846","square-neck-maxi-dress-2","MERGE","Square Neck Maxi Dress Chocolate","<meta charset=""utf-8"">
<h6>WHY WE LOVE IT</h6>
<p>Éterne's square neck maxi dress is crafted from a butter soft ribbed cotton and modal blend, offering a slim fit and a maxi length—a versatile essential for everyday wear.<br></p>
<p>Style with your favorite oversized blazer or a pair of high knee boots.</p>","archive, dresses, dresses:maxi, Final Sale, loop","REPLACE","160","Dresses","Apparel & Accessories > Clothing > Dresses","dresses-2, sale, migration","shop, discount-collection, shop-2, shop-3, dresses, dresses-1","","","","","","<p><br></p><p><br></p><p><strong>Size &amp; Fit Information</strong></p><ul><li>Fits true to size, take your normal size</li><li>Designed for a slim fit&nbsp;</li><li>48% Cotton 48% Modal 4% Spandex</li><li>Model is 177 cm/5&#39;10&quot; and is wearing a size S</li><li>Machine wash cold. Non-chlorine bleach. Tumble dry low. Cool iron. Do not dry clean.&nbsp;</li></ul>","","","","","",""
"6905015533614","square-neck-mini-dress-black","MERGE","Square Neck Mini Dress Black","<meta charset=""utf-8"">
<h6>WHY WE LOVE IT</h6>
<p>Éterne's square neck mini dress is crafted from a butter soft ribbed cotton and modal blend, offering a slim fit and a mini length—a versatile essential for everyday wear.<br></p>
<p>Style with your favorite oversized blazer or a pair of high knee boots.</p>","dresses, dresses:mini, loop","REPLACE","160","Dresses","Apparel & Accessories > Clothing > Dresses","dresses-2, migration","shop, discount-collection, shop-2, shop-3, dresses, dresses-1","","","","","","<p><br></p><p><br></p><p><strong>Size &amp; Fit Information</strong></p><ul><li>Fits true to size, take your normal size</li><li>Designed for a slim fit&nbsp;</li><li>48% Cotton 48% Modal 4% Spandex</li><li>Model is 177 cm/5&#39;10&quot; and is wearing a size S</li><li>Machine wash cold. Non-chlorine bleach. Tumble dry low. Cool iron. Do not dry clean.&nbsp;</li></ul>","","","","","",""
"6905015566382","square-neck-mini-dress-cream","MERGE","Square Neck Mini Dress Cream","<meta charset=""utf-8"">
<h6>WHY WE LOVE IT</h6>
<p>Éterne's square neck mini dress is crafted from a butter soft ribbed cotton and modal blend, offering a slim fit and a mini length—a versatile essential for everyday wear.<br></p>
<p>Style with your favorite oversized blazer or a pair of high knee boots.</p>","dresses, dresses:mini, loop","REPLACE","160","Dresses","Apparel & Accessories > Clothing > Dresses","dresses-2, migration","shop, discount-collection, shop-2, shop-3, dresses, dresses-1","","","","","","<p><br></p><p><br></p><p><strong>Size &amp; Fit Information</strong></p><ul><li>Fits true to size, take your normal size</li><li>Designed for a slim fit&nbsp;</li><li>48% Cotton 48% Modal 4% Spandex</li><li>Model is 177 cm/5&#39;10&quot; and is wearing a size S</li><li>Machine wash cold. Non-chlorine bleach. Tumble dry low. Cool iron. Do not dry clean.&nbsp;</li></ul>","","","","","",""
"6905015599150","square-neck-mini-dress-2","MERGE","Square Neck Mini Dress Chocolate","<meta charset=""utf-8"">
<h6>WHY WE LOVE IT</h6>
<p>Éterne's square neck mini dress is crafted from a butter soft ribbed cotton and modal blend, offering a slim fit and a mini length—a versatile essential for everyday wear.<br></p>
<p>Style with your favorite oversized blazer or a pair of high knee boots.</p>","archive, dresses, dresses:mini, Final Sale","REPLACE","160","Dresses","Apparel & Accessories > Clothing > Dresses","dresses-2, sale, migration","shop, discount-collection, shop-2, shop-3, dresses, dresses-1","","","","","","<p><br></p><p><br></p><p><strong>Size &amp; Fit Information</strong></p><ul><li>Fits true to size, take your normal size</li><li>Designed for a slim fit&nbsp;</li><li>48% Cotton 48% Modal 4% Spandex</li><li>Model is 177 cm/5&#39;10&quot; and is wearing a size S</li><li>Machine wash cold. Non-chlorine bleach. Tumble dry low. Cool iron. Do not dry clean.&nbsp;</li></ul>","","","","","",""
"6905015631918","henley-onesie","MERGE","Henley Onesie Black","<h6>WHY WE LOVE IT</h6>
<p>Cut from a butter soft rib cotton and modal blend, our Henley Onesie features a semi-relaxed body with fit henley button detail at neckline. This style is designed for comfort.  </p>","loop, loungewear","REPLACE","127","Clothing","Apparel & Accessories > Clothing","migration","shop, discount-collection, shop-2, shop-3, loungewear","","","","","","<p><br></p><p><br></p><p><strong>Size &amp; Fit Information</strong></p><ul><li>Fits true to size, take your normal size</li><li>Designed for a semi-relaxed fit</li><li>48% cotton, 48% modal, 4% spandex</li><li>Model is 177 cm/5&#39;10&quot; and is wearing a size S</li><li>Machine wash cold with like colors. Non-chlorine bleach if needed. Tumble dry low. Cool iron. &nbsp;Do not dry clean.</li></ul>","","","","","",""
"6905015697454","ls-raglan-sweatshirt-3","MERGE","Long Sleeve Raglan Sweatshirt Chocolate","<h6>WHY WE LOVE IT</h6>
<p>Cut from a butter soft French terry, our raglan long sleeve sweatshirt is a modern take on a vintage favorite. This classic ""V"" crewneck features a slight cropped length, comfortably loose body and raglan sleeves that instantly give it a lived-in feel.</p>
<p>Style with your favorite pair of jeans or make it a set with Éterne's <a href=""https://eterne.com/products/terry-boyfriend-short-2"">Terry Boyfriend Short</a>.</p>","archive, Final Sale, loungewear, tops:sweatshirts","REPLACE","174","Shirts & Tops","Apparel & Accessories > Clothing > Shirts & Tops","terry, sale, migration","shop, discount-collection, shop-2, shop-3, loungewear","","","","","","<p><br></p><p><br></p><p><strong>Size &amp; Fit Information</strong></p><ul><li>Fits true to size, take your normal size</li><li>Designed for a loose fit&nbsp;</li><li>French Terry</li><li>77% Cotton 23% Modal</li><li>Model is 177 cm/5&#39;10&quot; and is wearing a size S</li><li>Machine wash cold with like colors. Do not bleach. Tumble dry low. Cool iron, if needed or dry clean.&nbsp;</li></ul>","","","","","",""
"6905015730222","cropped-half-zip-sweatshirt","MERGE","Cropped Half-Zip Sweatshirt Heather Grey","<h6>WHY WE LOVE IT</h6>
<p>Cut from a butter soft cotton French terry, our cropped half zip sweatshirt is a modern take on a vintage favorite. This cropped sweatshirt features a half zip neckline and a comfortable loose body.</p>
<p>Style with your favorite pair of jeans or make it a set with <a href=""https://eterne.com/collections/terry/products/terry-boyfriend-short"">Éterne's Terry Boyfriend Short</a>, <a href=""https://eterne.com/collections/terry/products/classic-sweatpant-heather-grey"">Classic Sweatpants</a>, <a href=""https://eterne.com/collections/terry/products/straight-leg-sweatpant-heather-grey"">Straight Leg Sweatpants </a>or <a href=""https://eterne.com/collections/bottoms/products/short-biker"">Short Biker Short</a>.</p>","french-terry:sweatshirts, loop, loungewear, tops:sweatshirts","REPLACE","174","Shirts & Tops","Apparel & Accessories > Clothing > Shirts & Tops","terry, migration","shop, discount-collection, shop-2, shop-3, loungewear","","","","","","<p><br></p><p><br></p><p><strong>Size &amp; Fit Information</strong></p><ul><li>Fits true to size, take your normal size</li><li>Designed for a loose fit&nbsp;</li><li>French Terry</li><li>77% Cotton 23% Modal</li><li>Model is 177 cm/5&#39;10&quot; and is wearing a size S</li><li>Machine wash cold with like colors. Do not bleach. Tumble dry low. Cool iron, if needed or dry clean.&nbsp;</li></ul>","","","","","",""
"6905015762990","cropped-half-zip-sweatshirt-1","MERGE","Cropped Half-Zip Sweatshirt Black","<h6>WHY WE LOVE IT</h6>
<p>Cut from a butter soft cotton French terry, our cropped half zip sweatshirt is a modern take on a vintage favorite. This cropped sweatshirt features a half zip neckline and a comfortable loose body.</p>
<p>Style with your favorite pair of jeans or make it a set with <a href=""https://eterne.com/collections/terry/products/terry-boyfriend-short"">Éterne's Terry Boyfriend Short</a>, <a href=""https://eterne.com/collections/terry/products/classic-sweatpant-black"">Classic Sweatpants</a>, <a href=""https://eterne.com/collections/terry/products/straight-leg-sweatpant-black"">Straight Leg Sweatpants</a> or <a href=""https://eterne.com/collections/bottoms/products/short-biker"">Short Biker Short</a>.</p>","french-terry:sweatshirts, loop, loungewear, tops:sweatshirts","REPLACE","174","Shirts & Tops","Apparel & Accessories > Clothing > Shirts & Tops","terry, migration","shop, discount-collection, shop-2, shop-3, loungewear","","","","","","<p><br></p><p><br></p><p><strong>Size &amp; Fit Information</strong></p><ul><li>Fits true to size, take your normal size</li><li>Designed for a loose fit&nbsp;</li><li>French Terry</li><li>77% Cotton 23% Modal</li><li>Model is 177 cm/5&#39;10&quot; and is wearing a size S</li><li>Machine wash cold with like colors. Do not bleach. Tumble dry low. Cool iron, if needed or dry clean.&nbsp;</li></ul>","","","","","",""
"6905015795758","cropped-half-zip-sweatshirt-2","MERGE","Cropped Half-Zip Sweatshirt Cream","<h6>WHY WE LOVE IT</h6>
<p>Cut from a butter soft cotton French terry, our cropped half zip sweatshirt is a modern take on a vintage favorite. This cropped sweatshirt features a half zip neckline and a comfortable loose body.</p>
<p>Style with your favorite pair of jeans or make it a set with <a href=""https://eterne.com/collections/terry/products/terry-boyfriend-short-1"">Éterne's Terry Boyfriend Short</a>, <a href=""https://eterne.com/collections/terry/products/classic-sweatpant-cream"">Classic Sweatpants</a>, <a href=""https://eterne.com/collections/terry/products/straight-leg-sweatpant-cream"">Straight Leg Sweatpants</a> or <a href=""https://eterne.com/collections/bottoms/products/short-biker"">Short Biker Short</a>.</p>","french-terry:sweatshirts, loop, loungewear, tops:sweatshirts","REPLACE","174","Shirts & Tops","Apparel & Accessories > Clothing > Shirts & Tops","terry, migration","shop, discount-collection, shop-2, shop-3, loungewear","","","","","","<p><br></p><p><br></p><p><strong>Size &amp; Fit Information</strong></p><ul><li>Fits true to size, take your normal size</li><li>Designed for a loose fit&nbsp;</li><li>French Terry</li><li>77% Cotton 23% Modal</li><li>Model is 177 cm/5&#39;10&quot; and is wearing a size S</li><li>Machine wash cold with like colors. Do not bleach. Tumble dry low. Cool iron, if needed or dry clean.&nbsp;</li></ul>","","","","","",""
"6905015828526","emma-skirt-6","MERGE","EMMA CASHMERE SKIRT OATMEAL","<h6>WHY WE LOVE IT</h6>
<p>Our classic maxi skirt reimagined in super soft, featherweight cashmere. The ultimate day to night piece upgraded for comfort and luxury.<br></p>
<p>Style with Éterne's <a href=""https://eterne.com/collections/cashmere/products/willa-2"">Willa Bra</a>, <a href=""https://eterne.com/products/cropped-scoop-neck-tank-ivory"">Cropped Scoop Neck Tank Ivory</a>, and <a href=""https://eterne.com/collections/cashmere/products/james-sweater-oatmeal"">James Sweater</a>.</p>","bottoms:skirt, cashmere:skirt, loop, skirt","REPLACE","176","Skirts","Apparel & Accessories > Clothing > Skirts","bottoms, cashmere, migration","shop, discount-collection, shop-2, shop-3","","","","","","<p><br></p><p><br></p><p><strong>Size &amp; Fit Information</strong></p><ul><li>Fits true to size, take your normal size</li><li>Designed for a slim fit&nbsp;</li><li>100% Cashmere</li><li>Model is 177 cm/5&#39;10&quot; and is wearing a size S</li><li>Dry clean only</li><li>Use flat lay image as color reference</li></ul>","","","","","",""
"6905015861294","brady","MERGE","BRADY CASHMERE SWEATER CHOCOLATE","<h6>WHY WE LOVE IT</h6>
Cut from a medium weight, butter soft cashmere, our Brady sweater features a relaxed oversized body with polo detail. <br><br>Style with your favorite pair of jeans or make it a set with Éterne's <a href=""https://eterne.com/products/emma-skirt-4"">Emma Cashmere Skirt</a>, <a href=""https://eterne.com/collections/bottoms/products/short-biker"">Short Biker Short</a> or ,<a href=""https://eterne.com/collections/terry/products/classic-sweatpant-heather-brown"">Classic Sweatpant</a>.","cashmere:sweaters, loop","REPLACE","174","Shirts & Tops","Apparel & Accessories > Clothing > Shirts & Tops","cashmere, migration","shop, discount-collection, shop-2, shop-3","","","","","","<p><br></p><p><br></p><p><strong>Size &amp; Fit Information</strong></p><ul><li>Fits true to size, take your normal size</li><li>Designed for a loose fit&nbsp;</li><li>100% Cashmere</li><li>Model is 177 cm/5&#39;10&quot; and is wearing a size XS/S</li><li>Dry clean only</li></ul>","","","","","",""
"6905015894062","brady-1","MERGE","BRADY CASHMERE SWEATER OATMEAL","<h6>WHY WE LOVE IT</h6>
<p>Cut from a medium weight, butter soft cashmere, our Brady sweater features a relaxed oversized body with polo detail. <br><br>Style with your favorite pair of jeans or make it a set with Éterne's <a href=""https://eterne.com/products/emma-skirt-6"">Emma Cashmere Skirt</a>, <a href=""https://eterne.com/collections/bottoms/products/short-biker"">Short Biker Short</a> or <a href=""https://eterne.com/collections/terry/products/classic-sweatpant-cream"">Classic Sweatpant</a>.</p>","cashmere:sweaters, loop","REPLACE","174","Shirts & Tops","Apparel & Accessories > Clothing > Shirts & Tops","cashmere, migration","shop, discount-collection, shop-2, shop-3","","","","","","<p><br></p><p><br></p><p><strong>Size &amp; Fit Information</strong></p><ul><li>Fits true to size, take your normal size</li><li>Designed for a loose fit&nbsp;</li><li>100% Cashmere</li><li>Model is 177 cm/5&#39;10&quot; and is wearing a size XS/S</li><li>Dry clean only</li><li>Use flat lay image as color reference</li></ul>","","","","","",""
"6905015926830","willa","MERGE","WILLA CASHMERE BRA BLACK","<h6>WHY WE LOVE IT</h6>
<p>Cut from our lightweight butter soft cashmere, the Willa bra features a flattering neckline and a soft underband for light support.<br></p>
<p>Style with Éterne's <a href=""https://eterne.com/products/emma-skirt-2"">Emma Skirt Cashmere</a> and <a href=""https://eterne.com/products/theodore"">Theodore Cardigan</a>.</p>","archive, cashmere:bra, Final Sale","REPLACE","127","Clothing","Apparel & Accessories > Clothing","cashmere, sale","shop, discount-collection, shop-2, shop-3","","","","","","<p><br></p><p><br></p><p><strong>Size &amp; Fit Information</strong></p><ul><li>Fits true to size, take your normal size</li><li>Designed for a light, everyday support</li><li>100% Cashmere</li><li>Model is 177 cm/5&#39;10&quot; and is wearing a size S</li><li>Dry clean only</li></ul>","","","","","",""
"6905015992366","willa-1","MERGE","WILLA CASHMERE BRA CHOCOLATE","<h6>WHY WE LOVE IT</h6>
<p>Cut from our lightweight butter soft cashmere, the Willa bra features a flattering neckline and a soft underband for light support.<br></p>
<p>Style with Éterne's <a href=""https://eterne.com/products/emma-skirt-4"">Emma Skirt Cashmere</a> and <a href=""https://eterne.com/products/theodore-3"">Theodore Cardigan</a>.</p>","archive, cashmere:bra, Final Sale","REPLACE","127","Clothing","Apparel & Accessories > Clothing","cashmere, sale","shop, discount-collection, shop-2, shop-3","","","","","","<p><br></p><p><br></p><p><strong>Size &amp; Fit Information</strong></p><ul><li>Fits true to size, take your normal size</li><li>Designed for a light, everyday support</li><li>100% Cashmere</li><li>Model is 177 cm/5&#39;10&quot; and is wearing a size S</li><li>Dry clean only</li></ul>","","","","","",""
"6905016025134","willa-2","MERGE","WILLA CASHMERE BRA OATMEAL","<h6>WHY WE LOVE IT</h6>
<p>Cut from our lightweight butter soft cashmere, the Willa bra features a flattering neckline and a soft underband for light support.<br></p>
<p>Style with Éterne's <a href=""https://eterne.com/collections/cashmere/products/emma-skirt-6"">Emma Skirt Cashmere</a>.</p>","archive, cashmere:bra, Final Sale","REPLACE","127","Clothing","Apparel & Accessories > Clothing","cashmere, sale","shop, discount-collection, shop-2, shop-3","","","","","","<p><br></p><p><br></p><p><strong>Size &amp; Fit Information</strong></p><ul><li>Fits true to size, take your normal size</li><li>Designed for a light, everyday support</li><li>100% Cashmere</li><li>Model is 177 cm/5&#39;10&quot; and is wearing a size S</li><li>Dry clean only</li><li>Use flat lay image as color reference</li></ul>","","","","","",""
"6905016057902","lenny","MERGE","LENNY CASHMERE VEST BLACK","<h6>WHY WE LOVE IT</h6>
<p>Cut from a lightweight, butter soft cashmere, our Lenny V neck sweater vest features a cropped length with a comfortably fitted body.</p>
<p>Style with Éterne's <a href=""https://eterne.com/collections/cashmere/products/emma-skirt-2"">Emma Cashmere Skirt.</a></p>","loop","REPLACE","174","Shirts & Tops","Apparel & Accessories > Clothing > Shirts & Tops","cashmere, migration","shop, discount-collection, shop-2, shop-3","","","","","","<p><br></p><p><br></p><p><strong>Size &amp; Fit Information</strong></p><ul><li>Fits true to size, take your normal size</li><li>Designed for a slim fit&nbsp;</li><li>100% Cashmere</li><li>Model is 177 cm/5&#39;10&quot; and is wearing a size S</li><li>&nbsp;Dry clean only</li></ul>","","","","","",""
"6905016090670","lenny-1","MERGE","LENNY CASHMERE VEST OATMEAL","<h6>WHY WE LOVE IT</h6>
<p>Cut from a lightweight, butter soft cashmere, our Lenny V neck sweater vest features a cropped length with a comfortably fitted body.</p>
<p>Style with Éterne's <a href=""https://eterne.com/collections/cashmere/products/emma-skirt-6"">Emma Cashmere Skirt.</a></p>","loop","REPLACE","174","Shirts & Tops","Apparel & Accessories > Clothing > Shirts & Tops","cashmere, migration","shop, discount-collection, shop-2, shop-3","","","","","","<p><br></p><p><br></p><p><strong>Size &amp; Fit Information</strong></p><ul><li>Fits true to size, take your normal size</li><li>Designed for a slim fit&nbsp;</li><li>100% Cashmere</li><li>Model is 177 cm/5&#39;10&quot; and is wearing a size S</li><li>&nbsp;Dry clean only</li><li>Use flat lay image as color reference</li><br></ul>","","","","","",""
"6905016123438","james-sweater-oatmeal","MERGE","James Cashmere Sweater Oatmeal","<h6>WHY WE LOVE IT</h6>
Cut from a medium weight, butter soft cashmere, our James sweater is the perfect everyday essential. <br><br>Style with your favorite pair of jeans or make it a set with Éterne's <a href=""https://eterne.com/products/emma-skirt-6"">Emma Cashmere Skirt</a>.","cashmere:sweaters, loop","REPLACE","174","Shirts & Tops","Apparel & Accessories > Clothing > Shirts & Tops","cashmere, migration","shop, discount-collection, shop-2, shop-3","","","","","","<p><br></p><p><br></p><p><strong>Size &amp; Fit Information</strong></p><ul><li>Fits true to size, take your normal size</li><li>Designed for a loose comfortable fit&nbsp;</li><li>100% Cashmere</li><li>Model is 177 cm/5&#39;10&quot; and is wearing a size S</li><li>Dry clean only</li><li>Use flat lay image as color reference</li></ul>","","","","","",""
"6905016156206","francis-top-1","MERGE","Francis Cashmere Sweater Oatmeal","<h6>WHY WE LOVE IT</h6>
<p>Cut from a lightweight, butter soft cashmere, our Francis sweater features a slight cropped length with a comfortably fitted body. The Francis is<span> </span>the perfect day to night essential. </p>
<p>Style with your favorite pair of jeans or make it a set with Éterne's <a href=""https://eterne.com/collections/cashmere/products/emma-skirt-6"">Emma Cashmere Skirt.</a></p>","cashmere:sweaters, loop","REPLACE","174","Shirts & Tops","Apparel & Accessories > Clothing > Shirts & Tops","cashmere","shop, discount-collection, shop-2, shop-3","","","","","","<p><br></p><p><br></p><p><strong>Size &amp; Fit Information</strong></p><ul><li>Runs small, size up</li><li>Designed for a slim fit&nbsp;</li><li>100% Cashmere</li><li>Model is 177 cm/5&#39;10&quot; and is wearing a size S</li><li>Dry clean only</li><li>Use flat lay image as color reference</li></ul>","","","","","",""
"6928616751150","terry-boyfriend-short-2","MERGE","TERRY BOYFRIEND SHORT CHOCOLATE","<h6>WHY WE LOVE IT</h6>
<p><meta charset=""utf-8""><span>Éterne’s terry boyfriend short is crafted from a butter soft french terry cotton and modal blend,
offering a relaxed fit and a unisex look—a versatile essential for everyday wear. </span></p>
<p>Style with your favorite tank, white tee or make it a set with Éterne's <a href=""https://eterne.com/products/ls-raglan-sweatshirt-3"">Long Sleeve Raglan Sweatshirt</a>.</p>","archive, bottoms:shorts, Final Sale, loungewear","REPLACE","175","Shorts","Apparel & Accessories > Clothing > Shorts","bottoms, terry, sale","shop, discount-collection, shop-2, shop-3, loungewear","","","","","","<p><br></p><p><br></p><p><strong>Size &amp; Fit Information</strong></p><ul><li>Fits true to size, take your normal size</li><li>Designed for a slim fit&nbsp;</li><li>77% Cotton 23% Modal</li><li>Model is 179 cm/5&#39;10.5&quot; and is wearing a size S</li><li>Machine wash cold with like colors. Non-chlorine bleach if needed. Tumble dry low. Cool iron. Do not dry clean.&nbsp;</li></ul>","","","","","",""
"6939291811886","test-product-for-searchspring","MERGE","TEST PRODUCT FOR SEARCHSPRING","<span data-mce-fragment=""1"">Lorem ipsum dolor sit amet, consectetur adipiscing elit, sed do eiusmod tempor incididunt ut labore et dolore magna aliqua. Ut enim ad minim veniam, quis nostrud exercitation ullamco laboris nisi ut aliquip ex ea commodo consequat. Duis aute irure dolor in reprehenderit in voluptate velit esse cillum dolore eu fugiat nulla pariatur. Excepteur sint occaecat cupidatat non proident, sunt in culpa qui officia deserunt mollit anim id est laborum.</span>","","REPLACE","","","","","shop, discount-collection, shop-2, shop-3","","","","","","","","","{""productSettings"":""{\""6939291811886\"":{\""preOrderEnabled\"":false,\""quantityLimit\"":0,\""overallQuantityLimit\"":0,\""totalQuantityOrdered\"":0,\""buttonText\"":\""Preorder\"",\""buttonMessage\"":\""Estimated shipping March 22nd\"",\""buttonMessageVisibility\"":\""ALWAYS\"",\""cartCheckoutLabel\"":\"" Preorder\"",\""preOrderTimeEnable\"":false,\""dateStart\"":\""-1\"",\""dateStop\"":\""-1\"",\""discountValue\"":0.0,\""discountType\"":\""PERCENTAGE\"",\""showPriceOnCheckoutLabelOnCart\"":false,\""showFullPriceLabelOnCart\"":false,\""showSellingPlanLabelOnCart\"":false,\""showPurchaseOptions\"":true,\""showPurchaseOptionsOnSingleSellingPlan\"":false,\""orderTag\"":\""appikon-pre-order\"",\""comingSoonEnable\"":false,\""comingSoonHeader\"":\""Coming Soon\"",\""comingSoonMessage\"":\""Dropping on\"",\""comingSoonAvailableFrom\"":\""-1\"",\""showPreOrderLabelOnCollectionPage\"":true,\""collectionPagePreOrderLabelText\"":\""Preorder\"",\""collectionPagePreOrderLabelClass\"":\""\"",\""collectionPagePreOrderLabelCSS\"":\"".appikon-pre-order-button-message {\\nmargin-top: 16px;\\n}\"",\""preOrderClosedMessage\"":\""Sold Out\""}}"",""variantSettings"":""{\""40685616726062\"":{\""preOrderEnabled\"":false,\""quantityLimit\"":0,\""overallQuantityLimit\"":0,\""totalQuantityOrdered\"":0,\""buttonText\"":\""Preorder\"",\""buttonMessage\"":\""Estimated shipping March 22nd\"",\""buttonMessageVisibility\"":\""ALWAYS\"",\""cartCheckoutLabel\"":\"" Preorder\"",\""preOrderTimeEnable\"":false,\""dateStart\"":\""-1\"",\""dateStop\"":\""-1\"",\""discountValue\"":0.0,\""discountType\"":\""PERCENTAGE\"",\""showPriceOnCheckoutLabelOnCart\"":false,\""showFullPriceLabelOnCart\"":false,\""showSellingPlanLabelOnCart\"":false,\""showPurchaseOptions\"":true,\""showPurchaseOptionsOnSingleSellingPlan\"":false,\""orderTag\"":\""appikon-pre-order\"",\""comingSoonEnable\"":false,\""comingSoonHeader\"":\""Coming Soon\"",\""comingSoonMessage\"":\""Dropping on\"",\""comingSoonAvailableFrom\"":\""-1\"",\""showPreOrderLabelOnCollectionPage\"":true,\""collectionPagePreOrderLabelText\"":\""Preorder\"",\""collectionPagePreOrderLabelClass\"":\""\"",\""collectionPagePreOrderLabelCSS\"":\"".appikon-pre-order-button-message {\\nmargin-top: 16px;\\n}\"",\""preOrderClosedMessage\"":\""Sold Out\""},\""40564143947822\"":{\""preOrderEnabled\"":false,\""quantityLimit\"":0,\""overallQuantityLimit\"":0,\""totalQuantityOrdered\"":0,\""buttonText\"":\""Preorder\"",\""buttonMessage\"":\""Estimated shipping March 22nd\"",\""buttonMessageVisibility\"":\""ALWAYS\"",\""cartCheckoutLabel\"":\"" Preorder\"",\""preOrderTimeEnable\"":false,\""dateStart\"":\""-1\"",\""dateStop\"":\""-1\"",\""discountValue\"":0.0,\""discountType\"":\""PERCENTAGE\"",\""showPriceOnCheckoutLabelOnCart\"":false,\""showFullPriceLabelOnCart\"":false,\""showSellingPlanLabelOnCart\"":false,\""showPurchaseOptions\"":true,\""showPurchaseOptionsOnSingleSellingPlan\"":false,\""orderTag\"":\""appikon-pre-order\"",\""comingSoonEnable\"":false,\""comingSoonHeader\"":\""Coming Soon\"",\""comingSoonMessage\"":\""Dropping on\"",\""comingSoonAvailableFrom\"":\""-1\"",\""showPreOrderLabelOnCollectionPage\"":true,\""collectionPagePreOrderLabelText\"":\""Preorder\"",\""collectionPagePreOrderLabelClass\"":\""\"",\""collectionPagePreOrderLabelCSS\"":\"".appikon-pre-order-button-message {\\nmargin-top: 16px;\\n}\"",\""preOrderClosedMessage\"":\""Sold Out\""},\""40685616693294\"":{\""preOrderEnabled\"":false,\""quantityLimit\"":0,\""overallQuantityLimit\"":0,\""totalQuantityOrdered\"":0,\""buttonText\"":\""Preorder\"",\""buttonMessage\"":\""Estimated shipping March 22nd\"",\""buttonMessageVisibility\"":\""ALWAYS\"",\""cartCheckoutLabel\"":\"" Preorder\"",\""preOrderTimeEnable\"":false,\""dateStart\"":\""-1\"",\""dateStop\"":\""-1\"",\""discountValue\"":0.0,\""discountType\"":\""PERCENTAGE\"",\""showPriceOnCheckoutLabelOnCart\"":false,\""showFullPriceLabelOnCart\"":false,\""showSellingPlanLabelOnCart\"":false,\""showPurchaseOptions\"":true,\""showPurchaseOptionsOnSingleSellingPlan\"":false,\""orderTag\"":\""appikon-pre-order\"",\""comingSoonEnable\"":false,\""comingSoonHeader\"":\""Coming Soon\"",\""comingSoonMessage\"":\""Dropping on\"",\""comingSoonAvailableFrom\"":\""-1\"",\""showPreOrderLabelOnCollectionPage\"":true,\""collectionPagePreOrderLabelText\"":\""Preorder\"",\""collectionPagePreOrderLabelClass\"":\""\"",\""collectionPagePreOrderLabelCSS\"":\"".appikon-pre-order-button-message {\\nmargin-top: 16px;\\n}\"",\""preOrderClosedMessage\"":\""Sold Out\""}}""}","","",""
"6944845889582","classic-sweatpant-clay","MERGE","Classic Sweatpant Clay","<h6>WHY WE LOVE IT</h6>
Cut from a butter soft French terry, our classic leg sweatpant features a loose and comfortable fit, relaxed elastic waistband and Éterne's signature extra long inseam for a flattering silhouette.<br><br>Style with your favorite tank or white tee or make it a set with <a href=""https://eterne.com/products/oversized-crewneck-sweatshirt-clay"">Éterne's Oversized Crewneck Sweatshirt</a>.
<p> </p>","bottoms:pants, french-terry:sweatpants, loungewear","REPLACE","173","Pants","Apparel & Accessories > Clothing > Pants","bottoms, terry, clay-edition, migration","shop, discount-collection, shop-2, shop-3, loungewear","","","","","","<p><br></p><p><br></p><p><strong>Size &amp; Fit Information</strong></p><ul><li>Fits true to size, take your normal size</li><li>Designed for a loose fit</li><li>French Terry</li><li>77% Cotton 23% Modal</li><li>Model is 177 cm/5&#39;10&quot; and is wearing a size S</li><li>Machine wash cold with like colors. Do not bleach. Tumble dry low. Cool iron, if needed or dry clean.&nbsp;</li></ul>","","","","","",""
"6944845922350","straight-leg-sweatpant-clay","MERGE","Straight Leg Sweatpant Clay","<h6>WHY WE LOVE IT</h6>
<p>Cut from a butter soft French terry, our straight leg sweatpant features a loose and comfortable fit, relaxed waistband and Éterne's signature extra long inseam for a flattering silhouette.</p>
<p>Style with your favorite tank or white tee or make it a set with Éterne's <a href=""https://eterne.com/products/ls-raglan-sweatshirt-4"">Long Sleeve Raglan Sweatshirt</a>.</p>","bottoms:pants, french-terry:sweatpants, loop, loungewear, pants","REPLACE","173","Pants","Apparel & Accessories > Clothing > Pants","bottoms, terry, clay-edition, migration","shop, discount-collection, shop-2, shop-3, pants, loungewear","","","","","","","","","","","",""
"6944845955118","shrunken-raglan-sweatshirt-clay","MERGE","Shrunken Raglan Sweatshirt Clay","<h6>WHY WE LOVE IT</h6>
<p>Cut from a butter soft French terry, our shrunken raglan sweatshirt is a modern take on a vintage favorite. This classic crewneck features a slight cropped length, comfortably fitted body and raglan sleeves that instantly give it a lived-in feel.</p>
<p>Style with your favorite pair of jeans or make it a set with Éterne's <a href=""https://eterne.com/products/classic-sweatpant-clay"">Classic Sweatpant</a>.</p>","french-terry:sweatshirts, loop, loungewear","REPLACE","174","Shirts & Tops","Apparel & Accessories > Clothing > Shirts & Tops","terry, clay-edition, migration","shop, discount-collection, shop-2, shop-3, loungewear","","","","","","<p><br></p><p><br></p><p><strong>Size &amp; Fit Information</strong></p><ul><li>Runs small, size up</li><li>Designed for a slim fit&nbsp;</li><li>French Terry</li><li>50% Cotton 50% Modal</li><li>Model is 177 cm/5&#39;10&quot; and is wearing a size S</li><li>Machine wash cold with like colors. Do not bleach. Tumble dry low. Cool iron, if needed or dry clean.&nbsp;</li></ul>","","","","","",""
"6944845987886","oversized-crewneck-sweatshirt-clay","MERGE","Oversized Crewneck Sweatshirt Clay","<h6>WHY WE LOVE IT</h6>
Cut from a butter soft French terry, our oversized crewneck sweatshirt is a modern take on a vintage favorite. This classic crewneck features a loose, oversized comfortable fit with dropped shoulders and cuffs at the sleeves and waistband. <br><br>Style with your favorite pair of jeans or make it a set with <a href=""https://eterne.com/products/classic-sweatpant-clay"">Éterne's Classic Sweatpant</a>.
<p> </p>","french-terry:sweatshirts, loop, loungewear, tops:sweatshirts","REPLACE","174","Shirts & Tops","Apparel & Accessories > Clothing > Shirts & Tops","terry, clay-edition","shop, discount-collection, shop-2, shop-3, loungewear","","","","","","<p><br></p><p><br></p><p><strong>Size &amp; Fit Information</strong></p><ul><li>Fits true to size, take your normal size</li><li>Designed for a loose fit&nbsp;</li><li>French Terry</li><li>77% Cotton 23% Modal</li><li>Model is 177 cm/5&#39;10&quot; and is wearing a size S</li><li>Machine wash cold with like colors. Do not bleach. Tumble dry low. Cool iron, if needed or dry clean.&nbsp;</li></ul>","","","","","",""
"6944846020654","terry-raglan-cutoff-top-2","MERGE","TERRY RAGLAN CUTOFF TOP CLAY","<h6>WHY WE LOVE IT</h6>
<p><meta charset=""utf-8""><span>Cut from a butter soft French terry, our Raglan Cutoff Top is a modern take on a vintage favorite. This classic ""V"" crewneck features a slight cropped length, comfortably loose body and cutoff raglan sleeves that instantly give it a lived-in feel. </span></p>
<p>Style with your favorite pair of jeans or make it a set with Éterne's <a href=""https://eterne.com/products/terry-boyfriend-short-3"">Terry Raglan Boyfriend Short</a>.</p>","french-terry:sweatshirts, loop, loungewear, new_in: 2024-03-04, tops:sweatshirts","REPLACE","174","Shirts & Tops","Apparel & Accessories > Clothing > Shirts & Tops","tops, terry, clay-edition","shop, discount-collection, shop-2, shop-3, loungewear","","","","","","<p><br></p><p><br></p><p><strong>Size &amp; Fit Information</strong></p><ul><li>Fits true to size, take your normal size</li><li>Designed for a slim fit&nbsp;</li><li>77% Cotton 23% Modal</li><li>Model is 179 cm/5&#39;10.5&quot; and is wearing a size S</li><li>Machine wash cold with like colors. Non-chlorine bleach if needed. Tumble dry low. Cool iron. Do not dry clean.&nbsp;</li></ul>","","","","","",""
"6944846053422","terry-boyfriend-short-3","MERGE","TERRY BOYFRIEND SHORT CLAY","<h6>WHY WE LOVE IT</h6>
<p><meta charset=""utf-8""><span>Éterne’s terry boyfriend short is crafted from a butter soft french terry cotton and modal blend,
offering a relaxed fit and a unisex look—a versatile essential for everyday wear. </span></p>
<p>Style with your favorite tank, white tee or make it a set with Éterne's <a href=""https://eterne.com/products/terry-raglan-cutoff-top-2"">Terry Raglan Cutoff Top</a>.</p>","bottoms:shorts, loop, new_in: 2024-03-05, shorts","REPLACE","175","Shorts","Apparel & Accessories > Clothing > Shorts","bottoms, terry, clay-edition","shop, discount-collection, shop-2, shop-3, shorts","","","","","","<p><br></p><p><br></p><p><strong>Size &amp; Fit Information</strong></p><ul><li>Fits true to size, take your normal size</li><li>Designed for a slim fit&nbsp;</li><li>77% Cotton 23% Modal</li><li>Model is 179 cm/5&#39;10.5&quot; and is wearing a size S</li><li>Machine wash cold with like colors. Non-chlorine bleach if needed. Tumble dry low. Cool iron. Do not dry clean.&nbsp;</li></ul>","","","","","",""
"6945082179630","ls-raglan-sweatshirt-4","MERGE","Long Sleeve Raglan Sweatshirt Clay","<h6>WHY WE LOVE IT</h6>
<p>Cut from a butter soft cotton French terry, our long sleeve Raglan sweatshirt is a modern take on a vintage favorite. This cropped sweatshirt features a raw edge V slit neckline, a comfortable loose body and <meta charset=""utf-8""><span data-mce-fragment=""1"">Éterne's signature extra long sleeves.</span></p>
<p>Style with your favorite pair of jeans or make it a set with <a href=""https://eterne.com/products/straight-leg-sweatpant-clay"">Éterne's Straight Leg Sweatpant</a>.</p>","french-terry:sweatshirts, loop, loungewear, top, tops:l/s, tops:sweatshirts","REPLACE","174","Shirts & Tops","Apparel & Accessories > Clothing > Shirts & Tops","terry, clay-edition, migration","shop, discount-collection, shop-2, shop-3, loungewear","","","","","","<p><br></p><p><br></p><p><strong>Size &amp; Fit Information</strong></p><ul><li>Fits true to size, take your normal size</li><li>Designed for a loose fit&nbsp;</li><li>French Terry</li><li>77% Cotton 23% Modal</li><li>Model is 177 cm/5&#39;10&quot; and is wearing a size S</li><li>Machine wash cold with like colors. Do not bleach. Tumble dry low. Cool iron, if needed or dry clean.&nbsp;</li></ul>","","","","","",""
"6945236615214","oversized-polo-sweatshirt","MERGE","Oversized Polo Sweatshirt Cream","<h6>WHY WE LOVE IT</h6>
Cut from a butter soft cotton French terry, our oversized polo sweatshirt is a modern take on a vintage favorite. This sweatshirt features a relaxed, oversized body with polo detail. <br><br>Style with your favorite pair of jeans or make it a set with <a href=""https://eterne.com/collections/terry/products/terry-boyfriend-short-1"">Éterne's Terry Boyfriend Short</a><a href=""https://eterne.com/products/classic-sweatpant-heather-grey"">, </a><a href=""https://eterne.com/collections/terry/products/classic-sweatpant-cream"">Classic Sweatpant</a>, <a href=""https://eterne.com/collections/terry/products/straight-leg-sweatpant-cream"">Straight Leg Sweatpants</a> and <a href=""https://eterne.com/collections/bottoms/products/short-biker"">Short Biker Short</a>.
<p> </p>","french-terry:sweatshirts, loop, loungewear, tops:l/s, tops:sweatshirts","REPLACE","174","Shirts & Tops","Apparel & Accessories > Clothing > Shirts & Tops","terry","shop, discount-collection, shop-2, shop-3, loungewear","","","","","","<p><br></p><p><br></p><p><strong>Size &amp; Fit Information</strong></p><ul><li>Fits true to size, take your normal size</li><li>Designed for a loose fit&nbsp;</li><li>French Terry</li><li>77% Cotton 23% Modal</li><li>Model is 177 cm/5&#39;10&quot; and is wearing a size S</li><li>Machine wash cold with like colors. Do not bleach. Tumble dry low. Cool iron, if need or dry clean.</li></ul>","","","","","",""
"6945236647982","oversized-polo-sweatshirt-1","MERGE","Oversized Polo Sweatshirt Heather Grey","<h6>WHY WE LOVE IT</h6>
Cut from a butter soft cotton French terry, our oversized polo sweatshirt is a modern take on a vintage favorite. This sweatshirt features a relaxed, oversized body with polo detail. <br><br>Style with your favorite pair of jeans or make it a set with <a href=""https://eterne.com/products/classic-sweatpant-heather-grey"">Éterne's </a><a href=""https://eterne.com/collections/terry/products/terry-boyfriend-short"">Terry Boyfriend Short</a><a href=""https://eterne.com/products/classic-sweatpant-heather-grey"">, </a><a href=""https://eterne.com/collections/terry/products/classic-sweatpant-heather-grey"">Classic Sweatpant</a>, <a href=""https://eterne.com/collections/terry/products/straight-leg-sweatpant-heather-grey"">Straight Leg Sweatpants</a> and <a href=""https://eterne.com/collections/bottoms/products/short-biker"">Short Biker Short</a>.
<p> </p>","french-terry:sweatshirts, loop, loungewear, tops:l/s, tops:sweatshirts","REPLACE","174","Shirts & Tops","Apparel & Accessories > Clothing > Shirts & Tops","terry","shop, discount-collection, shop-2, shop-3, loungewear","","","","","","<p><br></p><p><br></p><p><strong>Size &amp; Fit Information</strong></p><ul><li>Fits true to size, take your normal size</li><li>Designed for a loose fit&nbsp;</li><li>French Terry</li><li>77% Cotton 23% Modal</li><li>Model is 177 cm/5&#39;10&quot; and is wearing a size S</li><li>Machine wash cold with like colors. Do not bleach. Tumble dry low. Cool iron, if need or dry clean.</li></ul>","","","","","",""
"6945236680750","luna","MERGE","Luna Cashmere Skirt Black","<h6>WHY WE LOVE IT</h6>
<p>Our Luna mini skirt is cut from lightweight, butter soft stretch cashmere. <br></p>
<p>Style with Éterne's <a href=""https://eterne.com/products/paige"">Paige Vest</a>, <a href=""https://eterne.com/collections/cashmere/products/francis"">Francis Sweater</a>, <a href=""https://eterne.com/collections/cashmere/products/james"">James Sweater</a>, <a href=""https://eterne.com/collections/cashmere/products/poppy-1"">Poppy Cardigan</a>, <a href=""https://eterne.com/collections/cashmere/products/cheyenne-1"">Cheyenne Sweater</a>, or <a href=""https://eterne.com/collections/cashmere/products/ines-1"">Ines Tank</a>.</p>","cashmere:skirt, loop","REPLACE","176","Skirts","Apparel & Accessories > Clothing > Skirts","cashmere","shop, discount-collection, shop-2, shop-3","","","","","","","","","","","",""
"6945236713518","luna-1","MERGE","Luna Cashmere Skirt Millet","<h6>WHY WE LOVE IT</h6>
<p>Our Luna mini skirt is cut from lightweight, butter soft stretch cashmere. <br></p>
<p>Style with Éterne's <a href=""https://eterne.com/products/paige"">Paige Vest</a>, <a href=""https://eterne.com/collections/cashmere/products/francis-top"">Francis Sweater</a>, <a href=""https://eterne.com/collections/cashmere/products/james-sweater-millet"">James Sweater</a>, <a href=""https://eterne.com/collections/cashmere/products/poppy"">Poppy Cardigan</a>, <a href=""https://eterne.com/collections/cashmere/products/cheyenne"">Cheyenne Sweater</a>, or <a href=""https://eterne.com/collections/cashmere/products/ines"">Ines Tank</a>.</p>","cashmere:skirt, loop","REPLACE","176","Skirts","Apparel & Accessories > Clothing > Skirts","cashmere","shop, discount-collection, shop-2, shop-3","","","","","","","","","","","",""
"6945236746286","paige","MERGE","Paige Cashmere Vest Black","<h6>WHY WE LOVE IT</h6>
<p>Cut from a medium weight butter soft cashmere, our Paige vest features a cropped length and slim fit button up body.</p>
<p>Style with Éterne's <a href=""https://eterne.com/products/luna"">Luna Cashmere Skirt</a> and <a href=""https://eterne.com/collections/cashmere/products/emma-skirt-2"">Emma Cashmere Skirt.</a></p>","cashmere:vest, loop","REPLACE","174","Shirts & Tops","Apparel & Accessories > Clothing > Shirts & Tops","cashmere","shop, discount-collection, shop-2, shop-3","","","","","","<p><br></p><p><br></p><p><strong>Size &amp; Fit Information</strong></p><ul><li>Fits true to size, take your normal size</li><li>Designed for a slim fit&nbsp;</li><li>100% Cashmere</li><li>Model is 177 cm/5&#39;10&quot; and is wearing a size S</li><li>&nbsp;Dry clean only</li></ul>","","","","","",""
"6945236779054","paige-1","MERGE","Paige Cashmere Vest Millet","<h6>WHY WE LOVE IT</h6>
<p><meta charset=""utf-8""><span>C</span><span>ut from a medium weight butter soft cashmere, our Paige vest features a cropped length and slim fit button up body.</span></p>
<p>Style with Éterne's Luna Cashmere Skirt and <a href=""https://eterne.com/collections/cashmere/products/emma-skirt-2"">Emma Cashmere Skirt.</a></p>","cashmere:vest, loop","REPLACE","174","Shirts & Tops","Apparel & Accessories > Clothing > Shirts & Tops","cashmere","shop, discount-collection, shop-2, shop-3","","","","","","<p><br></p><p><br></p><p><strong>Size &amp; Fit Information</strong></p><ul><li>Fits true to size, take your normal size</li><li>Designed for a slim fit&nbsp;</li><li>100% Cashmere</li><li>Model is 177 cm/5&#39;10&quot; and is wearing a size S</li><li>&nbsp;Dry clean only</li></ul>","","","","","",""
"6945236811822","clive","MERGE","Clive V-Neck Sweater Black","<h6>WHY WE LOVE IT</h6>
Cut from a medium weight, butter soft cashmere, our Clive V-neck sweater is the perfect everyday essential. <br><br>Style with your favorite pair of jeans or make it a set with Éterne's <a href=""https://eterne.com/products/emma-skirt-2"">Emma Cashmere Skirt</a>.","cashmere:sweaters, loop, tops:l/s, tops:v-necks","REPLACE","174","Shirts & Tops","Apparel & Accessories > Clothing > Shirts & Tops","cashmere, migration","shop, discount-collection, shop-2, shop-3","","","","","","<p><br></p><p><br></p><p><strong>Size &amp; Fit Information</strong></p><ul><li>Fits true to size, take your normal size</li><li>Designed for a loose comfortable fit&nbsp;</li><li>100% Cashmere</li><li>Model is 177 cm/5&#39;10&quot; and is wearing a size XS/S</li><li>Dry clean only</li><li>Use flat lay images as color reference</li></ul>","","","","","",""
"6945236844590","clive-1","MERGE","Clive V-Neck Sweater Millet","<h6>WHY WE LOVE IT</h6>
Cut from a medium weight, butter soft cashmere, our Clive V-neck sweater is the perfect everyday essential. <br><br>Style with your favorite pair of jeans or make it a set with Éterne's <a href=""https://eterne.com/products/emma-skirt-1"">Emma Cashmere Skirt</a>.","cashmere:sweaters, loop, tops:l/s, tops:v-necks","REPLACE","174","Shirts & Tops","Apparel & Accessories > Clothing > Shirts & Tops","cashmere, migration","shop, discount-collection, shop-2, shop-3","","","","","","<p><br></p><p><br></p><p><strong>Size &amp; Fit Information</strong></p><ul><li>Fits true to size, take your normal size</li><li>Designed for a loose comfortable fit&nbsp;</li><li>100% Cashmere</li><li>Model is 177 cm/5&#39;10&quot; and is wearing a size XS/S</li><li>Dry clean only</li><li>Use flat lay images as color reference</li></ul>","","","","","",""
"6950602997806","long-sleeve-fitted-top-clay","MERGE","Long Sleeve Fitted Top Clay","<meta charset=""utf-8"">
<h6>WHY WE LOVE IT</h6>
<p data-mce-fragment=""1"">Cut from a butter soft ribbed cotton and modal blend, our long sleeve fitted top is form-fitting, ultra flattering and lightweight. This top is the perfect everyday essential.<br></p>
<p data-mce-fragment=""1"">Style with your favorite pair of jeans, leather pants, or layered under an oversized blazer or under a pantsuit.</p>","loop, loungewear, tops:l/s","REPLACE","174","Shirts & Tops","Apparel & Accessories > Clothing > Shirts & Tops","tops, t-shirt-styles, clay-edition, migration","shop, discount-collection, shop-2, shop-3, loungewear","","","","","","<p><br></p><p><br></p><p><strong>Size &amp; Fit Information</strong></p><ul><li>Fits true to size, take your normal size</li><li>Designed for a slim fit&nbsp;</li><li>48% Cotton 48% Modal 4% Spandex</li><li>Model is 177 cm/5&#39;10&quot; and is wearing a size S</li><li>Machine wash cold. Non-chlorine bleach. Tumble dry low. Cool iron. Do not dry clean.&nbsp;</li></ul>","","","","","",""
"6950603030574","tank-maxi-dress","MERGE","Tank Maxi Dress Clay","<meta charset=""utf-8"">
<h6>WHY WE LOVE IT</h6>
<p><span>Éterne's tank maxi dress is crafted from a butter soft ribbed cotton and modal blend, offering a slim fit and a maxi length—a versatile essential for everyday wear.</span></p>
<p><span>Style with your favorite oversized blazer and a pair of knee high boots, or over your bikini as the perfect summer cover-up.</span></p>","dresses, dresses:maxi, loop","REPLACE","160","Dresses","Apparel & Accessories > Clothing > Dresses","new-releases, dresses-2, clay-edition, chloes-packing-list","shop, discount-collection, shop-2, shop-3, dresses, dresses-1","","","","","","<p><br></p><p><br></p><p><strong>Size &amp; Fit Information</strong></p><ul><li>Fits true to size, take your normal size</li><li>Designed for a slim fit&nbsp;</li><li>48% Cotton 48% Modal 4% Spandex</li><li>Model is 177 cm/5&#39;10&quot; and is wearing a size S</li><li>Machine wash cold. Non-chlorine bleach. Tumble dry low. Cool iron. Do not dry clean.&nbsp;</li></ul>","","","","","",""
"6950603063342","long-sleeve-crewneck-mini-dress","MERGE","Long Sleeve Crewneck Mini Dress Clay","<meta charset=""utf-8"">
<h6>WHY WE LOVE IT</h6>
<p>Éterne's long sleeve crewneck mini dress is crafted from a butter soft ribbed cotton and modal blend, offering a slim fit and a mini length—a versatile essential for everyday wear.<br></p>
<p>Style with your favorite oversized blazer or a pair of high knee boots.</p>","dresses, dresses:mini, loop","REPLACE","160","Dresses","Apparel & Accessories > Clothing > Dresses","new-releases, dresses-2, clay-edition, migration","shop, discount-collection, shop-2, shop-3, dresses, dresses-1","","","","","","<p><br></p><p><br></p><p><strong>Size &amp; Fit Information</strong></p><ul><li>Fits true to size, take your normal size</li><li>Designed for a slim fit&nbsp;</li><li>48% Cotton 48% Modal 4% Spandex</li><li>Model is 177 cm/5&#39;10&quot; and is wearing a size S</li><li>Machine wash cold. Non-chlorine bleach. Tumble dry low. Cool iron. Do not dry clean.&nbsp;</li></ul>","","","","","",""
"6950603096110","long-sleeve-crewneck-maxi-dress","MERGE","Long Sleeve Crewneck Maxi Dress Clay","<h6>WHY WE LOVE IT</h6>
<p>Éterne's long sleeve crewneck maxi dress is crafted from a butter soft ribbed cotton and modal blend, offering a slim fit and a maxi length—a versatile essential for everyday wear.</p>
<p>Style with your favorite oversized blazer and a pair of knee high boots.<br></p>","dresses, dresses:maxi, loop","REPLACE","160","Dresses","Apparel & Accessories > Clothing > Dresses","new-releases, dresses-2, clay-edition, migration","shop, discount-collection, shop-2, shop-3, dresses, dresses-1","","","","","","<p><br></p><p><br></p><p><strong>Size &amp; Fit Information</strong></p><ul><li>Fits true to size, take your normal size</li><li>Designed for a slim fit&nbsp;</li><li>48% Cotton 48% Modal 4% Spandex</li><li>Model is 177 cm/5&#39;10&quot; and is wearing a size S</li><li>Machine wash cold. Non-chlorine bleach. Tumble dry low. Cool iron. Do not dry clean.&nbsp;</li></ul>","","","","","",""
"6950603128878","high-neck-fitted-tank-4","MERGE","High Neck Fitted Tank Clay","<h6>WHY WE LOVE IT</h6>
<p><meta charset=""utf-8"">Éterne's high neck fitted tank is crafted from a butter soft ribbed cotton and modal blend, offering a slim fit and a full length<meta charset=""utf-8"">—a versatile essential for everyday wear.</p>
<p>Style with your favorite high-rise jeans, leather pants, or pair with Éterne's <a href=""https://eterne.com/products/classic-sweatpant-clay"">Classic Sweatpant</a> as a set. </p>","loop, loungewear, tank, tank top, tank tops, tee, tops:tanks","REPLACE","174","Shirts & Tops","Apparel & Accessories > Clothing > Shirts & Tops","tank-styles, clay-edition, migration","shop, discount-collection, shop-2, shop-3, tank-tops, loungewear","","","","","","<p><br></p><p><br></p><p><strong>Size &amp; Fit Information</strong></p><ul><li>Fits true to size, take your normal size</li><li>Designed for a slim fit</li><li>48% Cotton, 48% Modal, 4% Spandex</li><li>Model is 177 cm/5&#39;10&quot; and is wearing a size S</li><li><span style=""font-size:11pt;font-family:Arial;color:#454545;background-color:transparent;font-weight:400;font-style:normal;font-variant:normal;text-decoration:none;vertical-align:baseline;white-space:pre;white-space:pre-wrap;"">Machine wash cold. Non-chlorine bleach. Tumble dry low. Cool iron. Do not dry clean.&nbsp;</span></li></ul>","","","","","",""
"6950603161646","emma-skirt-5","MERGE","Emma Butter Rib Skirt Black","<h6>WHY WE LOVE IT</h6>
<p>Our classic maxi skirt cut from a butter soft rib cotton and modal blend, the Emma Butter Rib skirt is form-fitting and lightweight.<br></p>
<p>Style with Éterne's <a href=""https://eterne.com/collections/t-shirt-styles/products/cropped-long-sleeve-fitted-top-black""> Cropped Long Sleeve Fitted Top</a> or <a href=""https://eterne.com/collections/t-shirt-styles/products/cropped-fitted-turtleneck-top-black"">Cropped Fitted Turtleneck Top</a>.</p>","bottoms:skirt, loop, skirt","REPLACE","176","Skirts","Apparel & Accessories > Clothing > Skirts","bottoms, migration, chloes-packing-list","shop, discount-collection, shop-2, shop-3","","","","","","<p><br></p><p><br></p><p><strong>Size &amp; Fit Information</strong></p><ul><li>Fits true to size, take your normal size</li><li>Designed for a slim fit&nbsp;</li><li>48% Cotton, 48% Modal, 4% Spandex</li><li>Model is 177 cm/5&#39;10&quot; and is wearing a size S</li><li>Machine wash cold. Non-chlorine bleach. Tumble dry low. Do not dry clean.</li></ul>","","","","","",""
"6950603194414","emma-skirt-7","MERGE","Emma Butter Rib Skirt Cream","<h6>WHY WE LOVE IT</h6>
<p>Our classic maxi skirt cut from a butter soft rib cotton and modal blend, the Emma Butter Rib skirt is form-fitting and lightweight.<br></p>
<p>Style with Éterne's <a href=""https://eterne.com/collections/t-shirt-styles/products/cropped-long-sleeve-fitted-top-cream""> Cropped Long Sleeve Fitted Top</a> or <a href=""https://eterne.com/collections/t-shirt-styles/products/cropped-fitted-turtleneck-top-cream"">Cropped Fitted Turtleneck Top</a>.</p>","bottoms:skirt, loop, skirt","REPLACE","176","Skirts","Apparel & Accessories > Clothing > Skirts","bottoms, migration, chloes-packing-list","shop, discount-collection, shop-2, shop-3","","","","","","<p><br></p><p><br></p><p><strong>Size &amp; Fit Information</strong></p><ul><li>Fits true to size, take your normal size</li><li>Designed for a slim fit&nbsp;</li><li>48% Cotton, 48% Modal, 4% Spandex</li><li>Model is 177 cm/5&#39;10&quot; and is wearing a size S</li><li>Machine wash cold. Non-chlorine bleach. Tumble dry low. Do not dry clean.</li></ul>","","","","","",""
"6950603259950","emma-skirt-8","MERGE","Emma Butter Rib Skirt Earth","<h6>WHY WE LOVE IT</h6>
<p>Our classic maxi skirt cut from a butter soft rib cotton and modal blend, the Emma Butter Rib skirt is form-fitting and lightweight.<br></p>
<p>Style with Éterne's <a href=""https://eterne.com/products/short-sleeve-baby-tee-earth""> Short Sleeve Baby Tee</a> or <a href=""https://eterne.com/products/high-neck-fitted-tank-5"">High Neck Fitted  Tank</a>.</p>","bottom:skirt, bottoms:skirt, loop, skirt","REPLACE","176","Skirts","Apparel & Accessories > Clothing > Skirts","bottoms, new-releases, migration, chloes-packing-list","shop, discount-collection, shop-2, shop-3","","","","","","","","","","","",""
"6950603292718","high-rise-legging-1","MERGE","Soft Jersey High Rise Legging Cream","<h6>WHY WE LOVE IT</h6>
High waisted and cut to flatter, these soft jersey leggings are the perfect combination of luxury and comfort.<br><br>Style with your favorite tank or white tee or make it a set with <a href=""https://eterne.com/products/sports-bra-1"">Éterne's Soft Jersey Sports Bra</a>.
<p> </p>","bottoms:pants, loop, loungewear","REPLACE","173","Pants","Apparel & Accessories > Clothing > Pants","bottoms, new-releases, migration","shop, discount-collection, shop-2, shop-3, loungewear","","","","","","<p><br></p><p><br></p><p><strong>Size &amp; Fit Information</strong></p><ul><li>Fits true to size, take your normal size</li><li>89% Modal / 11% Lycra&nbsp;</li><li>Model is 177 cm/5&#39;10&quot; and is wearing a size S</li><li>Machine wash cold. Non-chlorine bleach. Tumble dry low. Cool iron.</li></ul>","","","","","",""
"6950603325486","boy-short-1","MERGE","Soft Jersey High Waisted Boy Short Cream","<h6>WHY WE LOVE IT</h6>
Full coverage meets a flattering, feminine cut - our soft jersey boy short is a lounge essential.<br><br>Style with your favorite tank or white tee or make it a set with <a href=""https://eterne.com/products/sports-bra-1"">Éterne's Soft Jersey Sports Bra</a>.
<p> </p>","intimates:underwear, loop","REPLACE","175","Shorts","Apparel & Accessories > Clothing > Shorts","bra-underwear, migration","shop, discount-collection, shop-2, shop-3","","","","","","<p><br></p><p><br></p><p><strong>Size &amp; Fit Information</strong></p><ul><li>Fits true to size, take your normal size</li><li>89% Modal / 11% Lycra&nbsp;</li><li>Model is 177 cm/5&#39;10&quot; and is wearing a size S</li><li>Machine wash cold. Non-chlorine bleach. Tumble dry low. Cool iron.</li></ul>","","","","","",""
"6950603358254","sports-bra-1","MERGE","Soft Jersey Sports Bra Cream","<h6>WHY WE LOVE IT</h6>
<p>Perfect for working out and lounging, this sports bra is comfortable and versatile. A racerback silhouette made from soft and stretchy soft jersey.</p>
<p>Pair with <a href=""https://eterne.com/products/high-rise-legging-1"">Éterne's Soft Jersey High Waisted Legging or </a><a href=""https://eterne.com/products/boy-short-1"">Soft Jersey High Waisted Boy Short. </a></p>","bra, initimates: bras, loop","REPLACE","205","Bras","Apparel & Accessories > Clothing > Underwear & Socks > Bras","bra-underwear, new-releases","shop, discount-collection, shop-2, shop-3, bra","","","","","","<p><br></p><p><br></p><p><strong>Size &amp; Fit Information</strong></p><ul><li>Fits true to size, take your normal size</li><li>89% Modal / 11% Lycra</li><li>Model is 177 cm/5&#39;10&quot; and is wearing a size S</li><li>Machine wash cold. Non-chlorine bleach. Tumble dry low. Cool iron.&nbsp;</li></ul>","","","","","",""
"6950603391022","short-sleeve-baby-tee-clay","MERGE","Short Sleeve Baby Tee Clay","<h6>WHY WE LOVE IT</h6>
<p>Éterne's short sleeve baby tee is crafted from a soft cotton and modal blend, offering a slim fit and slightly cropped length--a versatile essential for everyday wear. </p>
<p>Style with your favorite pair of jeans, leather pants, layered under an oversized blazer, or paired with <a href=""https://eterne.com/products/lounge-pant-clay"">Éterne's lounge pants</a> as a set. </p>","loop, loungewear, new_in: 2024-04-02, tee, tops:s/s","REPLACE","174","Shirts & Tops","Apparel & Accessories > Clothing > Shirts & Tops","t-shirt-collection-2, new-releases, t-shirt-styles, clay-edition","shop, discount-collection, shop-2, shop-3, loungewear","","","","","","<p><br></p><p><br></p><p><strong>Size &amp; Fit Information</strong></p><ul><li>Fits true to size, take your normal size</li><li>Designed for a slim fit&nbsp;</li><li>50% Cotton 50% Modal&nbsp;</li><li>Model is 177 cm/5&#39;10&quot; and is wearing a size S</li><li>Machine wash cold. Non-chlorine bleach. Tumble dry low. Cool iron. Do not dry clean.&nbsp;</li></ul>","","","","","",""
"6950603423790","lounge-pant-clay","MERGE","Lounge Pant Clay","<h6>WHY WE LOVE IT</h6>
<p>Éterne's lounge pant is crafted from a soft cotton and modal blend, offering a relaxed fit and a barely there feel--a versatile essential for everyday comfort.</p>

<p>Pair with <a href=""https://eterne.com/products/short-sleeve-baby-tee-clay"">Éterne's short sleeve baby tee</a> as a set.</p>","bottoms:pants, loop, loungewear, new_in: 2024-04/02, pant, pants, womens","REPLACE","173","Pants","Apparel & Accessories > Clothing > Pants","bottoms, new-releases, clay-edition","shop, discount-collection, shop-2, shop-3, pants, loungewear","","","","","","<p><br></p><p><br></p><p><strong>Size &amp; Fit Information</strong></p><ul><li>Fits true to size, take your normal size</li><li>Designed for a loose fit</li><li>50% cotton, 50% modal</li><li>Model is 177 cm/5&#39;10&quot; and is wearing a size S</li><li>Inseam 33 &frac14;&nbsp;</li><li><span style=""font-size:11pt;font-family:Arial;color:#454545;background-color:transparent;font-weight:400;font-style:normal;font-variant:normal;text-decoration:none;vertical-align:baseline;white-space:pre;white-space:pre-wrap;"">Machine wash cold. Non-chlorine bleach. Tumble dry low. Cool iron. Do not dry clean.&nbsp;</span></li></ul>","","","","","",""
"6955580981294","shrunken-hoodie-sweatshirt","MERGE","Shrunken Hoodie Sweatshirt Cream","<h6>WHY WE LOVE IT</h6>
<p>Cut from a butter soft French terry, our Shrunken Hoodie sweatshirt is a modern take on a vintage favorite. This classic hoodie features a slight cropped length, comfortably fitted body and raglan sleeves.</p>
<p>Style with your favorite pair of jeans or make it a set with Éterne's <a href=""https://eterne.com/products/straight-leg-sweatpant-cream"">Straight Leg Sweatpant</a>.</p>","french-terry:sweatshirts, loop, loungewear, tops:sweatshirts","REPLACE","174","Shirts & Tops","Apparel & Accessories > Clothing > Shirts & Tops","terry","shop, discount-collection, shop-2, shop-3, loungewear","","","","","","<p><br></p><p><br></p><p><strong>Size &amp; Fit Information</strong></p><ul><li>Runs small, size up</li><li>Designed for a slim fit&nbsp;</li><li>French Terry</li><li>77% Cotton 23% Modal</li><li>Model is 177 cm/5&#39;10&quot; and is wearing a size S</li><li>Machine wash cold with like colors. Do not bleach. Tumble dry low. Cool iron, if needed or dry clean.&nbsp;</li></ul>","","","","","",""
"6955581112366","shrunken-hoodie-sweatshirt-1","MERGE","Shrunken Hoodie Sweatshirt Heather Grey","<h6>WHY WE LOVE IT</h6>
<p>Cut from a butter soft French terry, our Shrunken Hoodie sweatshirt is a modern take on a vintage favorite. This classic hoodie features a slight cropped length, comfortably fitted body and raglan sleeves.</p>
<p>Style with your favorite pair of jeans or make it a set with Éterne's <a href=""https://eterne.com/products/straight-leg-sweatpant-heather-grey"">Straight Leg Sweatpant</a>.</p>","french-terry:sweatshirts, loop, tops:sweatshirts","REPLACE","174","Shirts & Tops","Apparel & Accessories > Clothing > Shirts & Tops","terry","shop, discount-collection, shop-2, shop-3","","","","","","<p><br></p><p><br></p><p><strong>Size &amp; Fit Information</strong></p><ul><li>Runs small, size up</li><li>Designed for a slim fit&nbsp;</li><li>French Terry</li><li>77% Cotton 23% Modal</li><li>Model is 177 cm/5&#39;10&quot; and is wearing a size S</li><li>Machine wash cold with like colors. Do not bleach. Tumble dry low. Cool iron, if needed or dry clean.&nbsp;</li></ul>","","","","","",""
"6955581145134","shrunken-hoodie-sweatshirt-2","MERGE","Shrunken Hoodie Sweatshirt Black","<h6>WHY WE LOVE IT</h6>
<p>Cut from a butter soft French terry, our Shrunken Hoodie sweatshirt is a modern take on a vintage favorite. This classic hoodie features a slight cropped length, comfortably fitted body and raglan sleeves.</p>
<p>Style with your favorite pair of jeans or make it a set with Éterne's <a href=""https://eterne.com/products/straight-leg-sweatpant-black"">Straight Leg Sweatpant</a>.</p>","french-terry:sweatshirts, loop, loungewear, tops:sweatshirts","REPLACE","174","Shirts & Tops","Apparel & Accessories > Clothing > Shirts & Tops","terry","shop, discount-collection, shop-2, shop-3, loungewear","","","","","","<p><br></p><p><br></p><p><strong>Size &amp; Fit Information</strong></p><ul><li>Runs small, size up</li><li>Designed for a slim fit&nbsp;</li><li>French Terry</li><li>77% Cotton 23% Modal</li><li>Model is 177 cm/5&#39;10&quot; and is wearing a size S</li><li>Machine wash cold with like colors. Do not bleach. Tumble dry low. Cool iron, if needed or dry clean.&nbsp;</li></ul>","","","","","",""
"6955581308974","terry-boyfriend-short-4","MERGE","TERRY BOYFRIEND SHORT BLACK","<h6>WHY WE LOVE IT</h6>
<p><meta charset=""utf-8""><span>Éterne’s terry boyfriend short is crafted from a butter soft french terry cotton and modal blend,
offering a relaxed fit and a unisex look—a versatile essential for everyday wear. </span></p>
<p>Style with your favorite tank, white tee or make it a set with Éterne's <a href=""https://eterne.com/products/ls-raglan-sweatshirt"">Long Sleeve Raglan Sweatshirt</a>.</p>","bottoms:shorts, loop, loungewear, shorts","REPLACE","175","Shorts","Apparel & Accessories > Clothing > Shorts","bottoms, new-releases, terry","shop, discount-collection, shop-2, shop-3, shorts, loungewear","","","","","","<p><br></p><p><br></p><p><strong>Size &amp; Fit Information</strong></p><ul><li>Fits true to size, take your normal size</li><li>Designed for a slim fit&nbsp;</li><li>77% Cotton 23% Modal</li><li>Model is 179 cm/5&#39;10.5&quot; and is wearing a size S</li><li>Machine wash cold with like colors. Non-chlorine bleach if needed. Tumble dry low. Cool iron. Do not dry clean.&nbsp;</li></ul>","","","","","",""
"6955581374510","fitted-tank","MERGE","Fitted Tank Black","<h6>WHY WE LOVE IT</h6>
<p>Cut from a lightweight cotton and modal blend, our fitted tank features a slighlty cropped and fitted body. This tank is the perfect everyday essential.</p>
<p>Style with your favorite high-rise jeans, leather pants, or pair with Éterne's <a href=""https://eterne.com/collections/bottoms/products/thermal-lounge-pant-black"">thermal lounge pant</a> as a set. </p>","loop, new_in: 2024-03-29, tank top, tank tops, tops:tanks","REPLACE","174","Shirts & Tops","Apparel & Accessories > Clothing > Shirts & Tops","new-releases, tank-styles, migration","shop, discount-collection, shop-2, shop-3, tank-tops","","","","","","<p><br></p><p><br></p><p><strong>Size &amp; Fit Information</strong></p><ul><li>Fits true to size, take your normal size</li><li>Designed for a slim fit</li><li>48% Cotton, 48% Modal, 4% Spandex</li><li>Model is 177 cm/5&#39;10&quot; and is wearing a size S</li><li><span style=""font-size:11pt;font-family:Arial;color:#454545;background-color:transparent;font-weight:400;font-style:normal;font-variant:normal;text-decoration:none;vertical-align:baseline;white-space:pre;white-space:pre-wrap;"">Machine wash cold. Non-chlorine bleach. Tumble dry low. Cool iron. Do not dry clean.&nbsp;</span></li></ul>","","","","","",""
"6955581407278","fitted-tank-1","MERGE","Fitted Tank Ivory","<h6>WHY WE LOVE IT</h6>
<p>Cut from a lightweight cotton and modal blend, our fitted tank features a slighlty cropped and fitted body. This tank is the perfect everyday essential.</p>
<p>Style with your favorite high-rise jeans, leather pants, or pair with Éterne's <a href=""https://eterne.com/collections/bottoms/products/thermal-lounge-pant-ivory"">thermal lounge pant</a> as a set. </p>","loop, new_in: 2024-03-29, tank top, tank tops, tops:tanks","REPLACE","174","Shirts & Tops","Apparel & Accessories > Clothing > Shirts & Tops","new-releases, tank-styles, migration","shop, discount-collection, shop-2, shop-3, tank-tops","","","","","","<p><br></p><p><br></p><p><strong>Size &amp; Fit Information</strong></p><ul><li>Fits true to size, take your normal size</li><li>Designed for a slim fit</li><li>48% Cotton, 48% Modal, 4% Spandex</li><li>Model is 177 cm/5&#39;10&quot; and is wearing a size S</li><li><span style=""font-size:11pt;font-family:Arial;color:#454545;background-color:transparent;font-weight:400;font-style:normal;font-variant:normal;text-decoration:none;vertical-align:baseline;white-space:pre;white-space:pre-wrap;"">Machine wash cold. Non-chlorine bleach. Tumble dry low. Cool iron. Do not dry clean.&nbsp;</span></li></ul>","","","","","",""
"6955581440046","fitted-tank-2","MERGE","Fitted Tank Heather Grey","<h6>WHY WE LOVE IT</h6>
<p>Cut from a lightweight cotton and modal blend, our fitted tank features a slighlty cropped and fitted body. This tank is the perfect everyday essential.</p>
<p>Style with your favorite high-rise jeans, leather pants, or pair with Éterne's <a href=""https://eterne.com/collections/bottoms/products/thermal-lounge-pant-heather-grey"">thermal lounge pant</a> as a set. </p>","loop, new_in: 2024-03-29, tank top, tank tops, tops:tanks","REPLACE","174","Shirts & Tops","Apparel & Accessories > Clothing > Shirts & Tops","new-releases, tank-styles, migration","shop, discount-collection, shop-2, shop-3, tank-tops","","","","","","<p><br></p><p><br></p><p><strong>Size &amp; Fit Information</strong></p><ul><li>Fits true to size, take your normal size</li><li>Designed for a slim fit</li><li>48% Cotton, 48% Modal, 4% Spandex</li><li>Model is 177 cm/5&#39;10&quot; and is wearing a size S</li><li><span style=""font-size:11pt;font-family:Arial;color:#454545;background-color:transparent;font-weight:400;font-style:normal;font-variant:normal;text-decoration:none;vertical-align:baseline;white-space:pre;white-space:pre-wrap;"">Machine wash cold. Non-chlorine bleach. Tumble dry low. Cool iron. Do not dry clean.&nbsp;</span></li></ul>","","","","","",""
"6955581472814","loose-tank","MERGE","Loose Tank Black","<h6>WHY WE LOVE IT</h6>
<p>Éterne's loose tank is crafted from a soft cotton and modal blend, offering a relaxed fit and a unisex appeal--a versatile essential for everyday wear.</p>
<p><meta charset=""utf-8"">Style with your favorite pair of jeans, leather pants, layered under an oversized blazer, or pair with Éterne's <a href=""https://eterne.com/products/lounge-pant-black"">lounge pant</a> as a set.</p>","loop, tank, tank top, tank tops, tops:tanks","REPLACE","174","Shirts & Tops","Apparel & Accessories > Clothing > Shirts & Tops","tank-styles, chloes-packing-list","shop, discount-collection, shop-2, shop-3, tank-tops","","","","","","<p><br></p><p><br></p><p><strong>Size &amp; Fit Information</strong></p><ul><li>Fits true to size, take your normal size</li><li>Designed for a loose fit</li><li>50% Cotton, 50% Modal</li><li>Model is 177 cm/5&#39;10&quot; and is wearing a size S</li><li><span style=""font-size:11pt;font-family:Arial;color:#454545;background-color:transparent;font-weight:400;font-style:normal;font-variant:normal;text-decoration:none;vertical-align:baseline;white-space:pre;white-space:pre-wrap;"">Machine wash cold. Non-chlorine bleach. Tumble dry low. Cool iron. Do not dry clean.</span></li></ul>","","","","","",""
"6955581538350","loose-tank-1","MERGE","Loose Tank Ivory","<h6>WHY WE LOVE IT</h6>
<p>Éterne's loose tank is crafted from a soft cotton and modal blend, offering a relaxed fit and a unisex appeal--a versatile essential for everyday wear.</p>
<p><meta charset=""utf-8"">Style with your favorite pair of jeans, leather pants, layered under an oversized blazer, or pair with Éterne's <a href=""https://eterne.com/products/lounge-pant-ivory"">lounge pant</a> as a set.</p>","loop, tank, tank top, tank tops, tops:tanks","REPLACE","174","Shirts & Tops","Apparel & Accessories > Clothing > Shirts & Tops","tank-styles, chloes-packing-list","shop, discount-collection, shop-2, shop-3, tank-tops","","","","","","<p><br></p><p><br></p><p><strong>Size &amp; Fit Information</strong></p><ul><li>Fits true to size, take your normal size</li><li>Designed for a loose fit</li><li>50% Cotton, 50% Modal</li><li>Model is 177 cm/5&#39;10&quot; and is wearing a size S</li><li><span style=""font-size:11pt;font-family:Arial;color:#454545;background-color:transparent;font-weight:400;font-style:normal;font-variant:normal;text-decoration:none;vertical-align:baseline;white-space:pre;white-space:pre-wrap;"">Machine wash cold. Non-chlorine bleach. Tumble dry low. Cool iron. Do not dry clean.</span></li></ul>","","","","","",""
"6955581636654","loose-tank-2","MERGE","Loose Tank Heather Grey","<h6>WHY WE LOVE IT</h6>
<p>Éterne's loose tank is crafted from a soft cotton and modal blend, offering a relaxed fit and a unisex appeal--a versatile essential for everyday wear.</p>
<p><meta charset=""utf-8"">Style with your favorite pair of jeans, leather pants, layered under an oversized blazer, or pair with Éterne's <a href=""https://eterne.com/products/lounge-pant-heather-grey"">lounge pant</a> as a set.</p>","loop, tank, tank top, tank tops, tops:tanks","REPLACE","174","Shirts & Tops","Apparel & Accessories > Clothing > Shirts & Tops","tank-styles, chloes-packing-list","shop, discount-collection, shop-2, shop-3, tank-tops","","","","","","<p><br></p><p><br></p><p><strong>Size &amp; Fit Information</strong></p><ul><li>Fits true to size, take your normal size</li><li>Designed for a loose fit</li><li>50% Cotton, 50% Modal</li><li>Model is 177 cm/5&#39;10&quot; and is wearing a size S</li><li><span style=""font-size:11pt;font-family:Arial;color:#454545;background-color:transparent;font-weight:400;font-style:normal;font-variant:normal;text-decoration:none;vertical-align:baseline;white-space:pre;white-space:pre-wrap;"">Machine wash cold. Non-chlorine bleach. Tumble dry low. Cool iron. Do not dry clean.</span></li></ul>","","","","","",""
"6955581734958","loose-tank-3","MERGE","Loose Tank Navy","","","REPLACE","174","Shirts & Tops","Apparel & Accessories > Clothing > Shirts & Tops","","shop, discount-collection, shop-2, shop-3","","","","","","","","","","","",""
"6965849096238","copy-of-90s-brief-black","MERGE","'90s Brief Black","<h6>WHY WE LOVE IT</h6>
<p>Inspired by the iconic Nineties, our '90s brief features a flattering low waist, a versatile waistband that can be worn high or low, with a second-skin feel made from an ultra-soft lightweight modal blend. </p>
<p>Pair with <a href=""https://eterne.com/collections/bra-underwear/products/triangle-bra-black"">Éterne's triangle bra</a> as a set. </p>","intimates:underwear, loop, new_in: 2020-10-28","REPLACE","208","Lingerie","Apparel & Accessories > Clothing > Underwear & Socks > Lingerie","bra-underwear, migration, chloes-packing-list","shop, discount-collection, shop-2, shop-3","90's Brief by Eterne","90's Brief by Eterne. Available in black or off-white. Designed with high cut sides and just enough coverage for comfort and a smooth, seamless profile.","{""XS"":[""0""],""S"":[""0""],""M"":[""0""],""L"":[""0""],""XL"":[""0""],""CleverCommon"":[""14084259053614"",""14084259020846"",""14084258955310"",""14084258922542"",""14084258889774""]}","0","1","<p><strong><br></strong></p><p><strong>Size &amp; Fit Information</strong></p><ul><li>Fits true to size, take your normal size</li><li>89% Modal / 11% Lycra&nbsp;</li><li>Model is 177 cm/5&#39;10&quot; and is wearing a size S</li><li>Machine wash cold. Non-chlorine bleach. Tumble dry low. Cool iron.</li></ul>","{""XS"":[[""0""],[""31763911114798""]],""S"":[[""0""],[""31763911147566""]],""M"":[[""0""],[""31763911180334""]],""L"":[[""0""],[""31763911213102""]],""XL"":[[""0""],[""31763911245870""]],""CleverCommon"":[""0""],""undefined"":""14084258889774""}","213","{""productSettings"":""{\""6965849096238\"":{\""preOrderEnabled\"":false,\""quantityLimit\"":0,\""overallQuantityLimit\"":0,\""totalQuantityOrdered\"":0,\""buttonText\"":\""Preorder\"",\""buttonMessage\"":\""Estimated shipping March 22nd\"",\""buttonMessageVisibility\"":\""ALWAYS\"",\""cartCheckoutLabel\"":\"" \"",\""preOrderTimeEnable\"":false,\""dateStart\"":\""-1\"",\""dateStop\"":\""-1\"",\""discountValue\"":0.0,\""discountType\"":\""PERCENTAGE\"",\""showPriceOnCheckoutLabelOnCart\"":false,\""showFullPriceLabelOnCart\"":false,\""showSellingPlanLabelOnCart\"":false,\""showPurchaseOptions\"":true,\""showPurchaseOptionsOnSingleSellingPlan\"":false,\""orderTag\"":\""appikon-pre-order\"",\""comingSoonEnable\"":false,\""comingSoonHeader\"":\""Coming Soon\"",\""comingSoonMessage\"":\""Dropping on\"",\""comingSoonAvailableFrom\"":\""-1\"",\""showPreOrderLabelOnCollectionPage\"":true,\""collectionPagePreOrderLabelText\"":\""Preorder\"",\""collectionPagePreOrderLabelClass\"":\""\"",\""collectionPagePreOrderLabelCSS\"":\"".appikon-pre-order-button-message {\\nmargin-top: 16px;\\n}\"",\""preOrderClosedMessage\"":\""Sold Out\""}}"",""variantSettings"":""{\""40668136538158\"":{\""preOrderEnabled\"":false,\""quantityLimit\"":0,\""overallQuantityLimit\"":0,\""totalQuantityOrdered\"":0,\""buttonText\"":\""Preorder\"",\""buttonMessage\"":\""Estimated shipping March 22nd\"",\""buttonMessageVisibility\"":\""ALWAYS\"",\""cartCheckoutLabel\"":\"" \"",\""preOrderTimeEnable\"":false,\""dateStart\"":\""-1\"",\""dateStop\"":\""-1\"",\""discountValue\"":0.0,\""discountType\"":\""PERCENTAGE\"",\""showPriceOnCheckoutLabelOnCart\"":false,\""showFullPriceLabelOnCart\"":false,\""showSellingPlanLabelOnCart\"":false,\""showPurchaseOptions\"":true,\""showPurchaseOptionsOnSingleSellingPlan\"":false,\""orderTag\"":\""appikon-pre-order\"",\""comingSoonEnable\"":false,\""comingSoonHeader\"":\""Coming Soon\"",\""comingSoonMessage\"":\""Dropping on\"",\""comingSoonAvailableFrom\"":\""-1\"",\""showPreOrderLabelOnCollectionPage\"":true,\""collectionPagePreOrderLabelText\"":\""Preorder\"",\""collectionPagePreOrderLabelClass\"":\""\"",\""collectionPagePreOrderLabelCSS\"":\"".appikon-pre-order-button-message {\\nmargin-top: 16px;\\n}\"",\""preOrderClosedMessage\"":\""Sold Out\""},\""40668136636462\"":{\""preOrderEnabled\"":false,\""quantityLimit\"":0,\""overallQuantityLimit\"":0,\""totalQuantityOrdered\"":0,\""buttonText\"":\""Preorder\"",\""buttonMessage\"":\""Estimated shipping March 22nd\"",\""buttonMessageVisibility\"":\""ALWAYS\"",\""cartCheckoutLabel\"":\"" \"",\""preOrderTimeEnable\"":false,\""dateStart\"":\""-1\"",\""dateStop\"":\""-1\"",\""discountValue\"":0.0,\""discountType\"":\""PERCENTAGE\"",\""showPriceOnCheckoutLabelOnCart\"":false,\""showFullPriceLabelOnCart\"":false,\""showSellingPlanLabelOnCart\"":false,\""showPurchaseOptions\"":true,\""showPurchaseOptionsOnSingleSellingPlan\"":false,\""orderTag\"":\""appikon-pre-order\"",\""comingSoonEnable\"":false,\""comingSoonHeader\"":\""Coming Soon\"",\""comingSoonMessage\"":\""Dropping on\"",\""comingSoonAvailableFrom\"":\""-1\"",\""showPreOrderLabelOnCollectionPage\"":true,\""collectionPagePreOrderLabelText\"":\""Preorder\"",\""collectionPagePreOrderLabelClass\"":\""\"",\""collectionPagePreOrderLabelCSS\"":\"".appikon-pre-order-button-message {\\nmargin-top: 16px;\\n}\"",\""preOrderClosedMessage\"":\""Sold Out\""},\""40668136669230\"":{\""preOrderEnabled\"":false,\""quantityLimit\"":0,\""overallQuantityLimit\"":0,\""totalQuantityOrdered\"":0,\""buttonText\"":\""Preorder\"",\""buttonMessage\"":\""Estimated shipping March 22nd\"",\""buttonMessageVisibility\"":\""ALWAYS\"",\""cartCheckoutLabel\"":\"" \"",\""preOrderTimeEnable\"":false,\""dateStart\"":\""-1\"",\""dateStop\"":\""-1\"",\""discountValue\"":0.0,\""discountType\"":\""PERCENTAGE\"",\""showPriceOnCheckoutLabelOnCart\"":false,\""showFullPriceLabelOnCart\"":false,\""showSellingPlanLabelOnCart\"":false,\""showPurchaseOptions\"":true,\""showPurchaseOptionsOnSingleSellingPlan\"":false,\""orderTag\"":\""appikon-pre-order\"",\""comingSoonEnable\"":false,\""comingSoonHeader\"":\""Coming Soon\"",\""comingSoonMessage\"":\""Dropping on\"",\""comingSoonAvailableFrom\"":\""-1\"",\""showPreOrderLabelOnCollectionPage\"":true,\""collectionPagePreOrderLabelText\"":\""Preorder\"",\""collectionPagePreOrderLabelClass\"":\""\"",\""collectionPagePreOrderLabelCSS\"":\"".appikon-pre-order-button-message {\\nmargin-top: 16px;\\n}\"",\""preOrderClosedMessage\"":\""Sold Out\""},\""40668136603694\"":{\""preOrderEnabled\"":false,\""quantityLimit\"":0,\""overallQuantityLimit\"":0,\""totalQuantityOrdered\"":0,\""buttonText\"":\""Preorder\"",\""buttonMessage\"":\""Estimated shipping March 22nd\"",\""buttonMessageVisibility\"":\""ALWAYS\"",\""cartCheckoutLabel\"":\"" \"",\""preOrderTimeEnable\"":false,\""dateStart\"":\""-1\"",\""dateStop\"":\""-1\"",\""discountValue\"":0.0,\""discountType\"":\""PERCENTAGE\"",\""showPriceOnCheckoutLabelOnCart\"":false,\""showFullPriceLabelOnCart\"":false,\""showSellingPlanLabelOnCart\"":false,\""showPurchaseOptions\"":true,\""showPurchaseOptionsOnSingleSellingPlan\"":false,\""orderTag\"":\""appikon-pre-order\"",\""comingSoonEnable\"":false,\""comingSoonHeader\"":\""Coming Soon\"",\""comingSoonMessage\"":\""Dropping on\"",\""comingSoonAvailableFrom\"":\""-1\"",\""showPreOrderLabelOnCollectionPage\"":true,\""collectionPagePreOrderLabelText\"":\""Preorder\"",\""collectionPagePreOrderLabelClass\"":\""\"",\""collectionPagePreOrderLabelCSS\"":\"".appikon-pre-order-button-message {\\nmargin-top: 16px;\\n}\"",\""preOrderClosedMessage\"":\""Sold Out\""},\""40668136570926\"":{\""preOrderEnabled\"":false,\""quantityLimit\"":0,\""overallQuantityLimit\"":0,\""totalQuantityOrdered\"":0,\""buttonText\"":\""Preorder\"",\""buttonMessage\"":\""Estimated shipping March 22nd\"",\""buttonMessageVisibility\"":\""ALWAYS\"",\""cartCheckoutLabel\"":\"" \"",\""preOrderTimeEnable\"":false,\""dateStart\"":\""-1\"",\""dateStop\"":\""-1\"",\""discountValue\"":0.0,\""discountType\"":\""PERCENTAGE\"",\""showPriceOnCheckoutLabelOnCart\"":false,\""showFullPriceLabelOnCart\"":false,\""showSellingPlanLabelOnCart\"":false,\""showPurchaseOptions\"":true,\""showPurchaseOptionsOnSingleSellingPlan\"":false,\""orderTag\"":\""appikon-pre-order\"",\""comingSoonEnable\"":false,\""comingSoonHeader\"":\""Coming Soon\"",\""comingSoonMessage\"":\""Dropping on\"",\""comingSoonAvailableFrom\"":\""-1\"",\""showPreOrderLabelOnCollectionPage\"":true,\""collectionPagePreOrderLabelText\"":\""Preorder\"",\""collectionPagePreOrderLabelClass\"":\""\"",\""collectionPagePreOrderLabelCSS\"":\"".appikon-pre-order-button-message {\\nmargin-top: 16px;\\n}\"",\""preOrderClosedMessage\"":\""Sold Out\""}}""}","18-11-2020","20-11-2020","false"
"6965922037806","halter-mini-dress","MERGE","Halter Mini Dress Black","<h6>WHY WE LOVE IT</h6>
<p>Éterne's halter mini dress is crafted from a butter soft ribbed cotton and modal blend, offering a slim fit and a mini length—a versatile essential for everyday wear.</p>
<p>Style with your favorite oversized blazer and a pair of knee high boots.<br></p>","dresses, dresses:mini, loop, new_in: 2024-03-26","REPLACE","160","Dresses","Apparel & Accessories > Clothing > Dresses","new-releases, dresses-2, migration, chloes-packing-list","shop, discount-collection, shop-2, shop-3, dresses, dresses-1","","","","","","<p><br></p><p><br></p><p><strong>Size &amp; Fit Information</strong></p><ul><li>Fits true to size, take your normal size</li><li>Designed for a slim fit&nbsp;</li><li>48% Cotton 48% Modal 4% Spandex</li><li>Model is 177 cm/5&#39;10&quot; and is wearing a size S</li><li>Machine wash cold. Non-chlorine bleach. Tumble dry low. Cool iron. Do not dry clean.&nbsp;</li></ul>","","","","","",""
"6965922267182","halter-mini-dress-1","MERGE","Halter Mini Dress Cream","<h6>WHY WE LOVE IT</h6>
<p>Éterne's halter mini dress is crafted from a butter soft ribbed cotton and modal blend, offering a slim fit and a mini length—a versatile essential for everyday wear.</p>
<p>Style with your favorite oversized blazer and a pair of knee high boots.<br></p>","dresses, dresses:mini, loop, new_in: 2024-03-26","REPLACE","160","Dresses","Apparel & Accessories > Clothing > Dresses","new-releases, dresses-2, migration, chloes-packing-list","shop, discount-collection, shop-2, shop-3, dresses, dresses-1","","","","","","<p><br></p><p><br></p><p><strong>Size &amp; Fit Information</strong></p><ul><li>Fits true to size, take your normal size</li><li>Designed for a slim fit&nbsp;</li><li>48% Cotton 48% Modal 4% Spandex</li><li>Model is 177 cm/5&#39;10&quot; and is wearing a size S</li><li>Machine wash cold. Non-chlorine bleach. Tumble dry low. Cool iron. Do not dry clean.&nbsp;</li></ul>","","","","","",""
"6965922365486","halter-maxi-dress","MERGE","Halter Maxi Dress Black","<h6>WHY WE LOVE IT</h6>
<p>Éterne's halter maxi dress is crafted from a butter soft ribbed cotton and modal blend, offering a slim fit and a maxi length—a versatile essential for everyday wear.</p>
<p>Style with your favorite oversized blazer and a pair of knee high boots.<br></p>","dresses, dresses:maxi, loop","REPLACE","160","Dresses","Apparel & Accessories > Clothing > Dresses","dresses-2, migration","shop, discount-collection, shop-2, shop-3, dresses, dresses-1","","","","","","<p><br></p><p><br></p><p><strong>Size &amp; Fit Information</strong></p><ul><li>Fits true to size, take your normal size</li><li>Designed for a slim fit&nbsp;</li><li>48% Cotton 48% Modal 4% Spandex</li><li>Model is 177 cm/5&#39;10&quot; and is wearing a size S</li><li>Machine wash cold. Non-chlorine bleach. Tumble dry low. Cool iron. Do not dry clean.&nbsp;</li></ul>","","","{""productSettings"":""{\""6965922365486\"":{\""preOrderEnabled\"":false,\""quantityLimit\"":0,\""overallQuantityLimit\"":0,\""totalQuantityOrdered\"":0,\""buttonText\"":\""Preorder\"",\""buttonMessage\"":\""Estimated shipping March 22nd\"",\""buttonMessageVisibility\"":\""ALWAYS\"",\""cartCheckoutLabel\"":\""\"",\""preOrderTimeEnable\"":false,\""dateStart\"":\""-1\"",\""dateStop\"":\""-1\"",\""discountValue\"":0.0,\""discountType\"":\""PERCENTAGE\"",\""showPriceOnCheckoutLabelOnCart\"":false,\""showFullPriceLabelOnCart\"":false,\""showSellingPlanLabelOnCart\"":false,\""showPurchaseOptions\"":true,\""showPurchaseOptionsOnSingleSellingPlan\"":false,\""orderTag\"":\""appikon-pre-order\"",\""comingSoonEnable\"":false,\""comingSoonHeader\"":\""Coming Soon\"",\""comingSoonMessage\"":\""Dropping on\"",\""comingSoonAvailableFrom\"":\""-1\"",\""showPreOrderLabelOnCollectionPage\"":true,\""collectionPagePreOrderLabelText\"":\""Preorder\"",\""collectionPagePreOrderLabelClass\"":\""\"",\""collectionPagePreOrderLabelCSS\"":\"".appikon-pre-order-button-message {\\nmargin-top: 16px;\\n}\"",\""preOrderClosedMessage\"":\""Sold Out\""}}"",""variantSettings"":""{\""40673905213486\"":{\""preOrderEnabled\"":false,\""quantityLimit\"":0,\""overallQuantityLimit\"":0,\""totalQuantityOrdered\"":0,\""buttonText\"":\""Preorder\"",\""buttonMessage\"":\""Estimated shipping March 22nd\"",\""buttonMessageVisibility\"":\""ALWAYS\"",\""cartCheckoutLabel\"":\""\"",\""preOrderTimeEnable\"":false,\""dateStart\"":\""-1\"",\""dateStop\"":\""-1\"",\""discountValue\"":0.0,\""discountType\"":\""PERCENTAGE\"",\""showPriceOnCheckoutLabelOnCart\"":false,\""showFullPriceLabelOnCart\"":false,\""showSellingPlanLabelOnCart\"":false,\""showPurchaseOptions\"":true,\""showPurchaseOptionsOnSingleSellingPlan\"":false,\""orderTag\"":\""appikon-pre-order\"",\""comingSoonEnable\"":false,\""comingSoonHeader\"":\""Coming Soon\"",\""comingSoonMessage\"":\""Dropping on\"",\""comingSoonAvailableFrom\"":\""-1\"",\""showPreOrderLabelOnCollectionPage\"":true,\""collectionPagePreOrderLabelText\"":\""Preorder\"",\""collectionPagePreOrderLabelClass\"":\""\"",\""collectionPagePreOrderLabelCSS\"":\"".appikon-pre-order-button-message {\\nmargin-top: 16px;\\n}\"",\""preOrderClosedMessage\"":\""Sold Out\""},\""40669632004142\"":{\""preOrderEnabled\"":false,\""quantityLimit\"":0,\""overallQuantityLimit\"":0,\""totalQuantityOrdered\"":0,\""buttonText\"":\""Preorder\"",\""buttonMessage\"":\""Estimated shipping March 22nd\"",\""buttonMessageVisibility\"":\""ALWAYS\"",\""cartCheckoutLabel\"":\""\"",\""preOrderTimeEnable\"":false,\""dateStart\"":\""-1\"",\""dateStop\"":\""-1\"",\""discountValue\"":0.0,\""discountType\"":\""PERCENTAGE\"",\""showPriceOnCheckoutLabelOnCart\"":false,\""showFullPriceLabelOnCart\"":false,\""showSellingPlanLabelOnCart\"":false,\""showPurchaseOptions\"":true,\""showPurchaseOptionsOnSingleSellingPlan\"":false,\""orderTag\"":\""appikon-pre-order\"",\""comingSoonEnable\"":false,\""comingSoonHeader\"":\""Coming Soon\"",\""comingSoonMessage\"":\""Dropping on\"",\""comingSoonAvailableFrom\"":\""-1\"",\""showPreOrderLabelOnCollectionPage\"":true,\""collectionPagePreOrderLabelText\"":\""Preorder\"",\""collectionPagePreOrderLabelClass\"":\""\"",\""collectionPagePreOrderLabelCSS\"":\"".appikon-pre-order-button-message {\\nmargin-top: 16px;\\n}\"",\""preOrderClosedMessage\"":\""Sold Out\""},\""40669631348782\"":{\""preOrderEnabled\"":false,\""quantityLimit\"":0,\""overallQuantityLimit\"":0,\""totalQuantityOrdered\"":0,\""buttonText\"":\""Preorder\"",\""buttonMessage\"":\""Estimated shipping March 22nd\"",\""buttonMessageVisibility\"":\""ALWAYS\"",\""cartCheckoutLabel\"":\""\"",\""preOrderTimeEnable\"":false,\""dateStart\"":\""-1\"",\""dateStop\"":\""-1\"",\""discountValue\"":0.0,\""discountType\"":\""PERCENTAGE\"",\""showPriceOnCheckoutLabelOnCart\"":false,\""showFullPriceLabelOnCart\"":false,\""showSellingPlanLabelOnCart\"":false,\""showPurchaseOptions\"":true,\""showPurchaseOptionsOnSingleSellingPlan\"":false,\""orderTag\"":\""appikon-pre-order\"",\""comingSoonEnable\"":false,\""comingSoonHeader\"":\""Coming Soon\"",\""comingSoonMessage\"":\""Dropping on\"",\""comingSoonAvailableFrom\"":\""-1\"",\""showPreOrderLabelOnCollectionPage\"":true,\""collectionPagePreOrderLabelText\"":\""Preorder\"",\""collectionPagePreOrderLabelClass\"":\""\"",\""collectionPagePreOrderLabelCSS\"":\"".appikon-pre-order-button-message {\\nmargin-top: 16px;\\n}\"",\""preOrderClosedMessage\"":\""Sold Out\""},\""40669631971374\"":{\""preOrderEnabled\"":false,\""quantityLimit\"":0,\""overallQuantityLimit\"":0,\""totalQuantityOrdered\"":0,\""buttonText\"":\""Preorder\"",\""buttonMessage\"":\""Estimated shipping March 22nd\"",\""buttonMessageVisibility\"":\""ALWAYS\"",\""cartCheckoutLabel\"":\""\"",\""preOrderTimeEnable\"":false,\""dateStart\"":\""-1\"",\""dateStop\"":\""-1\"",\""discountValue\"":0.0,\""discountType\"":\""PERCENTAGE\"",\""showPriceOnCheckoutLabelOnCart\"":false,\""showFullPriceLabelOnCart\"":false,\""showSellingPlanLabelOnCart\"":false,\""showPurchaseOptions\"":true,\""showPurchaseOptionsOnSingleSellingPlan\"":false,\""orderTag\"":\""appikon-pre-order\"",\""comingSoonEnable\"":false,\""comingSoonHeader\"":\""Coming Soon\"",\""comingSoonMessage\"":\""Dropping on\"",\""comingSoonAvailableFrom\"":\""-1\"",\""showPreOrderLabelOnCollectionPage\"":true,\""collectionPagePreOrderLabelText\"":\""Preorder\"",\""collectionPagePreOrderLabelClass\"":\""\"",\""collectionPagePreOrderLabelCSS\"":\"".appikon-pre-order-button-message {\\nmargin-top: 16px;\\n}\"",\""preOrderClosedMessage\"":\""Sold Out\""},\""40669632036910\"":{\""preOrderEnabled\"":false,\""quantityLimit\"":0,\""overallQuantityLimit\"":0,\""totalQuantityOrdered\"":0,\""buttonText\"":\""Preorder\"",\""buttonMessage\"":\""Estimated shipping March 22nd\"",\""buttonMessageVisibility\"":\""ALWAYS\"",\""cartCheckoutLabel\"":\""\"",\""preOrderTimeEnable\"":false,\""dateStart\"":\""-1\"",\""dateStop\"":\""-1\"",\""discountValue\"":0.0,\""discountType\"":\""PERCENTAGE\"",\""showPriceOnCheckoutLabelOnCart\"":false,\""showFullPriceLabelOnCart\"":false,\""showSellingPlanLabelOnCart\"":false,\""showPurchaseOptions\"":true,\""showPurchaseOptionsOnSingleSellingPlan\"":false,\""orderTag\"":\""appikon-pre-order\"",\""comingSoonEnable\"":false,\""comingSoonHeader\"":\""Coming Soon\"",\""comingSoonMessage\"":\""Dropping on\"",\""comingSoonAvailableFrom\"":\""-1\"",\""showPreOrderLabelOnCollectionPage\"":true,\""collectionPagePreOrderLabelText\"":\""Preorder\"",\""collectionPagePreOrderLabelClass\"":\""\"",\""collectionPagePreOrderLabelCSS\"":\"".appikon-pre-order-button-message {\\nmargin-top: 16px;\\n}\"",\""preOrderClosedMessage\"":\""Sold Out\""}}""}","","",""
"6965922562094","halter-maxi-dress-1","MERGE","Halter Maxi Dress Cream","<h6>WHY WE LOVE IT</h6>
<p>Éterne's halter maxi dress is crafted from a butter soft ribbed cotton and modal blend, offering a slim fit and a maxi length—a versatile essential for everyday wear.</p>
<p>Style with your favorite oversized blazer and a pair of knee high boots.<br></p>","dresses, dresses:maxi, loop","REPLACE","160","Dresses","Apparel & Accessories > Clothing > Dresses","dresses-2, migration","shop, discount-collection, shop-2, shop-3, dresses, dresses-1","","","","","","<p><br></p><p><br></p><p><strong>Size &amp; Fit Information</strong></p><ul><li>Fits true to size, take your normal size</li><li>Designed for a slim fit&nbsp;</li><li>48% Cotton 48% Modal 4% Spandex</li><li>Model is 177 cm/5&#39;10&quot; and is wearing a size S</li><li>Machine wash cold. Non-chlorine bleach. Tumble dry low. Cool iron. Do not dry clean.&nbsp;</li></ul>","","","{""productSettings"":""{\""6965922562094\"":{\""preOrderEnabled\"":false,\""quantityLimit\"":0,\""overallQuantityLimit\"":0,\""totalQuantityOrdered\"":0,\""buttonText\"":\""Preorder\"",\""buttonMessage\"":\""Estimated shipping March 22nd\"",\""buttonMessageVisibility\"":\""ALWAYS\"",\""cartCheckoutLabel\"":\""\"",\""preOrderTimeEnable\"":false,\""dateStart\"":\""-1\"",\""dateStop\"":\""-1\"",\""discountValue\"":0.0,\""discountType\"":\""PERCENTAGE\"",\""showPriceOnCheckoutLabelOnCart\"":false,\""showFullPriceLabelOnCart\"":false,\""showSellingPlanLabelOnCart\"":false,\""showPurchaseOptions\"":true,\""showPurchaseOptionsOnSingleSellingPlan\"":false,\""orderTag\"":\""appikon-pre-order\"",\""comingSoonEnable\"":false,\""comingSoonHeader\"":\""Coming Soon\"",\""comingSoonMessage\"":\""Dropping on\"",\""comingSoonAvailableFrom\"":\""-1\"",\""showPreOrderLabelOnCollectionPage\"":true,\""collectionPagePreOrderLabelText\"":\""Preorder\"",\""collectionPagePreOrderLabelClass\"":\""\"",\""collectionPagePreOrderLabelCSS\"":\"".appikon-pre-order-button-message {\\nmargin-top: 16px;\\n}\"",\""preOrderClosedMessage\"":\""Sold Out\""}}"",""variantSettings"":""{\""40669633118254\"":{\""preOrderEnabled\"":false,\""quantityLimit\"":0,\""overallQuantityLimit\"":0,\""totalQuantityOrdered\"":0,\""buttonText\"":\""Preorder\"",\""buttonMessage\"":\""Estimated shipping March 22nd\"",\""buttonMessageVisibility\"":\""ALWAYS\"",\""cartCheckoutLabel\"":\""\"",\""preOrderTimeEnable\"":false,\""dateStart\"":\""-1\"",\""dateStop\"":\""-1\"",\""discountValue\"":0.0,\""discountType\"":\""PERCENTAGE\"",\""showPriceOnCheckoutLabelOnCart\"":false,\""showFullPriceLabelOnCart\"":false,\""showSellingPlanLabelOnCart\"":false,\""showPurchaseOptions\"":true,\""showPurchaseOptionsOnSingleSellingPlan\"":false,\""orderTag\"":\""appikon-pre-order\"",\""comingSoonEnable\"":false,\""comingSoonHeader\"":\""Coming Soon\"",\""comingSoonMessage\"":\""Dropping on\"",\""comingSoonAvailableFrom\"":\""-1\"",\""showPreOrderLabelOnCollectionPage\"":true,\""collectionPagePreOrderLabelText\"":\""Preorder\"",\""collectionPagePreOrderLabelClass\"":\""\"",\""collectionPagePreOrderLabelCSS\"":\"".appikon-pre-order-button-message {\\nmargin-top: 16px;\\n}\"",\""preOrderClosedMessage\"":\""Sold Out\""},\""40669632069678\"":{\""preOrderEnabled\"":false,\""quantityLimit\"":0,\""overallQuantityLimit\"":0,\""totalQuantityOrdered\"":0,\""buttonText\"":\""Preorder\"",\""buttonMessage\"":\""Estimated shipping March 22nd\"",\""buttonMessageVisibility\"":\""ALWAYS\"",\""cartCheckoutLabel\"":\""\"",\""preOrderTimeEnable\"":false,\""dateStart\"":\""-1\"",\""dateStop\"":\""-1\"",\""discountValue\"":0.0,\""discountType\"":\""PERCENTAGE\"",\""showPriceOnCheckoutLabelOnCart\"":false,\""showFullPriceLabelOnCart\"":false,\""showSellingPlanLabelOnCart\"":false,\""showPurchaseOptions\"":true,\""showPurchaseOptionsOnSingleSellingPlan\"":false,\""orderTag\"":\""appikon-pre-order\"",\""comingSoonEnable\"":false,\""comingSoonHeader\"":\""Coming Soon\"",\""comingSoonMessage\"":\""Dropping on\"",\""comingSoonAvailableFrom\"":\""-1\"",\""showPreOrderLabelOnCollectionPage\"":true,\""collectionPagePreOrderLabelText\"":\""Preorder\"",\""collectionPagePreOrderLabelClass\"":\""\"",\""collectionPagePreOrderLabelCSS\"":\"".appikon-pre-order-button-message {\\nmargin-top: 16px;\\n}\"",\""preOrderClosedMessage\"":\""Sold Out\""},\""40673906065454\"":{\""preOrderEnabled\"":false,\""quantityLimit\"":0,\""overallQuantityLimit\"":0,\""totalQuantityOrdered\"":0,\""buttonText\"":\""Preorder\"",\""buttonMessage\"":\""Estimated shipping March 22nd\"",\""buttonMessageVisibility\"":\""ALWAYS\"",\""cartCheckoutLabel\"":\""\"",\""preOrderTimeEnable\"":false,\""dateStart\"":\""-1\"",\""dateStop\"":\""-1\"",\""discountValue\"":0.0,\""discountType\"":\""PERCENTAGE\"",\""showPriceOnCheckoutLabelOnCart\"":false,\""showFullPriceLabelOnCart\"":false,\""showSellingPlanLabelOnCart\"":false,\""showPurchaseOptions\"":true,\""showPurchaseOptionsOnSingleSellingPlan\"":false,\""orderTag\"":\""appikon-pre-order\"",\""comingSoonEnable\"":false,\""comingSoonHeader\"":\""Coming Soon\"",\""comingSoonMessage\"":\""Dropping on\"",\""comingSoonAvailableFrom\"":\""-1\"",\""showPreOrderLabelOnCollectionPage\"":true,\""collectionPagePreOrderLabelText\"":\""Preorder\"",\""collectionPagePreOrderLabelClass\"":\""\"",\""collectionPagePreOrderLabelCSS\"":\"".appikon-pre-order-button-message {\\nmargin-top: 16px;\\n}\"",\""preOrderClosedMessage\"":\""Sold Out\""},\""40669632790574\"":{\""preOrderEnabled\"":false,\""quantityLimit\"":0,\""overallQuantityLimit\"":0,\""totalQuantityOrdered\"":0,\""buttonText\"":\""Preorder\"",\""buttonMessage\"":\""Estimated shipping March 22nd\"",\""buttonMessageVisibility\"":\""ALWAYS\"",\""cartCheckoutLabel\"":\""\"",\""preOrderTimeEnable\"":false,\""dateStart\"":\""-1\"",\""dateStop\"":\""-1\"",\""discountValue\"":0.0,\""discountType\"":\""PERCENTAGE\"",\""showPriceOnCheckoutLabelOnCart\"":false,\""showFullPriceLabelOnCart\"":false,\""showSellingPlanLabelOnCart\"":false,\""showPurchaseOptions\"":true,\""showPurchaseOptionsOnSingleSellingPlan\"":false,\""orderTag\"":\""appikon-pre-order\"",\""comingSoonEnable\"":false,\""comingSoonHeader\"":\""Coming Soon\"",\""comingSoonMessage\"":\""Dropping on\"",\""comingSoonAvailableFrom\"":\""-1\"",\""showPreOrderLabelOnCollectionPage\"":true,\""collectionPagePreOrderLabelText\"":\""Preorder\"",\""collectionPagePreOrderLabelClass\"":\""\"",\""collectionPagePreOrderLabelCSS\"":\"".appikon-pre-order-button-message {\\nmargin-top: 16px;\\n}\"",\""preOrderClosedMessage\"":\""Sold Out\""},\""40669632167982\"":{\""preOrderEnabled\"":false,\""quantityLimit\"":0,\""overallQuantityLimit\"":0,\""totalQuantityOrdered\"":0,\""buttonText\"":\""Preorder\"",\""buttonMessage\"":\""Estimated shipping March 22nd\"",\""buttonMessageVisibility\"":\""ALWAYS\"",\""cartCheckoutLabel\"":\""\"",\""preOrderTimeEnable\"":false,\""dateStart\"":\""-1\"",\""dateStop\"":\""-1\"",\""discountValue\"":0.0,\""discountType\"":\""PERCENTAGE\"",\""showPriceOnCheckoutLabelOnCart\"":false,\""showFullPriceLabelOnCart\"":false,\""showSellingPlanLabelOnCart\"":false,\""showPurchaseOptions\"":true,\""showPurchaseOptionsOnSingleSellingPlan\"":false,\""orderTag\"":\""appikon-pre-order\"",\""comingSoonEnable\"":false,\""comingSoonHeader\"":\""Coming Soon\"",\""comingSoonMessage\"":\""Dropping on\"",\""comingSoonAvailableFrom\"":\""-1\"",\""showPreOrderLabelOnCollectionPage\"":true,\""collectionPagePreOrderLabelText\"":\""Preorder\"",\""collectionPagePreOrderLabelClass\"":\""\"",\""collectionPagePreOrderLabelCSS\"":\"".appikon-pre-order-button-message {\\nmargin-top: 16px;\\n}\"",\""preOrderClosedMessage\"":\""Sold Out\""}}""}","","",""
"6968842715182","test","MERGE","TEST","","","REPLACE","","","","","discount-collection","","","","","","","","","","","",""
"7009133133870","90s-tank","MERGE","Soft Jersey '90s Tank Black","<h6>WHY WE LOVE IT</h6>
<p>Éterne’s '90s tank is crafted from a soft jersey modal blend, offering a slim fit and a double lined fabric —a versatile essential for everyday wear.</p>
<p>Pair with <a href=""https://eterne.com/products/high-rise-legging"">Éterne's Soft Jersey High Waisted Legging or </a><a href=""https://eterne.com/products/boy-short"">Soft Jersey High Waisted Boy Short. </a></p>","loop, tank, tank top, tank tops, top, tops:tanks","REPLACE","174","Shirts & Tops","Apparel & Accessories > Clothing > Shirts & Tops","new-releases, tank-styles, migration, chloes-packing-list","shop, discount-collection, shop-2, shop-3, tank-tops","","","","","","<p><br></p><p><br></p><p><strong>Size &amp; Fit Information</strong></p><ul><li>Fits true to size, take your normal size</li><li>Designed for light, everyday support</li><li>96% Modal 4% Spandex</li><li>Model is 179 cm/5&#39;10&quot; and is wearing a size S</li><li>Machine wash cold with like colors. Do not bleach. Tumble dry low. Cool iron. Do not dry clean.</li></ul>","","","","","",""
"7009133264942","90s-tank-1","MERGE","Soft Jersey '90s Tank Cream","<h6>WHY WE LOVE IT</h6>
<p>Éterne’s '90s tank is crafted from a soft jersey modal blend, offering a slim fit and a double lined fabric —a versatile essential for everyday wear.</p>
<p>Pair with <a href=""https://eterne.com/products/high-rise-legging-1"">Éterne's Soft Jersey High Waisted Legging or </a><a href=""https://eterne.com/products/boy-short-1"">Soft Jersey High Waisted Boy Short. </a></p>","loop, tank, tank top, tank tops, tops:tanks","REPLACE","174","Shirts & Tops","Apparel & Accessories > Clothing > Shirts & Tops","new-releases, tank-styles, migration, chloes-packing-list","shop, discount-collection, shop-2, shop-3, tank-tops","","","","","","<p><br></p><p><br></p><p><strong>Size &amp; Fit Information</strong></p><ul><li>Fits true to size, take your normal size</li><li>Designed for light, everyday support</li><li>96% Modal 4% Spandex</li><li>Model is 179 cm/5&#39;10&quot; and is wearing a size S</li><li>Machine wash cold with like colors. Do not bleach. Tumble dry low. Cool iron. Do not dry clean.</li></ul>","","","","","",""
"7013876793390","high-neck-fitted-tank-5","MERGE","High Neck Fitted Tank","<h6>WHY WE LOVE IT</h6>
<p><meta charset=""utf-8"">Éterne's high neck fitted tank is crafted from a butter soft ribbed cotton and modal blend, offering a slim fit and a full length --a versatile essential for everyday wear.</p>
<p>Style with your favorite high-rise jeans, leather pants, or pair with Éterne's <a href=""https://eterne.com/collections/bottoms/products/emma-skirt-8"">Emma Butter Rib skirt</a> as a set. </p>","loop, tank top, tank tops, tops:tanks","REPLACE","126","Apparel & Accessories","Apparel & Accessories","new-releases, tank-styles, migration","shop, discount-collection, shop-2, shop-3, tank-tops","","","","","","<p><br></p><p><br></p><p><strong>Size &amp; Fit Information</strong></p><ul><li>Fits true to size, take your normal size</li><li>Designed for a slim fit</li><li>48% Cotton, 48% Modal, 4% Spandex</li><li>Model is 177 cm/5&#39;10&quot; and is wearing a size S</li><li><span style=""font-size:11pt;font-family:Arial;color:#454545;background-color:transparent;font-weight:400;font-style:normal;font-variant:normal;text-decoration:none;vertical-align:baseline;white-space:pre;white-space:pre-wrap;"">Machine wash cold. Non-chlorine bleach. Tumble dry low. Cool iron. Do not dry clean.&nbsp;</span></li></ul>","","","","","",""
"7013876957230","halter-top","MERGE","Cropped Halter Top Black","<h6>WHY WE LOVE IT</h6>
<p><meta charset=""utf-8"">Éterne’s cropped halter top is crafted from a butter soft ribbed cotton and modal blend, offering a slim fit and cropped length—a versatile essential for everyday wear.</p>
<p>Style with your favorite high-rise jeans, leather pants, or pair with Éterne's <a href=""https://eterne.com/collections/bottoms/products/emma-skirt-5"">Emma Butter Rib skirt</a> as a set. </p>","loop, top, tops:s/s","REPLACE","","","","tops, new-releases, migration, chloes-packing-list","shop, discount-collection, shop-2, shop-3","","","","","","<p><br></p><p><br></p><p><strong>Size &amp; Fit Information</strong></p><ul><li>Fits true to size, take your normal size</li><li>Designed for a slim fit&nbsp;</li><li>48% Cotton 48% Modal 4% Spandex</li><li>Model is 177 cm/5&#39;10&quot; and is wearing a size S</li>Machine wash cold. Non-chlorine bleach. Tumble dry low. Cool iron. Do not dry clean.</ul>","","","","","",""
"7013877022766","halter-top-1","MERGE","Cropped Halter Top Cream","<h6>WHY WE LOVE IT</h6>
<p><meta charset=""utf-8"">Éterne’s cropped halter top is crafted from a butter soft ribbed cotton and modal blend, offering a slim fit and cropped length—a versatile essential for everyday wear.</p>
<p>Style with your favorite high-rise jeans, leather pants, or pair with Éterne's <a href=""https://eterne.com/collections/bottoms/products/emma-skirt-7"">Emma Butter Rib skirt</a> as a set. </p>","loop, top, tops:s/s","REPLACE","","","","tops, new-releases, migration, chloes-packing-list","shop, discount-collection, shop-2, shop-3","","","","","","<p><br></p><p><br></p><p><br></p><p><strong>Size &amp; Fit Information</strong></p><ul><li>Fits true to size, take your normal size</li><li>Designed for a slim fit&nbsp;</li><li>48% Cotton 48% Modal 4% Spandex</li><li>Model is 177 cm/5&#39;10&quot; and is wearing a size S</li>Machine wash cold. Non-chlorine bleach. Tumble dry low. Cool iron. Do not dry clean.</ul>","","","","","",""
"7013877153838","sleeveless-crewneck-sweatshirt","MERGE","SLEEVELESS CREWNECK TOP BLACK","<h6>WHY WE LOVE IT</h6>
<p><meta charset=""utf-8""><span>Éterne’s sleeveless crewneck top is crafted from a butter soft french terry cotton and modal blend, offering a slim fit and a cropped length—a versatile essential for everyday wear.</span></p>
<p>Style with your favorite pair of jeans or make it a set with Éterne's <a href=""https://eterne.com/products/terry-boyfriend-short"">Terry Raglan Boyfriend Short </a>, <a href=""https://eterne.com/products/classic-sweatpant-black"">Classic Sweatpant</a>, or <a href=""https://eterne.com/products/straight-leg-sweatpant-black"">Straight Leg Sweatpant</a>.</p>","french-terry:sweatshirts, loop, loungewear, top, tops:s/s, tops:sweatshirts","REPLACE","9483","Uncategorized","Uncategorized","tops, new-releases, terry, migration","shop, discount-collection, shop-2, shop-3, loungewear","","","","","","<p><br></p><p><br></p><p><strong>Size &amp; Fit Information</strong></p><ul><li>Fits true to size, take your normal size</li><li>Designed for a slim fit&nbsp;</li><li>French Terry</li><li>77% Cotton 23% Modal</li><li>Model is 177 cm/5&#39;10&quot; and is wearing a size S</li>Machine wash cold with like colors. Do not bleach. Tumble dry low. Cool iron, if needed or dry clean.</ul>","","","","","",""
"7013877186606","tube-maxi-dress","MERGE","TUBE MAXI DRESS BLACK","<h6>WHY WE LOVE IT</h6>
Éterne’s Tube maxi dress is crafted from a butter soft ribbed cotton and modal blend, offering a slim fit and a maxi length—a versatile essential for everyday wear.<br><br>Style with your favorite oversized blazer and a pair of knee high boots.","dresses, dresses:maxi, loop","REPLACE","","","","new-releases, dresses-2","shop, discount-collection, shop-2, shop-3, dresses, dresses-1","","","","","","<p><br></p><p><br></p><p><strong>Size &amp; Fit Information</strong></p><ul><li>Fits true to size, take your normal size</li><li>Designed for a slim fit&nbsp;</li><li>48% Cotton 48% Modal 4% Spandex</li><li>Model is 177 cm/5&#39;10&quot; and is wearing a size S</li><li>Machine wash cold. Non-chlorine bleach. Tumble dry low. Cool iron. Do not dry clean.&nbsp;</li></ul>","","","","","",""
"7013877219374","tube-maxi-dress-1","MERGE","TUBE MAXI DRESS CREAM","<h6>WHY WE LOVE IT</h6>
Éterne’s Tube maxi dress is crafted from a butter soft ribbed cotton and modal blend, offering a slim fit and a maxi length—a versatile essential for everyday wear.<br><br>Style with your favorite oversized blazer and a pair of knee high boots.","dresses, dresses:maxi, loop","REPLACE","","","","new-releases, dresses-2, chloes-packing-list","shop, discount-collection, shop-2, shop-3, dresses, dresses-1","","","","","","<p><br></p><p><br></p><p><strong>Size &amp; Fit Information</strong></p><ul><li>Fits true to size, take your normal size</li><li>Designed for a slim fit&nbsp;</li><li>48% Cotton 48% Modal 4% Spandex</li><li>Model is 177 cm/5&#39;10&quot; and is wearing a size S</li><li>Machine wash cold. Non-chlorine bleach. Tumble dry low. Cool iron. Do not dry clean.&nbsp;</li></ul>","","","","","",""
"7013877252142","tube-maxi-dress-2","MERGE","TUBE MAXI DRESS EARTH","<h6>WHY WE LOVE IT</h6>
Éterne’s Tube maxi dress is crafted from a butter soft ribbed cotton and modal blend, offering a slim fit and a maxi length—a versatile essential for everyday wear.<br><br>Style with your favorite oversized blazer and a pair of knee high boots.","dresses, dresses:maxi, loop","REPLACE","","","","new-releases, dresses-2","shop, discount-collection, shop-2, shop-3, dresses, dresses-1","","","","","","<p><br></p><p><br></p><p><strong>Size &amp; Fit Information</strong></p><ul><li>Fits true to size, take your normal size</li><li>Designed for a slim fit&nbsp;</li><li>48% Cotton 48% Modal 4% Spandex</li><li>Model is 177 cm/5&#39;10&quot; and is wearing a size S</li><li>Machine wash cold. Non-chlorine bleach. Tumble dry low. Cool iron. Do not dry clean.&nbsp;</li></ul>","","","","","",""
"7013877383214","drawstring-short","MERGE","DRAWSTRING SHORT BLACK","<h6>WHY WE LOVE IT</h6>
<p>Éterne’s drawstring short is crafted from a butter soft ribbed cotton and modal blend, offering a slim fit and a mini length—a versatile essential for everyday comfort.</p>
<p>Pair with Éterne's <a href=""https://eterne.com/products/square-neck-tank"">square neck tank </a>as a set.</p>","bottoms:shorts, loop, loungewear","REPLACE","9483","Uncategorized","Uncategorized","bottoms, new-releases, migration","shop, discount-collection, shop-2, shop-3, loungewear","","","","","","<p><br></p><p><br></p><p><strong>Size &amp; Fit Information</strong></p><ul><li>Fits true to size, take your normal size.</li><li>Designed for a slim fit&nbsp;</li><li style=""line-height: 24px; margin: 0px; list-style: disc;"">48% Cotton, 48% Modal, 4% Spandex</li><li>Model is 179 cm/5&#39;10.5&quot; and is wearing a size S</li><li style=""line-height: 24px; margin: 0px; list-style: disc;"">Machine wash cold. Non-chlorine bleach. Tumble dry low. Cool iron. Do not dry clean.</li></ul>","","","","","",""
"7013877448750","drawstring-short-1","MERGE","DRAWSTRING SHORT HEATHER GREY","<h6>WHY WE LOVE IT</h6>
<p>Éterne’s drawstring short is crafted from a butter soft ribbed cotton and modal blend, offering a slim fit and a mini length—a versatile essential for everyday comfort.</p>
<p>Pair with Éterne's <a href=""https://eterne.com/products/square-neck-tank-1"">square neck tank </a>as a set.</p>","bottoms:shorts, loop, loungewear","REPLACE","126","Apparel & Accessories","Apparel & Accessories","bottoms, new-releases, migration","shop, discount-collection, shop-2, shop-3, loungewear","","","","","","<p><br></p><p><br></p><p><strong>Size &amp; Fit Information</strong></p><ul><li>Fits true to size, take your normal size.</li><li>Designed for a slim fit&nbsp;</li><li style=""line-height: 24px; margin: 0px; list-style: disc;"">48% Cotton, 48% Modal, 4% Spandex</li><li>Model is 179 cm/5&#39;10.5&quot; and is wearing a size S</li><li style=""line-height: 24px; margin: 0px; list-style: disc;"">Machine wash cold. Non-chlorine bleach. Tumble dry low. Cool iron. Do not dry clean.</li></ul>","","","","","",""
"7013877514286","square-neck-tank","MERGE","SQUARE NECK TANK BLACK","<h6>WHY WE LOVE IT</h6>
<p>Éterne’s cropped square neck tank is crafted from a butter soft ribbed cotton and modal blend, offering a slim fit and a cropped length—a versatile essential for everyday wear.</p>
<p>Style with your favorite high-rise jeans, leather pants, or pair with Éterne's <a href=""https://eterne.com/products/drawstring-short"">drawstring shorts</a> as a set. </p>","loop, loungewear, tank, tank top, tank tops, tops:tanks","REPLACE","9483","Uncategorized","Uncategorized","new-releases, tank-styles, migration","shop, discount-collection, shop-2, shop-3, tank-tops, loungewear","","","","","","<p><br></p><p><br></p><p><strong>Size &amp; Fit Information</strong></p><ul><li>Fits true to size, take your normal size</li><li>Designed for a slim fit</li><li>48% Cotton 48% Modal 4% Spandex</li><li>Model is 177 cm/5&#39;10&quot; and is wearing a size S</li><li>Machine wash cold. Non-chlorine bleach. Tumble dry low. Cool iron. Do not dry clean.&nbsp;</li></ul>","","","","","",""
"7013877579822","square-neck-tank-1","MERGE","SQUARE NECK TANK HEATHER GREY","<h6>WHY WE LOVE IT</h6>
<p>Éterne’s cropped square neck tank is crafted from a butter soft ribbed cotton and modal blend, offering a slim fit and a cropped length—a versatile essential for everyday wear.</p>
<p>Style with your favorite high-rise jeans, leather pants, or pair with Éterne's <a href=""https://eterne.com/products/drawstring-short-1"">drawstring shorts</a> as a set. </p>","loop, loungewear, tank, tank top, tank tops, tops:tanks","REPLACE","9483","Uncategorized","Uncategorized","new-releases, tank-styles, migration","shop, discount-collection, shop-2, shop-3, tank-tops, loungewear","","","","","","<p><br></p><p><br></p><p><strong>Size &amp; Fit Information</strong></p><ul><li>Fits true to size, take your normal size</li><li>Designed for a slim fit</li><li>48% Cotton 48% Modal 4% Spandex</li><li>Model is 177 cm/5&#39;10&quot; and is wearing a size S</li><li>Machine wash cold. Non-chlorine bleach. Tumble dry low. Cool iron. Do not dry clean.&nbsp;</li></ul>","","","","","",""
"7013877645358","square-neck-maxi-dress-3","MERGE","Square Neck Maxi Dress Earth","<meta charset=""utf-8"">
<h6>WHY WE LOVE IT</h6>
<p>Éterne's square neck maxi dress is crafted from a butter soft ribbed cotton and modal blend, offering a slim fit and a maxi length—a versatile essential for everyday wear.<br></p>
<p>Style with your favorite oversized blazer or a pair of high knee boots.</p>","dresses, dresses:maxi, loop, new_in: 2024-06-07","REPLACE","126","Apparel & Accessories","Apparel & Accessories","new-releases, dresses-2, migration","shop, discount-collection, shop-2, shop-3, dresses, dresses-1","","","","","","<p><br></p><p><br></p><p><strong>Size &amp; Fit Information</strong></p><ul><li>Fits true to size, take your normal size</li><li>Designed for a slim fit&nbsp;</li><li>48% Cotton 48% Modal 4% Spandex</li><li>Model is 177 cm/5&#39;10&quot; and is wearing a size S</li><li>Machine wash cold. Non-chlorine bleach. Tumble dry low. Cool iron. Do not dry clean.&nbsp;</li></ul>","","166","","","",""
"7013877678126","square-neck-mini-dress","MERGE","Square Neck Mini Dress Earth","<meta charset=""utf-8"">
<h6>WHY WE LOVE IT</h6>
<p>Éterne's square neck mini dress is crafted from a butter soft ribbed cotton and modal blend, offering a slim fit and a mini length—a versatile essential for everyday wear.<br></p>
<p>Style with your favorite oversized blazer or a pair of high knee boots.</p>","dresses, dresses:mini, loop","REPLACE","160","Dresses","Apparel & Accessories > Clothing > Dresses","new-releases, dresses-2, migration","shop, discount-collection, shop-2, shop-3, dresses, dresses-1","","","","","","<p><br></p><p><br></p><p><strong>Size &amp; Fit Information</strong></p><ul><li>Fits true to size, take your normal size</li><li>Designed for a slim fit&nbsp;</li><li>48% Cotton 48% Modal 4% Spandex</li><li>Model is 177 cm/5&#39;10&quot; and is wearing a size S</li><li>Machine wash cold. Non-chlorine bleach. Tumble dry low. Cool iron. Do not dry clean.&nbsp;</li></ul>","","2271","","","",""
"7015717797934","lounge-socks","MERGE","LOUNGE SOCK BLACK","<h6>WHY WE LOVE IT</h6>
<p>Éterne’s lounge sock is crafted from a butter soft cotton blend, offering an ultra cozy fit and plush construction —a versatile essential for everyday comfort<br><br>Style with your favorite Éterne lounge set or French Terry set.</p>","accessories, loop, socks","REPLACE","215","Socks","Apparel & Accessories > Clothing > Underwear & Socks > Socks","accessories","shop, discount-collection, shop-2, shop-3","","","","","","<p><br></p><p><br></p><p><strong>Size &amp; Fit Information</strong></p><ul><li>One size fits all</li><li>85% Cotton 14% Polyester 1% Spandex&nbsp;</li><li>Machine wash cold. Non-chlorine bleach. Tumble dry low. Cool iron. Do not dry clean.</li></ul>","","","","","",""
"7015717830702","lounge-socks-1","MERGE","LOUNGE SOCK CREAM","<h6>WHY WE LOVE IT</h6>
<p>Éterne’s lounge sock is crafted from a butter soft cotton blend, offering an ultra cozy fit and plush construction —a versatile essential for everyday comfort<br><br>Style with your favorite Éterne lounge set or French Terry set.</p>","accessories, loop, socks","REPLACE","215","Socks","Apparel & Accessories > Clothing > Underwear & Socks > Socks","accessories","shop, discount-collection, shop-2, shop-3","","","","","","<p><br></p><p><br></p><p><strong>Size &amp; Fit Information</strong></p><ul><li>One size fits all</li><li>85% Cotton 14% Polyester 1% Spandex&nbsp;</li><li>Machine wash cold. Non-chlorine bleach. Tumble dry low. Cool iron. Do not dry clean.</li></ul>","","","","","",""
"7015717863470","lounge-socks-2","MERGE","LOUNGE SOCK HEATHER GREY","<h6>WHY WE LOVE IT</h6>
<p>Éterne’s lounge sock is crafted from a butter soft cotton blend, offering an ultra cozy fit and plush construction —a versatile essential for everyday comfort<br><br>Style with your favorite Éterne lounge set or French Terry set.</p>","accessories, loop, socks","REPLACE","215","Socks","Apparel & Accessories > Clothing > Underwear & Socks > Socks","accessories","shop, discount-collection, shop-2, shop-3","","","","","","<p><br></p><p><br></p><p><strong>Size &amp; Fit Information</strong></p><ul><li>One size fits all</li><li>85% Cotton 14% Polyester 1% Spandex&nbsp;</li><li>Machine wash cold. Non-chlorine bleach. Tumble dry low. Cool iron. Do not dry clean.</li></ul>","","","","","",""
"7015717896238","classis-rib-socks","MERGE","CLASSIC RIBBED SOCK BLACK","<h6>WHY WE LOVE IT</h6>
<p>Éterne’s classic ribbed sock is crafted from a butter soft cotton blend, offering an ultra cozy fit and a ribbed detail —a versatile essential for everyday wear.<br><br>Style with your favorite Éterne lounge set or French Terry set.</p>","accessories, loop, socks","REPLACE","215","Socks","Apparel & Accessories > Clothing > Underwear & Socks > Socks","accessories, migration","shop, discount-collection, shop-2, shop-3","","","","","","<p><br></p><p><br></p><p><strong>Size &amp; Fit Information</strong></p><ul><li>One size fits all</li><li>82% Cotton 17% Polyester 1% Spandex&nbsp;</li><li>Machine wash cold. Non-chlorine bleach. Tumble dry low. Cool iron. Do not dry clean.</li></ul>","","","","","",""
"7015717929006","classis-rib-socks-1","MERGE","CLASSIC RIBBED SOCK CREAM","<h6>WHY WE LOVE IT</h6>
<p>Éterne’s classic ribbed sock is crafted from a butter soft cotton blend, offering an ultra cozy fit and a ribbed detail —a versatile essential for everyday wear.<br><br>Style with your favorite Éterne lounge set or French Terry set.</p>","accessories, loop, socks","REPLACE","215","Socks","Apparel & Accessories > Clothing > Underwear & Socks > Socks","accessories, migration","shop, discount-collection, shop-2, shop-3","","","","","","<p><br></p><p><br></p><p><strong>Size &amp; Fit Information</strong></p><ul><li>One size fits all</li><li>82% Cotton 17% Polyester 1% Spandex&nbsp;</li><li>Machine wash cold. Non-chlorine bleach. Tumble dry low. Cool iron. Do not dry clean.</li></ul>","","","","","",""
"7015717994542","classis-rib-socks-2","MERGE","CLASSIC RIBBED SOCK HEATHER GREY","<h6>WHY WE LOVE IT</h6>
<p>Éterne’s classic ribbed sock is crafted from a butter soft cotton blend, offering an ultra cozy fit and a ribbed detail —a versatile essential for everyday wear.<br><br>Style with your favorite Éterne lounge set or French Terry set.</p>","accessories, loop, socks","REPLACE","215","Socks","Apparel & Accessories > Clothing > Underwear & Socks > Socks","accessories, migration","shop, discount-collection, shop-2, shop-3","","","","","","<p><br></p><p><br></p><p><strong>Size &amp; Fit Information</strong></p><ul><li>One size fits all</li><li>82% Cotton 17% Polyester 1% Spandex&nbsp;</li><li>Machine wash cold. Non-chlorine bleach. Tumble dry low. Cool iron. Do not dry clean.</li></ul>","","","","","",""
"7018260693038","sleeveless-crewneck-sweatshirt-1","MERGE","SLEEVELESS CREWNECK TOP CREAM","<h6>WHY WE LOVE IT</h6>
<p><meta charset=""utf-8""><span>Éterne’s sleeveless crewneck top is crafted from a butter soft french terry cotton and modal blend, offering a slim fit and a cropped length—a versatile essential for everyday wear.</span></p>
<p>Style with your favorite pair of jeans or make it a set with Éterne's <a href=""https://eterne.com/products/terry-boyfriend-short-1"">Terry Raglan Boyfriend Short </a>, <a href=""https://eterne.com/products/classic-sweatpant-cream"">Classic Sweatpant</a>, or <a href=""https://eterne.com/products/straight-leg-sweatpant-cream"">Straight Leg Sweatpant</a>.</p>","french-terry:sweatshirts, loop, loungewear, tops:s/s, tops:sweatshirts","REPLACE","9483","Uncategorized","Uncategorized","tops, new-releases, terry, migration","shop, discount-collection, shop-2, shop-3, loungewear","","","","","","<p><br></p><p><br></p><p><strong>Size &amp; Fit Information</strong></p><ul><li>Fits true to size, take your normal size</li><li>Designed for a slim fit&nbsp;</li><li>French Terry</li><li>77% Cotton 23% Modal</li><li>Model is 177 cm/5&#39;10&quot; and is wearing a size S</li>Machine wash cold with like colors. Do not bleach. Tumble dry low. Cool iron, if needed or dry clean.</ul>","","","","","",""
"7018260758574","sleeveless-crewneck-sweatshirt-2","MERGE","SLEEVELESS CREWNECK TOP HEATHER GREY","<h6>WHY WE LOVE IT</h6>
<p><meta charset=""utf-8""><span>Éterne’s sleeveless crewneck top is crafted from a butter soft french terry cotton and modal blend, offering a slim fit and a cropped length—a versatile essential for everyday wear.</span></p>
<p>Style with your favorite pair of jeans or make it a set with Éterne's <a href=""https://eterne.com/products/terry-boyfriend-short"">Terry Raglan Boyfriend Short </a>, <a href=""https://eterne.com/products/classic-sweatpant-black"">Classic Sweatpant</a>, or <a href=""https://eterne.com/products/straight-leg-sweatpant-black"">Straight Leg Sweatpant</a>.</p>","french-terry:sweatshirts, loop, tops:s/s, tops:sweatshirts","REPLACE","174","Shirts & Tops","Apparel & Accessories > Clothing > Shirts & Tops","tops, new-releases, terry, migration","shop, discount-collection, shop-2, shop-3","","","","","","<p><br></p><p><br></p><p><strong>Size &amp; Fit Information</strong></p><ul><li>Fits true to size, take your normal size</li><li>Designed for a slim fit&nbsp;</li><li>French Terry</li><li>77% Cotton 23% Modal</li><li>Model is 177 cm/5&#39;10&quot; and is wearing a size S</li>Machine wash cold with like colors. Do not bleach. Tumble dry low. Cool iron, if needed or dry clean.</ul>","","","","","",""
"7018260791342","square-neck-tank-2","MERGE","SQUARE NECK TANK CREAM","<h6>WHY WE LOVE IT</h6>
<p>Éterne’s cropped square neck tank is crafted from a butter soft ribbed cotton and modal blend, offering a slim fit and a cropped length—a versatile essential for everyday wear.</p>
<p>Style with your favorite high-rise jeans, leather pants, or pair with Éterne's <a href=""https://eterne.com/products/drawstring-short-2"">drawstring shorts</a> as a set. </p>","loop, loungewear, tank, tank top, tank tops, tops:tanks","REPLACE","126","Apparel & Accessories","Apparel & Accessories","new-releases, tank-styles, migration","shop, discount-collection, shop-2, shop-3, tank-tops, loungewear","","","","","","<p><br></p><p><br></p><p><strong>Size &amp; Fit Information</strong></p><ul><li>Fits true to size, take your normal size</li><li>Designed for a slim fit</li><li>48% Cotton 48% Modal 4% Spandex</li><li>Model is 177 cm/5&#39;10&quot; and is wearing a size S</li><li>Machine wash cold. Non-chlorine bleach. Tumble dry low. Cool iron. Do not dry clean.&nbsp;</li></ul>","","","","","",""
"7018260856878","sawyer","MERGE","SAWYER CASHMERE TOP BLACK","<h6>WHY WE LOVE IT</h6>
<p>Éterne’s Sawyer top is crafted from 100% ultra soft luxe cashmere,
offering a slim fit and a cropped length —a versatile essential for everyday wear.</p>
<p>Style with Éterne's <a href=""https://eterne.com/collections/cashmere/products/emma-skirt-2"">Emma Cashmere Skirt.</a></p>","cashmere:top, loop, top, tops:s/s","REPLACE","","","","tops, new-releases, cashmere","shop, discount-collection, shop-2, shop-3","","","","","","<p><br></p><p><br></p><p><strong>Size &amp; Fit Information</strong></p><ul><li>Fits true to size, take your normal size</li><li>Designed for a slim fit&nbsp;</li><li>100% Cashmere</li><li>Model is 177 cm/5&#39;10&quot; and is wearing a size S</li><li>&nbsp;Dry clean only</li></ul>","","","","","",""
"7018260922414","sawyer-1","MERGE","SAWYER CASHMERE TOP OATMEAL","<h6>WHY WE LOVE IT</h6>
<p>Éterne’s Sawyer top is crafted from 100% ultra soft luxe cashmere,
offering a slim fit and a cropped length —a versatile essential for everyday wear.</p>
<p>Style with Éterne's <a href=""https://eterne.com/collections/cashmere/products/emma-skirt-6"">Emma Cashmere Skirt.</a></p>","cashmere:top, loop, top, tops:s/s","REPLACE","126","Apparel & Accessories","Apparel & Accessories","tops, new-releases, cashmere","shop, discount-collection, shop-2, shop-3","","","","","","<p><br></p><p><br></p><p><strong>Size &amp; Fit Information</strong></p><ul><li>Fits true to size, take your normal size</li><li>Designed for a slim fit&nbsp;</li><li>100% Cashmere</li><li>Model is 177 cm/5&#39;10&quot; and is wearing a size S</li><li>&nbsp;Dry clean only</li></ul>","","","","","",""
"7018260955182","stevie","MERGE","STEVIE CASHMERE SWEATER BLACK","<h6>WHY WE LOVE IT</h6>
<p>Éterne’s Stevie sweater is crafted from 100% ultra soft luxe cashmere, offering a slim fit and a cropped length —a versatile essential for everyday wear.</p>
<p>Style with Éterne's <a href=""https://eterne.com/collections/cashmere/products/emma-skirt-2"">Emma Cashmere Skirt.</a></p>","cashmere:sweaters, loop","REPLACE","9525","Clothing Tops","Apparel & Accessories > Clothing > Clothing Tops","tops, new-releases, cashmere, migration","shop, discount-collection, shop-2, shop-3","","","","","","<p><br></p><p><br></p><p><strong>Size &amp; Fit Information</strong></p><ul><li>Fits true to size, take your normal size</li><li>Designed for a slim fit&nbsp;</li><li>100% Cashmere</li><li>Model is 177 cm/5&#39;10&quot; and is wearing a size S</li><li>&nbsp;Dry clean only</li></ul>","","","","","",""
"7018261020718","stevie-1","MERGE","STEVIE CASHMERE SWEATER OATMEAL","<h6>WHY WE LOVE IT</h6>
<p>Éterne’s Stevie sweater is crafted from 100% ultra soft luxe cashmere, offering a slim fit and a cropped length —a versatile essential for everyday wear.</p>
<p>Style with Éterne's <a href=""https://eterne.com/collections/cashmere/products/emma-skirt-6"">Emma Cashmere Skirt.</a></p>","cashmere:sweaters, loop","REPLACE","9525","Clothing Tops","Apparel & Accessories > Clothing > Clothing Tops","tops, new-releases, cashmere, migration","shop, discount-collection, shop-2, shop-3","","","","","","<p><br></p><p><br></p><p><strong>Size &amp; Fit Information</strong></p><ul><li>Fits true to size, take your normal size</li><li>Designed for a slim fit&nbsp;</li><li>100% Cashmere</li><li>Model is 177 cm/5&#39;10&quot; and is wearing a size S</li><li>&nbsp;Dry clean only</li></ul>","","","","","",""
"7024942645294","drawstring-short-2","MERGE","DRAWSTRING SHORT CREAM","<h6>WHY WE LOVE IT</h6>
<p>Éterne’s drawstring short is crafted from a butter soft ribbed cotton and modal blend, offering a slim fit and a mini length—a versatile essential for everyday comfort.</p>
<p>Pair with Éterne's <a href=""https://eterne.com/products/square-neck-tank-2"">square neck tank </a>as a set.</p>","bottoms:shorts, loop, loungewear","REPLACE","126","Apparel & Accessories","Apparel & Accessories","bottoms, new-releases, migration","shop, discount-collection, shop-2, shop-3, loungewear","","","","","","<p><br></p><p><br></p><p><strong>Size &amp; Fit Information</strong></p><ul><li>Fits true to size, take your normal size.</li><li>Designed for a slim fit&nbsp;</li><li style=""line-height: 24px; margin: 0px; list-style: disc;"">48% Cotton, 48% Modal, 4% Spandex</li><li>Model is 179 cm/5&#39;10.5&quot; and is wearing a size S</li><li style=""line-height: 24px; margin: 0px; list-style: disc;"">Machine wash cold. Non-chlorine bleach. Tumble dry low. Cool iron. Do not dry clean.</li></ul>","","","","","",""
"7024942907438","cropped-muscle-tank","MERGE","CROPPED MUSCLE TANK HEATHER GREY","<h6>WHY WE LOVE IT</h6>
<p><meta charset=""utf-8"">Éterne’s cropped muscle tank is crafted from a soft cotton and modal blend, offering a relaxed fit and a cropped length —a versatile essential for everyday wear.</p>
<p>Style with your favorite high-rise jeans, leather pants, or pair with Éterne's <a href=""https://eterne.com/collections/bottoms/products/lounge-pant-heather-grey"">lounge pant</a> as a set. </p>","loop, tank, tank top, tank tops, tops:tanks","REPLACE","9533","Tank Tops","Apparel & Accessories > Clothing > Clothing Tops > Tank Tops","new-releases, tank-styles, migration","shop, discount-collection, shop-2, shop-3, tank-tops","","","","","","<p><br></p><p><br></p><ul><li>Fits true to size, take your normal size</li><li>Designed for a slim fit</li><li>48% Cotton, 48% Modal, 4% Spandex</li><li>Model is 177 cm/5&#39;10&quot; and is wearing a size S</li><li><span style=""font-size:11pt;font-family:Arial;color:#454545;background-color:transparent;font-weight:400;font-style:normal;font-variant:normal;text-decoration:none;vertical-align:baseline;white-space:pre;white-space:pre-wrap;"">Machine wash cold. Non-chlorine bleach. Tumble dry low. Cool iron. Do not dry clean.</span></li></ul>","","212","","","",""
"7024943005742","cropped-muscle-tank-1","MERGE","CROPPED MUSCLE TANK IVORY","<h6>WHY WE LOVE IT</h6>
<p><meta charset=""utf-8"">Éterne’s cropped muscle tank is crafted from a soft cotton and modal blend, offering a relaxed fit and a cropped length —a versatile essential for everyday wear.</p>
<p>Style with your favorite high-rise jeans, leather pants, or pair with Éterne's <a href=""https://eterne.com/collections/bottoms/products/lounge-pant-ivory"">lounge pant</a> as a set. </p>","loop, tank, tank top, tank tops, tops:tanks","REPLACE","9533","Tank Tops","Apparel & Accessories > Clothing > Clothing Tops > Tank Tops","new-releases, tank-styles, migration","shop, discount-collection, shop-2, shop-3, tank-tops","","","","","","<p><br></p><p><br></p><ul><li>Fits true to size, take your normal size</li><li>Designed for a slim fit</li><li>48% Cotton, 48% Modal, 4% Spandex</li><li>Model is 177 cm/5&#39;10&quot; and is wearing a size S</li><li><span style=""font-size:11pt;font-family:Arial;color:#454545;background-color:transparent;font-weight:400;font-style:normal;font-variant:normal;text-decoration:none;vertical-align:baseline;white-space:pre;white-space:pre-wrap;"">Machine wash cold. Non-chlorine bleach. Tumble dry low. Cool iron. Do not dry clean.</span></li></ul>","","212","","","",""
"7024943071278","cropped-muscle-tank-2","MERGE","CROPPED MUSCLE TANK BLACK","<h6>WHY WE LOVE IT</h6>
<p><meta charset=""utf-8"">Éterne’s cropped muscle tank is crafted from a soft cotton and modal blend, offering a relaxed fit and a cropped length —a versatile essential for everyday wear.</p>
<p>Style with your favorite high-rise jeans, leather pants, or pair with Éterne's <a href=""https://eterne.com/collections/bottoms/products/lounge-pant-black"">lounge pant</a> as a set. </p>","loop, tank, tank top, tank tops, tops:tanks","REPLACE","9533","Tank Tops","Apparel & Accessories > Clothing > Clothing Tops > Tank Tops","new-releases, tank-styles, migration","shop, discount-collection, shop-2, shop-3, tank-tops","","","","","","<p><br></p><p><br></p><ul><li>Fits true to size, take your normal size</li><li>Designed for a slim fit</li><li>48% Cotton, 48% Modal, 4% Spandex</li><li>Model is 177 cm/5&#39;10&quot; and is wearing a size S</li><li><span style=""font-size:11pt;font-family:Arial;color:#454545;background-color:transparent;font-weight:400;font-style:normal;font-variant:normal;text-decoration:none;vertical-align:baseline;white-space:pre;white-space:pre-wrap;"">Machine wash cold. Non-chlorine bleach. Tumble dry low. Cool iron. Do not dry clean.</span></li></ul>","","212","","","",""
"7024943104046","ls-baby-tee","MERGE","LS Baby Tee","","","REPLACE","","","","","shop, discount-collection, shop-2, shop-3","","","","","","","","","","","",""
"7040302186542","tank-jumpsuit","MERGE","TANK JUMPSUIT BLACK","<h6>WHY WE LOVE IT</h6>
<p>Éterne’s tank jumpsuit is crafted from a butter soft ribbed cotton and modal blend, offering a slim fit and a full length—a versatile essential for everyday wear.</p>","bodysuit, loop, loungewear, new_in: 2024-06-25","REPLACE","127","Clothing","Apparel & Accessories > Clothing","bodysuits, new-releases, migration","shop, discount-collection, shop-2, shop-3, loungewear","","","","","","<p><br></p><p><br></p><p><strong>Size &amp; Fit Information</strong></p><ul><li>Fits true to size, take your normal size</li><li>Designed for a slim fit</li><li>48% cotton, 48% modal, 4% spandex</li><li>Model is 177 cm/5&#39;10&quot; and is wearing a size S</li><li>Machine wash cold. Non-chlorine bleach if needed. Tumble dry low. Cool iron. &nbsp;Do not dry clean.</li></ul>","","1604","","","",""
"7040302284846","tank-jumpsuit-1","MERGE","TANK JUMPSUIT EARTH","<h6>WHY WE LOVE IT</h6>
<p>Éterne’s tank jumpsuit is crafted from a butter soft ribbed cotton and modal blend, offering a slim fit and a full length—a versatile essential for everyday wear</p>","loop, loungewear, new_in: 2024-06-25","REPLACE","127","Clothing","Apparel & Accessories > Clothing","bodysuits, new-releases","shop, discount-collection, shop-2, shop-3, loungewear","","","","","","<p><br></p><p><br></p><p><strong>Size &amp; Fit Information</strong></p><ul><li>Fits true to size, take your normal size</li><li>Designed for a slim fit</li><li>48% cotton, 48% modal, 4% spandex</li><li>Model is 177 cm/5&#39;10&quot; and is wearing a size S</li><li>Machine wash cold. Non-chlorine bleach if needed. Tumble dry low. Cool iron. &nbsp;Do not dry clean.</li></ul>","","1604","","","",""
"7059145588782","tank-romper-1","MERGE","TANK ROMPER BLACK","<h6>WHY WE LOVE IT</h6>
<p>Éterne’s tank romper is crafted from a butter soft ribbed cotton and modal blend, offering a slim fit and a mini length—a versatile essential for everyday comfort. </p>","loop, loungewear, new_in: 2024-06-11","REPLACE","127","Clothing","Apparel & Accessories > Clothing","bodysuits, new-releases","shop, discount-collection, shop-2, shop-3, loungewear","","","","","","<p><br></p><p><br></p><p><strong>Size &amp; Fit Information</strong></p><ul><li>Fits true to size, take your normal size</li><li>Designed for a slim fit</li><li>48% cotton, 48% modal, 4% spandex</li><li>Model is 177 cm/5&#39;10&quot; and is wearing a size S</li><li>Machine wash cold. Non-chlorine bleach if needed. Tumble dry low. Cool iron. &nbsp;Do not dry clean.</li></ul>","","1604","","","",""
